tool_name,input_size,actual_memory_bytes,predicted_memory_bytes,total_allocated_bytes,method_name,wastage_mb,failed,exec_time_s,retry_penalty_time_s,num_retries
fastqc,5113,666,775.3128963775632,775.3128963775632,Sizey,109.31289637756322,FALSE,441,0,0
fastqc,5128,625,662.7967563846967,662.7967563846967,Sizey,37.796756384696664,FALSE,432,0,0
fastqc,5113,796,801.7633226712177,801.7633226712177,Sizey,5.763322671217679,FALSE,445,0,0
fastqc,5128,645,856.3583951442827,856.3583951442827,Sizey,211.35839514428267,FALSE,439,0,0
fastqc,5113,669,863.6039229067161,863.6039229067161,Sizey,194.6039229067161,FALSE,387,0,0
fastqc,5128,638,810.0799638625404,810.0799638625404,Sizey,172.07996386254035,FALSE,429,0,0
fastqc,5113,580,886.7845686,886.7845686,Sizey,306.78456863455096,FALSE,449,0,0
fastqc,5128,674,827.7886546074587,827.7886546074587,Sizey,153.78865460745874,FALSE,460,0,0
fastqc,5113,626,634.3632300505357,634.3632300505357,Sizey,8.363230050535662,FALSE,441,0,0
fastqc,5128,781,876.8906993,876.8906993,Sizey,95.89069934362203,FALSE,437,0,0
fastqc,5113,706,785.9078553617247,785.9078553617247,Sizey,79.90785536172473,FALSE,434,0,0
fastqc,5128,826,1145.8518078355019,1145.8518078355019,Sizey,319.85180783550186,FALSE,419,0,0
fastqc,5113,674,712.9426397294973,712.9426397294973,Sizey,38.94263972949727,FALSE,447,0,0
fastqc,5128,630,804.6076380978858,804.6076380978858,Sizey,174.6076380978858,FALSE,474,0,0
fastqc,5113,671,941.1745840541199,941.1745840541199,Sizey,270.1745840541199,FALSE,452,0,0
fastqc,5128,730,811.2952016303535,811.2952016303535,Sizey,81.29520163035352,FALSE,476,0,0
fastqc,5113,555,690.7336269886673,690.7336269886673,Sizey,135.7336269886673,FALSE,468,0,0
fastqc,5128,724,818.7819397881959,818.7819397881959,Sizey,94.78193978819593,FALSE,445,0,0
fastqc,5113,748,963.7077474048009,963.7077474048009,Sizey,215.7077474048009,FALSE,462,0,0
fastqc,5128,804,999.8117511882381,999.8117511882381,Sizey,195.81175118823808,FALSE,480,0,0
fastqc,5113,785,822.2042955,822.2042955,Sizey,37.20429554765303,FALSE,457,0,0
fastqc,5128,723,655.3434102243958,1070.5619783424208,Sizey,347.56197834242084,FALSE,446,443,1
fastqc,5113,737,776.6545312322321,776.6545312322321,Sizey,39.65453123,FALSE,490,0,0
fastqc,5128,637,729.2864193,729.2864193,Sizey,92.28641933068798,FALSE,458,0,0
fastqc,5113,707,958.5899214833639,958.5899214833639,Sizey,251.58992148336392,FALSE,480,0,0
fastqc,5128,675,779.7605208070389,779.7605208070389,Sizey,104.76052080703892,FALSE,474,0,0
fastqc,5113,638,776.4850442834035,776.4850442834035,Sizey,138.48504428340345,FALSE,441,0,0
fastqc,5128,688,748.6483093164268,748.6483093164268,Sizey,60.648309316426776,FALSE,456,0,0
fastqc,5113,669,823.0843403447726,823.0843403447726,Sizey,154.0843403447726,FALSE,489,0,0
fastqc,5128,701,883.4593685698629,883.4593685698629,Sizey,182.45936856986293,FALSE,481,0,0
fastqc,5113,738,994.2780772,994.2780772,Sizey,256.27807716243603,FALSE,449,0,0
fastqc,5128,689,783.7108624951037,783.7108624951037,Sizey,94.7108625,FALSE,449,0,0
fastqc,5113,706,699.2786254859772,1070.5619783424208,Sizey,364.56197834242084,FALSE,486,483,1
fastqc,5128,725,1224.3449920804305,1224.3449920804305,Sizey,499.34499208043053,FALSE,494,0,0
fastqc,5113,571,678.8261961108552,678.8261961108552,Sizey,107.82619611085522,FALSE,474,0,0
fastqc,5128,759,900.1014069,900.1014069,Sizey,141.10140690171795,FALSE,488,0,0
fastqc,5113,723,849.2959398000168,849.2959398000168,Sizey,126.29593980001675,FALSE,465,0,0
fastqc,5128,706,950.9707326716126,950.9707326716126,Sizey,244.9707326716126,FALSE,461,0,0
fastqc,5113,742,713.9070314128606,1070.5619783424208,Sizey,328.56197834242084,FALSE,465,462,1
fastqc,5128,645,702.9565199270859,702.9565199270859,Sizey,57.95651992708588,FALSE,463,0,0
fastqc,5113,722,751.3132141,751.3132141,Sizey,29.313214120535008,FALSE,463,0,0
fastqc,5128,750,845.1438754346964,845.1438754346964,Sizey,95.14387543469638,FALSE,435,0,0
fastqc,5113,739,721.6511842571235,1070.5619783424208,Sizey,331.56197834242084,FALSE,452,449,1
fastqc,5128,710,857.9859129474203,857.9859129474203,Sizey,147.98591294742027,FALSE,456,0,0
fastqc,5113,642,765.0295718608844,765.0295718608844,Sizey,123.0295718608844,FALSE,461,0,0
fastqc,5128,687,687.7175316202196,687.7175316202196,Sizey,0.7175316202195745,FALSE,449,0,0
fastqc,5113,717,834.4086935831955,834.4086935831955,Sizey,117.40869358319549,FALSE,402,0,0
fastqc,5128,656,759.5478890873952,759.5478890873952,Sizey,103.54788908739522,FALSE,424,0,0
fastqc,5113,649,695.7675794591048,695.7675794591048,Sizey,46.76757945910481,FALSE,431,0,0
fastqc,5128,782,557.8210906962246,1070.5619783424208,Sizey,288.56197834242084,FALSE,456,453,1
fastqc,5113,735,970.3611833793972,970.3611833793972,Sizey,235.36118337939718,FALSE,451,0,0
fastqc,5128,658,947.1543124395033,947.1543124395033,Sizey,289.1543124395033,FALSE,467,0,0
fastqc,5113,651,719.7617239445851,719.7617239445851,Sizey,68.76172394458513,FALSE,447,0,0
fastqc,5128,674,991.6118343425426,991.6118343425426,Sizey,317.6118343425426,FALSE,490,0,0
fastqc,5113,638,600.5304862164802,1070.5619783424208,Sizey,432.56197834242084,FALSE,456,453,1
fastqc,5128,685,836.8881173436058,836.8881173436058,Sizey,151.8881173436058,FALSE,469,0,0
fastqc,5113,706,1020.1595358278868,1020.1595358278868,Sizey,314.15953582788677,FALSE,466,0,0
fastqc,5128,712,784.9834666908304,784.9834666908304,Sizey,72.98346669083037,FALSE,457,0,0
fastqc,5113,711,1121.4758453834722,1121.4758453834722,Sizey,410.47584538347223,FALSE,455,0,0
fastqc,5128,656,851.9541718388328,851.9541718388328,Sizey,195.95417183883285,FALSE,473,0,0
fastqc,7669,678,813.5951066643033,813.5951066643033,Sizey,135.59510666430333,FALSE,632,0,0
fastqc,7692,721,855.0370413387861,855.0370413387861,Sizey,134.03704133878614,FALSE,573,0,0
fastqc,7669,654,681.2464210483618,681.2464210483618,Sizey,27.246421048361753,FALSE,694,0,0
fastqc,7692,679,876.5128007,876.5128007,Sizey,197.51280067811695,FALSE,646,0,0
fastqc,7669,637,821.5424432485859,821.5424432485859,Sizey,184.54244324858587,FALSE,701,0,0
fastqc,7692,666,697.4248951745783,697.4248951745783,Sizey,31.424895174578296,FALSE,662,0,0
fastqc,7669,542,512.4526399136888,1070.5619783424208,Sizey,528.5619783424208,FALSE,671,667,1
fastqc,7692,683,914.8700926789204,914.8700926789204,Sizey,231.8700926789204,FALSE,639,0,0
fastqc,7669,631,898.2218124716929,898.2218124716929,Sizey,267.22181247169294,FALSE,641,0,0
fastqc,7692,617,612.0185167,1070.5619783424208,Sizey,453.56197834242084,FALSE,664,660,1
fastqc,7669,719,810.9693572699799,810.9693572699799,Sizey,91.96935726997992,FALSE,632,0,0
fastqc,7692,709,877.5197123552146,877.5197123552146,Sizey,168.51971235521455,FALSE,655,0,0
fastqc,7669,789,834.5871554103462,834.5871554103462,Sizey,45.58715541034621,FALSE,618,0,0
fastqc,7692,765,993.5136302693707,993.5136302693707,Sizey,228.51363026937065,FALSE,622,0,0
fastqc,7669,672,600.0583967,1070.5619783424208,Sizey,398.56197834242084,FALSE,643,639,1
fastqc,7692,678,862.5175156155431,862.5175156155431,Sizey,184.51751561554306,FALSE,653,0,0
fastqc,7669,718,835.5724435045109,835.5724435045109,Sizey,117.57244350451094,FALSE,620,0,0
fastqc,7692,650,751.0332419050884,751.0332419050884,Sizey,101.0332419050884,FALSE,615,0,0
fastqc,7669,707,794.1748668,794.1748668,Sizey,87.17486680527202,FALSE,586,0,0
fastqc,7692,696,816.4191697705314,816.4191697705314,Sizey,120.41916977053143,FALSE,651,0,0
fastqc,7669,664,812.3909166126718,812.3909166126718,Sizey,148.39091661267184,FALSE,609,0,0
fastqc,7692,759,1096.7437502738896,1096.7437502738896,Sizey,337.74375027388965,FALSE,640,0,0
fastqc,7669,619,705.5570865,705.5570865,Sizey,86.55708651,FALSE,686,0,0
fastqc,7692,740,741.8004800360179,741.8004800360179,Sizey,1.800480036017916,FALSE,724,0,0
fastqc,7669,708,900.6700414148855,900.6700414148855,Sizey,192.67004141488553,FALSE,674,0,0
fastqc,7692,711,1136.0019100250774,1136.0019100250774,Sizey,425.00191002507745,FALSE,652,0,0
fastqc,7669,752,992.3001695104664,992.3001695104664,Sizey,240.3001695104664,FALSE,619,0,0
fastqc,7692,707,744.7842685507854,744.7842685507854,Sizey,37.78426855078544,FALSE,616,0,0
fastqc,7669,668,916.2634492585647,916.2634492585647,Sizey,248.26344925856472,FALSE,664,0,0
fastqc,7692,668,959.2552789584792,959.2552789584792,Sizey,291.25527895847915,FALSE,705,0,0
fastqc,7669,642,1002.7064560414979,1002.7064560414979,Sizey,360.70645604149786,FALSE,685,0,0
fastqc,7692,657,666.1186930531406,666.1186930531406,Sizey,9.118693053140646,FALSE,634,0,0
fastqc,7669,641,780.1362278772126,780.1362278772126,Sizey,139.1362278772126,FALSE,692,0,0
fastqc,7692,678,749.6135926796139,749.6135926796139,Sizey,71.61359267961393,FALSE,690,0,0
fastqc,7669,771,858.2648108836967,858.2648108836967,Sizey,87.26481088369667,FALSE,628,0,0
fastqc,7692,783,905.3869166597628,905.3869166597628,Sizey,122.38691665976285,FALSE,663,0,0
fastqc,7669,660,719.3043459719017,719.3043459719017,Sizey,59.30434597190174,FALSE,668,0,0
fastqc,7692,606,610.3876551994447,610.3876551994447,Sizey,4.387655199,FALSE,692,0,0
fastqc,7669,652,691.5425893,691.5425893,Sizey,39.54258927874605,FALSE,550,0,0
fastqc,7692,715,810.2274683710602,810.2274683710602,Sizey,95.22746837106024,FALSE,556,0,0
fastqc,7669,700,778.0513736605399,778.0513736605399,Sizey,78.05137366053987,FALSE,631,0,0
fastqc,7692,763,909.2173883642597,909.2173883642597,Sizey,146.2173883642597,FALSE,641,0,0
fastqc,7669,762,1029.9931294360842,1029.9931294360842,Sizey,267.99312943608425,FALSE,634,0,0
fastqc,7692,742,843.773724,843.773724,Sizey,101.77372400579497,FALSE,632,0,0
fastqc,7669,630,606.1474795014855,1070.5619783424208,Sizey,440.56197834242084,FALSE,651,647,1
fastqc,7692,590,740.1826294370428,740.1826294370428,Sizey,150.1826294370428,FALSE,648,0,0
fastqc,7669,655,869.9362093250036,869.9362093250036,Sizey,214.93620932500357,FALSE,693,0,0
fastqc,7692,676,841.0828385453044,841.0828385453044,Sizey,165.0828385453044,FALSE,677,0,0
fastqc,7669,646,698.8395276691155,698.8395276691155,Sizey,52.839527669115455,FALSE,648,0,0
fastqc,7692,648,1207.5130192863373,1207.5130192863373,Sizey,559.5130192863373,FALSE,682,0,0
fastqc,7669,700,683.5667509878031,1070.5619783424208,Sizey,370.56197834242084,FALSE,668,664,1
fastqc,7692,707,872.6434917093405,872.6434917093405,Sizey,165.64349170934054,FALSE,722,0,0
fastqc,7669,695,1026.146107015953,1026.146107015953,Sizey,331.146107,FALSE,632,0,0
fastqc,7692,658,725.4482037676495,725.4482037676495,Sizey,67.44820376764949,FALSE,617,0,0
fastqc,7669,645,693.3256986263217,693.3256986263217,Sizey,48.325698626321696,FALSE,675,0,0
fastqc,7692,692,959.9630157653356,959.9630157653356,Sizey,267.9630157653356,FALSE,673,0,0
fastqc,7669,671,614.5696101735144,1070.5619783424208,Sizey,399.56197834242084,FALSE,683,679,1
fastqc,7692,669,783.5618706162012,783.5618706162012,Sizey,114.56187061620119,FALSE,661,0,0
fastqc,7669,654,777.4997062285453,777.4997062285453,Sizey,123.49970622854528,FALSE,678,0,0
fastqc,7692,769,943.4606863582592,943.4606863582592,Sizey,174.46068635825918,FALSE,631,0,0
fastqc,9078,622,833.1613436,833.1613436,Sizey,211.1613436,FALSE,747,0,0
fastqc,9105,695,795.6892644188825,795.6892644188825,Sizey,100.68926441888254,FALSE,728,0,0
fastqc,9078,636,666.0093593559036,666.0093593559036,Sizey,30.009359355903598,FALSE,817,0,0
fastqc,9105,649,770.8523430479847,770.8523430479847,Sizey,121.85234304798473,FALSE,803,0,0
fastqc,9078,642,751.7742585438115,751.7742585438115,Sizey,109.77425854381147,FALSE,814,0,0
fastqc,9105,676,676.7060427587605,676.7060427587605,Sizey,0.7060427587605318,FALSE,791,0,0
fastqc,9078,673,798.1136322066617,798.1136322066617,Sizey,125.11363220666169,FALSE,825,0,0
fastqc,9105,681,749.0027200621272,749.0027200621272,Sizey,68.00272006,FALSE,763,0,0
fastqc,9078,719,836.0635053679996,836.0635053679996,Sizey,117.0635053679996,FALSE,827,0,0
fastqc,9105,786,903.9783615690346,903.9783615690346,Sizey,117.97836156903463,FALSE,792,0,0
fastqc,9078,653,591.8938407697517,1070.5619783424208,Sizey,417.56197834242084,FALSE,814,809,1
fastqc,9105,617,699.1753118670547,699.1753118670547,Sizey,82.17531186705469,FALSE,789,0,0
fastqc,9078,546,606.8043562879081,606.8043562879081,Sizey,60.80435628790815,FALSE,824,0,0
fastqc,9105,696,896.7120216493868,896.7120216493868,Sizey,200.71202164938677,FALSE,799,0,0
fastqc,9078,642,1012.6406367597596,1012.6406367597596,Sizey,370.64063675975956,FALSE,817,0,0
fastqc,9105,670,761.8981066,761.8981066,Sizey,91.89810658205204,FALSE,784,0,0
fastqc,9078,659,689.5203969590859,689.5203969590859,Sizey,30.52039695908593,FALSE,814,0,0
fastqc,9105,698,659.9482336895844,1070.5619783424208,Sizey,372.56197834242084,FALSE,772,767,1
fastqc,9078,693,1022.5501104185871,1022.5501104185871,Sizey,329.5501104185871,FALSE,810,0,0
fastqc,9105,642,765.0295718608844,765.0295718608844,Sizey,123.0295718608844,FALSE,806,0,0
fastqc,9078,677,841.8812880030314,841.8812880030314,Sizey,164.8812880030314,FALSE,832,0,0
fastqc,9105,634,642.7994693998343,642.7994693998343,Sizey,8.799469399834265,FALSE,780,0,0
fastqc,9078,706,711.1116907109041,711.1116907109041,Sizey,5.111690710904099,FALSE,817,0,0
fastqc,9105,713,803.4501109132515,803.4501109132515,Sizey,90.45011091325148,FALSE,792,0,0
fastqc,9078,719,759.0956974327878,759.0956974327878,Sizey,40.09569743,FALSE,650,0,0
fastqc,9105,685,1133.6310622279523,1133.6310622279523,Sizey,448.63106222795227,FALSE,652,0,0
fastqc,9078,694,744.0103237975635,744.0103237975635,Sizey,50.0103238,FALSE,667,0,0
fastqc,9105,750,725.092472,1070.5619783424208,Sizey,320.56197834242084,FALSE,633,629,1
fastqc,9078,704,1007.6363691096947,1007.6363691096947,Sizey,303.63636910969467,FALSE,752,0,0
fastqc,9105,716,870.0022878567371,870.0022878567371,Sizey,154.0022878567371,FALSE,701,0,0
fastqc,9078,756,797.7010147352391,797.7010147352391,Sizey,41.70101473523914,FALSE,737,0,0
fastqc,9105,738,782.7583295823844,782.7583295823844,Sizey,44.75832958238436,FALSE,721,0,0
fastqc,9078,675,973.3577463923316,973.3577463923316,Sizey,298.3577463923316,FALSE,742,0,0
fastqc,9105,790,1118.6857501373693,1118.6857501373693,Sizey,328.68575013736927,FALSE,717,0,0
fastqc,9078,662,842.1631199667986,842.1631199667986,Sizey,180.1631199667986,FALSE,773,0,0
fastqc,9105,689,773.9554218229596,773.9554218229596,Sizey,84.95542182295958,FALSE,731,0,0
fastqc,9078,709,1107.3502762202831,1107.3502762202831,Sizey,398.35027622028315,FALSE,779,0,0
fastqc,9105,739,998.4190003553717,998.4190003553717,Sizey,259.41900035537174,FALSE,746,0,0
fastqc,9078,696,954.6697016226959,954.6697016226959,Sizey,258.6697016226959,FALSE,774,0,0
fastqc,9105,729,723.1142604215169,1070.5619783424208,Sizey,341.56197834242084,FALSE,739,734,1
fastqc,9078,649,717.5504744,717.5504744,Sizey,68.55047440865701,FALSE,783,0,0
fastqc,9105,731,861.2445553986562,861.2445553986562,Sizey,130.2445553986562,FALSE,732,0,0
fastqc,9078,657,734.7601191484754,734.7601191484754,Sizey,77.76011914847538,FALSE,772,0,0
fastqc,9105,761,985.0979884,985.0979884,Sizey,224.09798835988295,FALSE,736,0,0
fastqc,9078,663,868.2954612964488,868.2954612964488,Sizey,205.29546129644882,FALSE,774,0,0
fastqc,9105,650,794.1274106180201,794.1274106180201,Sizey,144.12741061802012,FALSE,739,0,0
fastqc,9078,708,881.1520863206782,881.1520863206782,Sizey,173.15208632067822,FALSE,778,0,0
fastqc,9105,650,783.7531176207247,783.7531176207247,Sizey,133.75311762072465,FALSE,749,0,0
fastqc,9078,697,754.0110693272036,754.0110693272036,Sizey,57.011069327203586,FALSE,774,0,0
fastqc,9105,730,1022.1026607847556,1022.1026607847556,Sizey,292.1026607847556,FALSE,761,0,0
fastqc,9078,651,864.6236218,864.6236218,Sizey,213.62362178714102,FALSE,790,0,0
fastqc,9105,704,887.2402217877084,887.2402217877084,Sizey,183.24022178770838,FALSE,752,0,0
fastqc,9078,675,833.1461908116052,833.1461908116052,Sizey,158.14619081160515,FALSE,774,0,0
fastqc,9105,773,842.4579688428487,842.4579688428487,Sizey,69.45796884284869,FALSE,741,0,0
fastqc,9078,582,676.2077402800239,676.2077402800239,Sizey,94.20774028002393,FALSE,782,0,0
fastqc,9105,695,852.6725318842525,852.6725318842525,Sizey,157.67253188425252,FALSE,736,0,0
fastqc,9078,696,884.4877629526474,884.4877629526474,Sizey,188.48776295264736,FALSE,759,0,0
fastqc,9105,769,686.6739688504018,1070.5619783424208,Sizey,301.56197834242084,FALSE,745,740,1
fastqc,9078,724,697.541356,1070.5619783424208,Sizey,346.56197834242084,FALSE,779,774,1
fastqc,9105,725,940.3029053479871,940.3029053479871,Sizey,215.30290534798712,FALSE,744,0,0
fastq-cleaner,10240,1683,1693.8006052210735,1693.8006052210735,Sizey,10.80060522107351,FALSE,2149,0,0
fastq-cleaner,10240,1683,1685.1496250569946,1685.1496250569946,Sizey,2.149625056994637,FALSE,2230,0,0
fastq-cleaner,10240,1684,1685.4421783959167,1685.4421783959167,Sizey,1.4421783959166987,FALSE,2207,0,0
fastq-cleaner,10240,1684,1710.0155848723734,1710.0155848723734,Sizey,26.015584872373438,FALSE,2299,0,0
fastq-cleaner,10240,1684,1682.3798969545708,3364.7597939091415,Sizey,1680.7597939091415,FALSE,2175,1965,1
fastq-cleaner,10240,1683,1691.4644047836819,1691.4644047836819,Sizey,8.464404783681857,FALSE,2192,0,0
fastq-cleaner,10240,1684,1694.849651427842,1694.849651427842,Sizey,10.84965142784199,FALSE,2307,0,0
fastq-cleaner,10240,1684,1690.2878899334803,1690.2878899334803,Sizey,6.287889933480301,FALSE,2325,0,0
fastq-cleaner,10240,1684,1681.302480142183,3362.604960284366,Sizey,1678.604960284366,FALSE,2316,2092,1
fastq-cleaner,10240,1683,1681.8806788269474,3363.7613576538947,Sizey,1680.7613576538947,FALSE,2296,2074,1
fastq-cleaner,10240,1684,1687.9187667977624,1687.9187667977624,Sizey,3.9187667977623732,FALSE,2181,0,0
fastq-cleaner,10240,1683,1688.8748125300724,1688.8748125300724,Sizey,5.874812530072404,FALSE,2133,0,0
fastq-cleaner,10240,1683,1685.705112617105,1685.705112617105,Sizey,2.7051126171049873,FALSE,2328,0,0
fastq-cleaner,10240,1684,1684.8286873421296,1684.8286873421296,Sizey,0.8286873421295695,FALSE,2184,0,0
fastq-cleaner,10240,1684,1686.7780467497446,1686.7780467497446,Sizey,2.7780467497445898,FALSE,2279,0,0
fastq-cleaner,10240,1684,1693.2340647704868,1693.2340647704868,Sizey,9.234064770486839,FALSE,2298,0,0
fastq-cleaner,10240,1684,1688.418915976946,1688.418915976946,Sizey,4.418915976945982,FALSE,2298,0,0
fastq-cleaner,10240,1684,1684.118612563567,1684.118612563567,Sizey,0.11861256356701233,FALSE,2273,0,0
fastq-cleaner,10240,1683,1686.594302775198,1686.594302775198,Sizey,3.5943027751980026,FALSE,2250,0,0
fastq-cleaner,10240,1684,1697.7229523021385,1697.7229523021385,Sizey,13.722952302138538,FALSE,2199,0,0
fastq-cleaner,10240,1683,1684.7795225358484,1684.7795225358484,Sizey,1.7795225358484004,FALSE,2221,0,0
fastq-cleaner,10240,1683,1683.8392159647835,1683.8392159647835,Sizey,0.8392159647835342,FALSE,2193,0,0
fastq-cleaner,10240,1683,1689.875312191277,1689.875312191277,Sizey,6.875312191277089,FALSE,2270,0,0
fastq-cleaner,10240,1683,1687.8051383849074,1687.8051383849074,Sizey,4.805138384907423,FALSE,2309,0,0
fastq-cleaner,10240,1684,1689.5115871298856,1689.5115871298856,Sizey,5.511587129885584,FALSE,2167,0,0
fastq-cleaner,10240,1684,1687.7101960035734,1687.7101960035734,Sizey,3.710196003573401,FALSE,2158,0,0
fastq-cleaner,10240,1683,1682.8119321924048,3365.6238643848096,Sizey,1682.6238643848096,FALSE,2197,1985,1
fastq-cleaner,10240,1683,1694.8332746055182,1694.8332746055182,Sizey,11.833274605518227,FALSE,2295,0,0
fastq-cleaner,10240,1683,1690.765417676674,1690.765417676674,Sizey,7.765417676673906,FALSE,2181,0,0
fastq-cleaner,10240,1684,1689.1569347429956,1689.1569347429956,Sizey,5.156934742995645,FALSE,2277,0,0
fastq-cleaner,15360,1748,1753.8345864221697,1753.8345864221697,Sizey,5.834586422,FALSE,3221,0,0
fastq-cleaner,15360,1747,1773.9888520023967,1773.9888520023967,Sizey,26.988852002396698,FALSE,3397,0,0
fastq-cleaner,15360,1748,1755.8654088084807,1755.8654088084807,Sizey,7.865408808480652,FALSE,3196,0,0
fastq-cleaner,15360,1747,1748.502457341894,1748.502457341894,Sizey,1.5024573418938871,FALSE,3161,0,0
fastq-cleaner,15360,1748,1746.0803731429946,3492.1607462859893,Sizey,1744.1607462859893,FALSE,3286,2968,1
fastq-cleaner,15360,1748,1756.2806342110714,1756.2806342110714,Sizey,8.280634211071401,FALSE,3102,0,0
fastq-cleaner,15360,1748,1749.006618729039,1749.006618729039,Sizey,1.006618729039019,FALSE,3244,0,0
fastq-cleaner,15360,1748,1755.0702878518741,1755.0702878518741,Sizey,7.070287851874127,FALSE,3093,0,0
fastq-cleaner,15360,1747,1749.6081996545813,1749.6081996545813,Sizey,2.6081996545813126,FALSE,3146,0,0
fastq-cleaner,15360,1747,1746.2435483796658,3492.4870967593315,Sizey,1745.4870967593315,FALSE,3303,2984,1
fastq-cleaner,15360,1748,1751.5660322857364,1751.5660322857364,Sizey,3.5660322857363553,FALSE,3233,0,0
fastq-cleaner,15360,1747,1756.4229627691232,1756.4229627691232,Sizey,9.422962769,FALSE,3381,0,0
fastq-cleaner,15360,1748,1750.857510995622,1750.857510995622,Sizey,2.8575109956220786,FALSE,3400,0,0
fastq-cleaner,15360,1747,1751.5639926447473,1751.5639926447473,Sizey,4.563992644747259,FALSE,3139,0,0
fastq-cleaner,15360,1748,1748.1179277744557,1748.1179277744557,Sizey,0.11792777445566571,FALSE,3277,0,0
fastq-cleaner,15360,1747,1750.8489978730654,1750.8489978730654,Sizey,3.848997873,FALSE,3207,0,0
fastq-cleaner,15360,1748,1753.1718365321965,1753.1718365321965,Sizey,5.171836532196494,FALSE,3240,0,0
fastq-cleaner,15360,1748,1759.2177408950902,1759.2177408950902,Sizey,11.217740895090174,FALSE,3193,0,0
fastq-cleaner,15360,1748,1750.304043214888,1750.304043214888,Sizey,2.3040432148879972,FALSE,3288,0,0
fastq-cleaner,15360,1748,1760.231281375525,1760.231281375525,Sizey,12.231281375524986,FALSE,3186,0,0
fastq-cleaner,15360,1748,1756.8215722586822,1756.8215722586822,Sizey,8.821572258682181,FALSE,3117,0,0
fastq-cleaner,15360,1747,1747.451254088439,1747.451254088439,Sizey,0.4512540884391001,FALSE,3148,0,0
fastq-cleaner,15360,1747,1744.2015634254117,3488.4031268508234,Sizey,1741.4031268508234,FALSE,3158,2853,1
fastq-cleaner,15360,1747,1751.2469300574023,1751.2469300574023,Sizey,4.246930057402324,FALSE,3278,0,0
fastq-cleaner,15360,1748,1761.8769113450946,1761.8769113450946,Sizey,13.87691134509464,FALSE,3208,0,0
fastq-cleaner,15360,1748,1752.7164834313257,1752.7164834313257,Sizey,4.7164834313257415,FALSE,3400,0,0
fastq-cleaner,15360,1747,1758.3034967927294,1758.3034967927294,Sizey,11.303496792729447,FALSE,3155,0,0
fastq-cleaner,15360,1748,1749.9502711538344,1749.9502711538344,Sizey,1.9502711538343647,FALSE,3183,0,0
fastq-cleaner,15360,1747,1746.5558154899659,3493.1116309799318,Sizey,1746.1116309799318,FALSE,3297,2978,1
fastq-cleaner,15360,1748,1753.9148051453044,1753.9148051453044,Sizey,5.914805145304399,FALSE,3228,0,0
fastq-cleaner,18182,1775,1778.9106875928398,1778.9106875928398,Sizey,3.9106875928398495,FALSE,3604,0,0
fastq-cleaner,18182,1775,1777.650002511094,1777.650002511094,Sizey,2.650002511094044,FALSE,3949,0,0
fastq-cleaner,18182,1775,1802.421415171296,1802.421415171296,Sizey,27.421415171296076,FALSE,3952,0,0
fastq-cleaner,18182,1775,1780.5952065255444,1780.5952065255444,Sizey,5.595206525544427,FALSE,3934,0,0
fastq-cleaner,18182,1775,1783.9271054611024,1783.9271054611024,Sizey,8.927105461102428,FALSE,3933,0,0
fastq-cleaner,18182,1775,1781.1959549856674,1781.1959549856674,Sizey,6.195954985667413,FALSE,3953,0,0
fastq-cleaner,18182,1775,1777.3396319830815,1777.3396319830815,Sizey,2.3396319830815173,FALSE,3939,0,0
fastq-cleaner,18182,1775,1782.423574137594,1782.423574137594,Sizey,7.423574138,FALSE,3948,0,0
fastq-cleaner,18182,1775,1779.6577053795006,1779.6577053795006,Sizey,4.657705379500612,FALSE,3945,0,0
fastq-cleaner,18182,1775,1775.3335488184316,1775.3335488184316,Sizey,0.3335488184316091,FALSE,3960,0,0
fastq-cleaner,18182,1775,1778.8275363654247,1778.8275363654247,Sizey,3.8275363654247485,FALSE,3931,0,0
fastq-cleaner,18182,1775,1780.6579630377698,1780.6579630377698,Sizey,5.657963037769832,FALSE,3943,0,0
fastq-cleaner,18182,1776,1776.5082489244348,1776.5082489244348,Sizey,0.508248924,FALSE,3658,0,0
fastq-cleaner,18182,1775,1783.3354864810149,1783.3354864810149,Sizey,8.335486481014868,FALSE,3624,0,0
fastq-cleaner,18182,1775,1774.8825997500721,3549.7651995001443,Sizey,1774.7651995001443,FALSE,3740,3379,1
fastq-cleaner,18182,1775,1786.4846633125903,1786.4846633125903,Sizey,11.484663312590328,FALSE,3757,0,0
fastq-cleaner,18182,1775,1777.901648751275,1777.901648751275,Sizey,2.9016487512749336,FALSE,3759,0,0
fastq-cleaner,18182,1775,1773.1064504276915,3546.212900855383,Sizey,1771.212900855383,FALSE,3730,3370,1
fastq-cleaner,18182,1775,1784.573989075669,1784.573989075669,Sizey,9.573989075669033,FALSE,3736,0,0
fastq-cleaner,18182,1775,1777.1109049986537,1777.1109049986537,Sizey,2.110904998653723,FALSE,3734,0,0
fastq-cleaner,18182,1775,1772.1567115512912,3544.3134231025824,Sizey,1769.3134231025824,FALSE,3716,3357,1
fastq-cleaner,18182,1774,1778.7439152406246,1778.7439152406246,Sizey,4.743915240624574,FALSE,3725,0,0
fastq-cleaner,18182,1774,1788.1271344268393,1788.1271344268393,Sizey,14.127134426839348,FALSE,3737,0,0
fastq-cleaner,18182,1775,1781.9492173984638,1781.9492173984638,Sizey,6.949217398463816,FALSE,3751,0,0
fastq-cleaner,18182,1774,1775.3500558487033,1775.3500558487033,Sizey,1.3500558487032777,FALSE,3760,0,0
fastq-cleaner,18182,1775,1773.8194919297869,3547.6389838595737,Sizey,1772.6389838595737,FALSE,3760,3397,1
fastq-cleaner,18182,1775,1784.9883122996446,1784.9883122996446,Sizey,9.988312299644576,FALSE,3747,0,0
fastq-cleaner,18182,1775,1787.4801321597117,1787.4801321597117,Sizey,12.48013215971173,FALSE,3748,0,0
fastq-cleaner,18182,1775,1776.0221671876684,1776.0221671876684,Sizey,1.0221671876684013,FALSE,3765,0,0
fastq-cleaner,18182,1775,1779.3149976255806,1779.3149976255806,Sizey,4.314997625580645,FALSE,3781,0,0
burrows-wheeler-aligner,10240,15243,15282.13437990819,15282.13437990819,Sizey,39.13437990818966,FALSE,4144,0,0
burrows-wheeler-aligner,10240,15342,15302.971673517875,30605.94334703575,Sizey,15263.94334703575,FALSE,4152,3707,1
burrows-wheeler-aligner,10240,15308,15294.06658401493,30588.13316802986,Sizey,15280.13316802986,FALSE,4343,3877,1
burrows-wheeler-aligner,10240,15395,15443.718534301759,15443.718534301759,Sizey,48.718534301759064,FALSE,4477,0,0
burrows-wheeler-aligner,10240,15224,15252.972634180738,15252.972634180738,Sizey,28.97263418073817,FALSE,4079,0,0
burrows-wheeler-aligner,10240,15276,15406.281200316955,15406.281200316955,Sizey,130.2812003169547,FALSE,4430,0,0
burrows-wheeler-aligner,10240,15244,15358.433392980045,15358.433392980045,Sizey,114.43339298004503,FALSE,4291,0,0
burrows-wheeler-aligner,10240,15395,15397.567729262933,15397.567729262933,Sizey,2.567729262933426,FALSE,4473,0,0
burrows-wheeler-aligner,10240,15248,15284.844707409084,15284.844707409084,Sizey,36.84470740908364,FALSE,4444,0,0
burrows-wheeler-aligner,10240,15208,15226.933112555544,15226.933112555544,Sizey,18.93311255554363,FALSE,4504,0,0
burrows-wheeler-aligner,10240,15137,15205.789009219536,15205.789009219536,Sizey,68.78900921953573,FALSE,4278,0,0
burrows-wheeler-aligner,10240,15257,15263.232095871337,15263.232095871337,Sizey,6.232095871337151,FALSE,4508,0,0
burrows-wheeler-aligner,10240,15299,15260.181152047087,30520.362304094175,Sizey,15221.362304094175,FALSE,4504,4021,1
burrows-wheeler-aligner,10240,15240,15312.217143723816,15312.217143723816,Sizey,72.21714372381575,FALSE,4439,0,0
burrows-wheeler-aligner,10240,15231,15140.907268542176,30281.814537084352,Sizey,15050.814537084352,FALSE,4510,4027,1
burrows-wheeler-aligner,10240,15312,15306.901946416825,30613.80389283365,Sizey,15301.80389283365,FALSE,4479,3999,1
burrows-wheeler-aligner,10240,15182,15224.882524485281,15224.882524485281,Sizey,42.882524485281465,FALSE,4458,0,0
burrows-wheeler-aligner,10240,15247,15223.186383405282,30446.372766810564,Sizey,15199.372766810564,FALSE,4507,4024,1
burrows-wheeler-aligner,10240,15251,15275.783288927247,15275.783288927247,Sizey,24.78328892724676,FALSE,4370,0,0
burrows-wheeler-aligner,10240,15345,15226.484761285028,30452.969522570056,Sizey,15107.969522570056,FALSE,4340,3875,1
burrows-wheeler-aligner,10240,15226,15270.851346648526,15270.851346648526,Sizey,44.85134664852558,FALSE,4351,0,0
burrows-wheeler-aligner,10240,15293,15303.240983487049,15303.240983487049,Sizey,10.240983487048652,FALSE,4109,0,0
burrows-wheeler-aligner,10240,15226,15314.879347335587,15314.879347335587,Sizey,88.87934733558723,FALSE,4443,0,0
burrows-wheeler-aligner,10240,15361,15395.003624187619,15395.003624187619,Sizey,34.00362419,FALSE,4540,0,0
burrows-wheeler-aligner,10240,15292,15279.939674091604,30559.879348183207,Sizey,15267.879348183207,FALSE,4486,4005,1
burrows-wheeler-aligner,10240,15255,15354.993953716452,15354.993953716452,Sizey,99.99395371645187,FALSE,4343,0,0
burrows-wheeler-aligner,10240,15244,15275.046454076475,15275.046454076475,Sizey,31.04645407647513,FALSE,4398,0,0
burrows-wheeler-aligner,10240,15225,15273.97408718288,15273.97408718288,Sizey,48.974087182879884,FALSE,4529,0,0
burrows-wheeler-aligner,10240,15210,15217.84393124963,15217.84393124963,Sizey,7.843931249630259,FALSE,4484,0,0
burrows-wheeler-aligner,10240,15335,15521.47945352257,15521.47945352257,Sizey,186.4794535225701,FALSE,4392,0,0
burrows-wheeler-aligner,15360,15446,15447.265863173323,15447.265863173323,Sizey,1.2658631733229413,FALSE,6374,0,0
burrows-wheeler-aligner,15360,15467,15512.35466257506,15512.35466257506,Sizey,45.35466258,FALSE,6640,0,0
burrows-wheeler-aligner,15360,15409,15591.471049723403,15591.471049723403,Sizey,182.47104972340276,FALSE,6350,0,0
burrows-wheeler-aligner,15360,15492,15529.434300051254,15529.434300051254,Sizey,37.43430005125447,FALSE,6622,0,0
burrows-wheeler-aligner,15360,15499,15630.539417636559,15630.539417636559,Sizey,131.53941763655894,FALSE,6552,0,0
burrows-wheeler-aligner,15360,15352,15392.00693024266,15392.00693024266,Sizey,40.00693024266002,FALSE,6579,0,0
burrows-wheeler-aligner,15360,15334,15307.093816563653,30614.187633127305,Sizey,15280.187633127305,FALSE,6610,5901,1
burrows-wheeler-aligner,15360,15390,15438.902499718779,15438.902499718779,Sizey,48.90249971877893,FALSE,6198,0,0
burrows-wheeler-aligner,15360,15402,15391.277540716967,30782.555081433933,Sizey,15380.555081433933,FALSE,6391,5706,1
burrows-wheeler-aligner,15360,15394,15388.377868029416,30776.755736058833,Sizey,15382.755736058833,FALSE,6548,5846,1
burrows-wheeler-aligner,15360,15445,15450.397287491349,15450.397287491349,Sizey,5.397287491348834,FALSE,6288,0,0
burrows-wheeler-aligner,15360,15342,15415.36592529031,15415.36592529031,Sizey,73.36592529031077,FALSE,6479,0,0
burrows-wheeler-aligner,15360,15353,15483.937893981816,15483.937893981816,Sizey,130.93789398181616,FALSE,6378,0,0
burrows-wheeler-aligner,15360,15422,15472.55286708623,15472.55286708623,Sizey,50.552867086229526,FALSE,6506,0,0
burrows-wheeler-aligner,15360,15510,15473.884996190227,30947.769992380454,Sizey,15437.769992380454,FALSE,6492,5796,1
burrows-wheeler-aligner,15360,15421,15403.433769868063,30806.867539736126,Sizey,15385.867539736126,FALSE,6270,5598,1
burrows-wheeler-aligner,15360,15429,15525.04952619074,15525.04952619074,Sizey,96.04952619073993,FALSE,6639,0,0
burrows-wheeler-aligner,15360,15387,15325.321483059653,30650.642966119307,Sizey,15263.642966119307,FALSE,6534,5834,1
burrows-wheeler-aligner,15360,15397,15278.083145617826,30556.16629123565,Sizey,15159.166291235651,FALSE,6647,5934,1
burrows-wheeler-aligner,15360,15377,15406.006872601094,15406.006872601094,Sizey,29.006872601094074,FALSE,6080,0,0
burrows-wheeler-aligner,15360,15513,15520.52348834193,15520.52348834193,Sizey,7.523488341930715,FALSE,6163,0,0
burrows-wheeler-aligner,15360,15439,15469.425815912002,15469.425815912002,Sizey,30.42581591200178,FALSE,6594,0,0
burrows-wheeler-aligner,15360,15433,15467.209645504936,15467.209645504936,Sizey,34.20964550493591,FALSE,6194,0,0
burrows-wheeler-aligner,15360,15432,15367.492224236743,30734.984448473486,Sizey,15302.984448473486,FALSE,6649,5936,1
burrows-wheeler-aligner,15360,15359,15380.197007130848,15380.197007130848,Sizey,21.19700713084785,FALSE,6698,0,0
burrows-wheeler-aligner,15360,15353,15396.766875265475,15396.766875265475,Sizey,43.76687526547539,FALSE,6761,0,0
burrows-wheeler-aligner,15360,15442,15459.097372374992,15459.097372374992,Sizey,17.09737237499212,FALSE,6428,0,0
burrows-wheeler-aligner,15360,15436,15528.358363682048,15528.358363682048,Sizey,92.35836368204764,FALSE,6560,0,0
burrows-wheeler-aligner,15360,15370,15439.847860983304,15439.847860983304,Sizey,69.84786098330369,FALSE,6726,0,0
burrows-wheeler-aligner,15360,15449,15458.125476041689,15458.125476041689,Sizey,9.125476041688671,FALSE,6561,0,0
burrows-wheeler-aligner,18182,15472,15506.218029995296,15506.218029995296,Sizey,34.21802999529609,FALSE,7274,0,0
burrows-wheeler-aligner,18182,15500,15613.457487035863,15613.457487035863,Sizey,113.45748703586287,FALSE,7987,0,0
burrows-wheeler-aligner,18182,15371,15446.76283115869,15446.76283115869,Sizey,75.76283115869046,FALSE,7899,0,0
burrows-wheeler-aligner,18182,15459,15494.630732049802,15494.630732049802,Sizey,35.630732049801736,FALSE,7857,0,0
burrows-wheeler-aligner,18182,15457,15490.204204609028,15490.204204609028,Sizey,33.20420460902824,FALSE,7950,0,0
burrows-wheeler-aligner,18182,15413,15400.84424514608,30801.68849029216,Sizey,15388.68849029216,FALSE,7856,7014,1
burrows-wheeler-aligner,18182,15567,15657.86988046585,15657.86988046585,Sizey,90.86988046585066,FALSE,7759,0,0
burrows-wheeler-aligner,18182,15427,15435.22663966735,15435.22663966735,Sizey,8.226639667349446,FALSE,7821,0,0
burrows-wheeler-aligner,18182,15444,15463.794942016139,15463.794942016139,Sizey,19.79494201613852,FALSE,7875,0,0
burrows-wheeler-aligner,18182,15431,15473.42374302398,15473.42374302398,Sizey,42.423743023979114,FALSE,8143,0,0
burrows-wheeler-aligner,18182,15496,15543.159246191508,15543.159246191508,Sizey,47.15924619150792,FALSE,8189,0,0
burrows-wheeler-aligner,18182,15538,15541.561589089973,15541.561589089973,Sizey,3.561589089973495,FALSE,7772,0,0
burrows-wheeler-aligner,18182,15485,15485.857468601072,15485.857468601072,Sizey,0.857468601,FALSE,7610,0,0
burrows-wheeler-aligner,18182,15443,15389.607615001301,30779.215230002603,Sizey,15336.215230002603,FALSE,7669,6847,1
burrows-wheeler-aligner,18182,15510,15482.784993798245,30965.56998759649,Sizey,15455.56998759649,FALSE,7906,7058,1
burrows-wheeler-aligner,18182,15500,15485.553950092044,30971.107900184088,Sizey,15471.107900184088,FALSE,7903,7056,1
burrows-wheeler-aligner,18182,15492,15518.448638857712,15518.448638857712,Sizey,26.448638857711558,FALSE,7706,0,0
burrows-wheeler-aligner,18182,15448,15617.12728024191,15617.12728024191,Sizey,169.12728024190983,FALSE,7818,0,0
burrows-wheeler-aligner,18182,15385,15394.087672270141,15394.087672270141,Sizey,9.087672270141411,FALSE,7672,0,0
burrows-wheeler-aligner,18182,15412,15460.200685642503,15460.200685642503,Sizey,48.20068564250323,FALSE,7752,0,0
burrows-wheeler-aligner,18182,15533,15595.465414552713,15595.465414552713,Sizey,62.46541455,FALSE,7892,0,0
burrows-wheeler-aligner,18182,15516,15575.733854659598,15575.733854659598,Sizey,59.733854659598364,FALSE,7815,0,0
burrows-wheeler-aligner,18182,15442,15402.818311648547,30805.636623297094,Sizey,15363.636623297094,FALSE,7638,6819,1
burrows-wheeler-aligner,18182,15451,15447.985863589241,30895.971727178483,Sizey,15444.971727178483,FALSE,7683,6859,1
burrows-wheeler-aligner,18182,15494,15521.982388401451,15521.982388401451,Sizey,27.982388401451317,FALSE,7704,0,0
burrows-wheeler-aligner,18182,15423,15534.733242475397,15534.733242475397,Sizey,111.73324247539676,FALSE,7855,0,0
burrows-wheeler-aligner,18182,15436,18294.817283564505,18294.817283564505,Sizey,2858.8172835645055,FALSE,7708,0,0
burrows-wheeler-aligner,18182,15384,15281.694186852756,30563.38837370551,Sizey,15179.388373705511,FALSE,7894,7048,1
burrows-wheeler-aligner,18182,15482,15522.919527204029,15522.919527204029,Sizey,40.91952720402878,FALSE,7739,0,0
burrows-wheeler-aligner,18182,15490,15425.24977666065,30850.49955,Sizey,15360.49955,FALSE,7568,6757,1
picard-markduplicate,10240,57210,68240.37053921343,68240.37053921343,Sizey,11030.370539213429,FALSE,5618,0,0
picard-markduplicate,10240,43045,42208.27820196884,96837.44523726145,Sizey,53792.44523726145,FALSE,5593,3303,1
picard-markduplicate,10240,50035,52245.97500667075,52245.97500667075,Sizey,2210.9750066707493,FALSE,5588,0,0
picard-markduplicate,10240,55042,56457.29970491327,56457.29970491327,Sizey,1415.2997049132682,FALSE,5516,0,0
picard-markduplicate,10240,60015,69144.33454876389,69144.33454876389,Sizey,9129.334548763887,FALSE,5554,0,0
picard-markduplicate,10240,59382,62372.540158029624,62372.540158029624,Sizey,2990.540158029624,FALSE,5036,0,0
picard-markduplicate,10240,45435,48792.91982184701,48792.91982184701,Sizey,3357.919821847012,FALSE,6357,0,0
picard-markduplicate,10240,58006,55980.630562088954,96837.44523726145,Sizey,38831.44523726145,FALSE,5887,3477,1
picard-markduplicate,10240,52401,58926.77522565609,58926.77522565609,Sizey,6525.7752256560925,FALSE,6227,0,0
picard-markduplicate,10240,54090,58532.37449194456,58532.37449194456,Sizey,4442.374492,FALSE,6705,0,0
picard-markduplicate,10240,56875,66268.84066703173,66268.84066703173,Sizey,9393.840667031734,FALSE,6180,0,0
picard-markduplicate,10240,55649,55935.323155495775,55935.323155495775,Sizey,286.3231554957747,FALSE,5446,0,0
picard-markduplicate,10240,47479,58440.925740026854,58440.925740026854,Sizey,10961.925740026854,FALSE,6416,0,0
picard-markduplicate,10240,53733,59048.882917484094,59048.882917484094,Sizey,5315.882917484094,FALSE,6282,0,0
picard-markduplicate,10240,56872,62794.16461889096,62794.16461889096,Sizey,5922.164618890958,FALSE,8592,0,0
picard-markduplicate,10240,57557,59581.78048974739,59581.78048974739,Sizey,2024.7804897473907,FALSE,5917,0,0
picard-markduplicate,10240,41859,46423.76335,46423.76335,Sizey,4564.763347798798,FALSE,5747,0,0
picard-markduplicate,10240,57840,59245.608940450584,59245.608940450584,Sizey,1405.6089404505838,FALSE,5926,0,0
picard-markduplicate,10240,57338,65877.29070246617,65877.29070246617,Sizey,8539.290702466169,FALSE,8649,0,0
picard-markduplicate,10240,57639,74003.05826624118,74003.05826624118,Sizey,16364.058266241176,FALSE,6005,0,0
picard-markduplicate,10240,58504,61771.74503432008,61771.74503432008,Sizey,3267.7450343200835,FALSE,5575,0,0
picard-markduplicate,10240,60182,81093.88020160128,81093.88020160128,Sizey,20911.880201601278,FALSE,5456,0,0
picard-markduplicate,10240,49573,41101.68727343322,96837.44523726145,Sizey,47264.44523726145,FALSE,6522,3852,1
picard-markduplicate,10240,53844,67861.99793477141,67861.99793477141,Sizey,14017.99793477141,FALSE,5879,0,0
picard-markduplicate,10240,47554,49498.399179958345,49498.399179958345,Sizey,1944.3991799583455,FALSE,5607,0,0
picard-markduplicate,10240,56624,61571.36571375365,61571.36571375365,Sizey,4947.365714,FALSE,5575,0,0
picard-markduplicate,10240,57470,57832.017615031706,57832.017615031706,Sizey,362.01761503170565,FALSE,6008,0,0
picard-markduplicate,10240,56070,68450.66715911821,68450.66715911821,Sizey,12380.66715911821,FALSE,6417,0,0
picard-markduplicate,10240,46646,43407.100201209185,96837.44523726145,Sizey,50191.44523726145,FALSE,5435,3210,1
picard-markduplicate,10240,37774,35720.263485812065,96837.44523726145,Sizey,59063.44523726145,FALSE,6328,3737,1
picard-markduplicate,15360,55697,60271.356296502796,60271.356296502796,Sizey,4574.356296502796,FALSE,7495,0,0
picard-markduplicate,15360,55684,48464.262566418416,96837.44523726145,Sizey,41153.44523726145,FALSE,11357,6708,1
picard-markduplicate,15360,58083,64804.257414600106,64804.257414600106,Sizey,6721.257414600106,FALSE,7771,0,0
picard-markduplicate,15360,51141,52827.75350103436,52827.75350103436,Sizey,1686.7535010343636,FALSE,8121,0,0
picard-markduplicate,15360,55735,63663.13145398226,63663.13145398226,Sizey,7928.131453982263,FALSE,7986,0,0
picard-markduplicate,15360,54584,52319.06309014935,96837.44523726145,Sizey,42253.44523726145,FALSE,8252,4874,1
picard-markduplicate,15360,55232,63523.65407568752,63523.65407568752,Sizey,8291.654075687518,FALSE,8018,0,0
picard-markduplicate,15360,55800,54181.00943545035,96837.44523726145,Sizey,41037.44523726145,FALSE,7762,4584,1
picard-markduplicate,15360,45400,62383.270272920694,62383.270272920694,Sizey,16983.270272920694,FALSE,8021,0,0
picard-markduplicate,15360,60968,74707.61347116006,74707.61347116006,Sizey,13739.61347116006,FALSE,8165,0,0
picard-markduplicate,15360,49965,55157.15877828321,55157.15877828321,Sizey,5192.158778283207,FALSE,7735,0,0
picard-markduplicate,15360,59404,61832.924777857705,61832.924777857705,Sizey,2428.9247778577046,FALSE,8210,0,0
picard-markduplicate,15360,38431,41938.09533383401,41938.09533383401,Sizey,3507.0953338340114,FALSE,8388,0,0
picard-markduplicate,15360,33206,34012.961453606535,34012.961453606535,Sizey,806.9614536065346,FALSE,7697,0,0
picard-markduplicate,15360,46959,49323.90477385257,49323.90477385257,Sizey,2364.9047738525696,FALSE,7947,0,0
picard-markduplicate,15360,55513,74098.01008898175,74098.01008898175,Sizey,18585.010088981755,FALSE,7866,0,0
picard-markduplicate,15360,59873,60250.154700970816,60250.154700970816,Sizey,377.1547009708156,FALSE,9411,0,0
picard-markduplicate,15360,45874,53197.33391742628,53197.33391742628,Sizey,7323.333917,FALSE,7662,0,0
picard-markduplicate,15360,56636,60271.10939900006,60271.10939900006,Sizey,3635.109399000059,FALSE,8473,0,0
picard-markduplicate,15360,53626,64660.94791705288,64660.94791705288,Sizey,11034.94791705288,FALSE,7712,0,0
picard-markduplicate,15360,41171,45377.260680793384,45377.260680793384,Sizey,4206.260680793384,FALSE,8062,0,0
picard-markduplicate,15360,54633,69063.67531257386,69063.67531257386,Sizey,14430.675312573861,FALSE,7976,0,0
picard-markduplicate,15360,53668,62327.48828921045,62327.48828921045,Sizey,8659.488289,FALSE,8153,0,0
picard-markduplicate,15360,60484,59570.17445446151,96837.44523726145,Sizey,36353.44523726145,FALSE,9423,5565,1
picard-markduplicate,15360,61305,63943.710414781395,63943.710414781395,Sizey,2638.7104147813952,FALSE,8037,0,0
picard-markduplicate,15360,49393,45209.72408434062,96837.44523726145,Sizey,47444.44523726145,FALSE,8290,4896,1
picard-markduplicate,15360,59074,70943.03743,70943.03743,Sizey,11869.037428859505,FALSE,7972,0,0
picard-markduplicate,15360,57401,57391.568717789574,96837.44523726145,Sizey,39436.44523726145,FALSE,9410,5558,1
picard-markduplicate,15360,61496,64816.372632193175,64816.372632193175,Sizey,3320.3726321931754,FALSE,11880,0,0
picard-markduplicate,15360,50712,52015.96204054288,52015.96204054288,Sizey,1303.9620405428795,FALSE,8168,0,0
picard-markduplicate,18182,56244,64687.57966093875,64687.57966093875,Sizey,8443.579660938747,FALSE,8935,0,0
picard-markduplicate,18182,57401,57696.337480432936,57696.337480432936,Sizey,295.3374804,FALSE,9820,0,0
picard-markduplicate,18182,46456,50460.67151519723,50460.67151519723,Sizey,4004.671515197231,FALSE,9607,0,0
picard-markduplicate,18182,46867,49214.30907540581,49214.30907540581,Sizey,2347.3090754058067,FALSE,10126,0,0
picard-markduplicate,18182,55020,60643.772469990115,60643.772469990115,Sizey,5623.7724699901155,FALSE,10435,0,0
picard-markduplicate,18182,57267,63389.459595826884,63389.459595826884,Sizey,6122.459595826884,FALSE,9779,0,0
picard-markduplicate,18182,42432,44723.04415781874,44723.04415781874,Sizey,2291.0441578187383,FALSE,10584,0,0
picard-markduplicate,18182,42963,44167.05183649639,44167.05183649639,Sizey,1204.0518364963864,FALSE,9220,0,0
picard-markduplicate,18182,60897,72174.71586536913,72174.71586536913,Sizey,11277.71586536913,FALSE,10882,0,0
picard-markduplicate,18182,42992,43458.323457744555,43458.323457744555,Sizey,466.3234577445546,FALSE,9428,0,0
picard-markduplicate,18182,47118,60495.08317959631,60495.08317959631,Sizey,13377.08317959631,FALSE,13560,0,0
picard-markduplicate,18182,58667,80613.20082,80613.20082,Sizey,21946.200817212302,FALSE,10571,0,0
picard-markduplicate,18182,46772,57796.647754765894,57796.647754765894,Sizey,11024.647754765894,FALSE,8541,0,0
picard-markduplicate,18182,56244,53656.42280552794,96837.44523726145,Sizey,40593.44523726145,FALSE,9030,5333,1
picard-markduplicate,18182,56244,68910.26034590516,68910.26034590516,Sizey,12666.26034590516,FALSE,9528,0,0
picard-markduplicate,18182,52806,59845.06204994901,59845.06204994901,Sizey,7039.0620499490105,FALSE,9147,0,0
picard-markduplicate,18182,43444,46935.17033966763,46935.17033966763,Sizey,3491.170339667631,FALSE,8935,0,0
picard-markduplicate,18182,55412,53512.80623073732,96837.44523726145,Sizey,41425.44523726145,FALSE,9566,5650,1
picard-markduplicate,18182,45364,48622.16234603337,48622.16234603337,Sizey,3258.162346033372,FALSE,9170,0,0
picard-markduplicate,18182,55124,56938.54169,56938.54169,Sizey,1814.5416869784021,FALSE,9331,0,0
picard-markduplicate,18182,55124,54342.282521639754,96837.44523726145,Sizey,41713.44523726145,FALSE,10390,6136,1
picard-markduplicate,18182,42132,43047.889952536105,43047.889952536105,Sizey,915.8899525361048,FALSE,8871,0,0
picard-markduplicate,18182,52980,59046.08361704791,59046.08361704791,Sizey,6066.083617047909,FALSE,8995,0,0
picard-markduplicate,18182,58040,60538.177187405796,60538.177187405796,Sizey,2498.177187405796,FALSE,9478,0,0
picard-markduplicate,18182,60148,70082.43039016482,70082.43039016482,Sizey,9934.430390164824,FALSE,9458,0,0
picard-markduplicate,18182,48084,43516.879267143464,96837.44523726145,Sizey,48753.44523726145,FALSE,13748,8120,1
picard-markduplicate,18182,56308,69548.07815975939,69548.07815975939,Sizey,13240.078159759389,FALSE,13422,0,0
picard-markduplicate,18182,51051,53103.96347908717,53103.96347908717,Sizey,2052.9634790871714,FALSE,9421,0,0
picard-markduplicate,18182,55444,63878.00524405007,63878.00524405007,Sizey,8434.005244050073,FALSE,10687,0,0
picard-markduplicate,18182,56308,48830.06281287547,96837.44523726145,Sizey,40529.44523726145,FALSE,10324,6097,1
samtools-sort-markduplicate,10240,20473,21926.531127151233,21926.531127151233,Sizey,1453.5311271512328,FALSE,1250,0,0
samtools-sort-markduplicate,10240,20392,22297.542919572556,22297.542919572556,Sizey,1905.5429195725555,FALSE,1213,0,0
samtools-sort-markduplicate,10240,20423,26193.448311776305,26193.448311776305,Sizey,5770.448311776305,FALSE,1255,0,0
samtools-sort-markduplicate,10240,20498,22074.428318178358,22074.428318178358,Sizey,1576.4283181783576,FALSE,1676,0,0
samtools-sort-markduplicate,10240,20433,22970.36119846517,22970.36119846517,Sizey,2537.361198465169,FALSE,1214,0,0
samtools-sort-markduplicate,10240,20387,22016.30586234508,22016.30586234508,Sizey,1629.3058623450816,FALSE,1256,0,0
samtools-sort-markduplicate,10240,20478,22314.255335597303,22314.255335597303,Sizey,1836.2553355973032,FALSE,1692,0,0
samtools-sort-markduplicate,10240,20489,22603.035072480798,22603.035072480798,Sizey,2114.0350724807977,FALSE,1539,0,0
samtools-sort-markduplicate,10240,20499,24279.38418517907,24279.38418517907,Sizey,3780.384185179071,FALSE,1510,0,0
samtools-sort-markduplicate,10240,20508,22030.914328739374,22030.914328739374,Sizey,1522.9143287393745,FALSE,1910,0,0
samtools-sort-markduplicate,10240,20445,21673.590742909757,21673.590742909757,Sizey,1228.590742909757,FALSE,1731,0,0
samtools-sort-markduplicate,10240,20501,21889.851605306885,21889.851605306885,Sizey,1388.8516053068852,FALSE,1413,0,0
samtools-sort-markduplicate,10240,20461,21711.824924160584,21711.824924160584,Sizey,1250.8249241605845,FALSE,1497,0,0
samtools-sort-markduplicate,10240,20433,26882.50853684485,26882.50853684485,Sizey,6449.508536844849,FALSE,1249,0,0
samtools-sort-markduplicate,10240,20412,21392.209328292865,21392.209328292865,Sizey,980.2093282928654,FALSE,1585,0,0
samtools-sort-markduplicate,10240,20467,22212.06252732558,22212.06252732558,Sizey,1745.0625273255791,FALSE,1352,0,0
samtools-sort-markduplicate,10240,20400,22366.248183592357,22366.248183592357,Sizey,1966.2481835923572,FALSE,1811,0,0
samtools-sort-markduplicate,10240,20419,26538.670772767022,26538.670772767022,Sizey,6119.670772767022,FALSE,1739,0,0
samtools-sort-markduplicate,10240,20454,23920.266411896366,23920.266411896366,Sizey,3466.2664118963658,FALSE,1656,0,0
samtools-sort-markduplicate,10240,20542,22047.445193852032,22047.445193852032,Sizey,1505.4451938520324,FALSE,1538,0,0
samtools-sort-markduplicate,10240,20491,22430.755910605705,22430.755910605705,Sizey,1939.7559106057051,FALSE,1557,0,0
samtools-sort-markduplicate,10240,20515,22223.074850519948,22223.074850519948,Sizey,1708.074850519948,FALSE,1166,0,0
samtools-sort-markduplicate,10240,20415,33342.30918477607,33342.30918477607,Sizey,12927.309184776073,FALSE,1420,0,0
samtools-sort-markduplicate,10240,20504,23102.25681414509,23102.25681414509,Sizey,2598.256814,FALSE,1225,0,0
samtools-sort-markduplicate,10240,20425,22217.787219720634,22217.787219720634,Sizey,1792.7872197206343,FALSE,1283,0,0
samtools-sort-markduplicate,10240,20447,21514.898999667832,21514.898999667832,Sizey,1067.898999667832,FALSE,1273,0,0
samtools-sort-markduplicate,10240,20449,23564.389187317152,23564.389187317152,Sizey,3115.3891873171524,FALSE,1052,0,0
samtools-sort-markduplicate,10240,20470,21800.96610376116,21800.96610376116,Sizey,1330.9661037611586,FALSE,1811,0,0
samtools-sort-markduplicate,10240,20511,33855.78763780412,33855.78763780412,Sizey,13344.787637804118,FALSE,1361,0,0
samtools-sort-markduplicate,10240,20493,21762.16373964631,21762.16373964631,Sizey,1269.1637396463084,FALSE,1415,0,0
samtools-sort-markduplicate,15360,20468,22246.108040702424,22246.108040702424,Sizey,1778.1080407024238,FALSE,1820,0,0
samtools-sort-markduplicate,15360,20487,21513.228670293112,21513.228670293112,Sizey,1026.2286702931124,FALSE,2338,0,0
samtools-sort-markduplicate,15360,20506,33318.71166827967,33318.71166827967,Sizey,12812.71166827967,FALSE,2035,0,0
samtools-sort-markduplicate,15360,20467,21698.208119541774,21698.208119541774,Sizey,1231.208119541774,FALSE,2034,0,0
samtools-sort-markduplicate,15360,20483,22196.535536263906,22196.535536263906,Sizey,1713.5355362639057,FALSE,1880,0,0
samtools-sort-markduplicate,15360,20418,21659.764790424204,21659.764790424204,Sizey,1241.764790424204,FALSE,2076,0,0
samtools-sort-markduplicate,15360,20447,21958.51613113392,21958.51613113392,Sizey,1511.5161311339216,FALSE,2053,0,0
samtools-sort-markduplicate,15360,20471,21874.89119274955,21874.89119274955,Sizey,1403.891193,FALSE,1821,0,0
samtools-sort-markduplicate,15360,20430,21695.26205050379,21695.26205050379,Sizey,1265.2620505037885,FALSE,1883,0,0
samtools-sort-markduplicate,15360,20467,24618.115397872753,24618.115397872753,Sizey,4151.1153978727525,FALSE,2013,0,0
samtools-sort-markduplicate,15360,20407,21729.626065986304,21729.626065986304,Sizey,1322.6260659863037,FALSE,1791,0,0
samtools-sort-markduplicate,15360,20465,21503.16315831055,21503.16315831055,Sizey,1038.1631583105518,FALSE,2378,0,0
samtools-sort-markduplicate,15360,20453,23028.650669435752,23028.650669435752,Sizey,2575.650669435752,FALSE,2091,0,0
samtools-sort-markduplicate,15360,20445,23307.26229930045,23307.26229930045,Sizey,2862.2622993004516,FALSE,1832,0,0
samtools-sort-markduplicate,15360,20456,22770.254123922543,22770.254123922543,Sizey,2314.254123922543,FALSE,2204,0,0
samtools-sort-markduplicate,15360,20497,22290.99729725186,22290.99729725186,Sizey,1793.997297251859,FALSE,1806,0,0
samtools-sort-markduplicate,15360,20401,21858.09510193627,21858.09510193627,Sizey,1457.0951019362692,FALSE,2017,0,0
samtools-sort-markduplicate,15360,20499,26852.16267557882,26852.16267557882,Sizey,6353.162676,FALSE,1731,0,0
samtools-sort-markduplicate,15360,20419,22007.6397,22007.6397,Sizey,1588.6397023319005,FALSE,1913,0,0
samtools-sort-markduplicate,15360,20421,24810.385424075732,24810.385424075732,Sizey,4389.385424075732,FALSE,1804,0,0
samtools-sort-markduplicate,15360,20472,21868.782206258787,21868.782206258787,Sizey,1396.7822062587875,FALSE,1818,0,0
samtools-sort-markduplicate,15360,20400,22340.117613733844,22340.117613733844,Sizey,1940.1176137338443,FALSE,1693,0,0
samtools-sort-markduplicate,15360,20433,22496.425243812315,22496.425243812315,Sizey,2063.425243812315,FALSE,1730,0,0
samtools-sort-markduplicate,15360,20467,26582.25031910749,26582.25031910749,Sizey,6115.250319,FALSE,1977,0,0
samtools-sort-markduplicate,15360,20411,22220.020758451155,22220.020758451155,Sizey,1809.0207584511554,FALSE,2071,0,0
samtools-sort-markduplicate,15360,20486,24076.46551460653,24076.46551460653,Sizey,3590.4655146065306,FALSE,2329,0,0
samtools-sort-markduplicate,15360,20437,33652.705383133376,33652.705383133376,Sizey,13215.705383133376,FALSE,1763,0,0
samtools-sort-markduplicate,15360,20498,22404.570006370137,22404.570006370137,Sizey,1906.570006370137,FALSE,2073,0,0
samtools-sort-markduplicate,15360,20486,22445.18415155442,22445.18415155442,Sizey,1959.1841515544183,FALSE,2139,0,0
samtools-sort-markduplicate,15360,20415,21951.102054522624,21951.102054522624,Sizey,1536.1020545226238,FALSE,2157,0,0
samtools-sort-markduplicate,18182,20468,22388.121728367954,22388.121728367954,Sizey,1920.1217283679543,FALSE,2013,0,0
samtools-sort-markduplicate,18182,20480,24617.707525268994,24617.707525268994,Sizey,4137.707525268994,FALSE,2526,0,0
samtools-sort-markduplicate,18182,20500,23047.48028832866,23047.48028832866,Sizey,2547.480288328661,FALSE,2808,0,0
samtools-sort-markduplicate,18182,20444,24649.345828444282,24649.345828444282,Sizey,4205.345828444282,FALSE,2718,0,0
samtools-sort-markduplicate,18182,20439,21724.141506032356,21724.141506032356,Sizey,1285.1415060323561,FALSE,2472,0,0
samtools-sort-markduplicate,18182,20454,22519.54592751613,22519.54592751613,Sizey,2065.545928,FALSE,2390,0,0
samtools-sort-markduplicate,18182,20430,33429.35220115384,33429.35220115384,Sizey,12999.352201153837,FALSE,2940,0,0
samtools-sort-markduplicate,18182,20496,21734.896954497646,21734.896954497646,Sizey,1238.8969544976462,FALSE,3152,0,0
samtools-sort-markduplicate,18182,20512,22076.806753730423,22076.806753730423,Sizey,1564.8067537304232,FALSE,2257,0,0
samtools-sort-markduplicate,18182,20425,22217.787219720634,22217.787219720634,Sizey,1792.7872197206343,FALSE,2468,0,0
samtools-sort-markduplicate,18182,20444,22132.785708039923,22132.785708039923,Sizey,1688.7857080399226,FALSE,2391,0,0
samtools-sort-markduplicate,18182,20468,22203.26535,22203.26535,Sizey,1735.2653450190992,FALSE,2463,0,0
samtools-sort-markduplicate,18182,20516,27178.796650902917,27178.796650902917,Sizey,6662.7966509029175,FALSE,2207,0,0
samtools-sort-markduplicate,18182,20468,21891.497615681783,21891.497615681783,Sizey,1423.497615681783,FALSE,2134,0,0
samtools-sort-markduplicate,18182,20476,22331.932095628774,22331.932095628774,Sizey,1855.9320956287738,FALSE,2088,0,0
samtools-sort-markduplicate,18182,20482,22479.04712087975,22479.04712087975,Sizey,1997.0471208797499,FALSE,1989,0,0
samtools-sort-markduplicate,18182,20466,27099.95334142436,27099.95334142436,Sizey,6633.953341,FALSE,2362,0,0
samtools-sort-markduplicate,18182,20448,26576.36220978207,26576.36220978207,Sizey,6128.36221,FALSE,2562,0,0
samtools-sort-markduplicate,18182,20425,21878.268269657023,21878.268269657023,Sizey,1453.2682696570228,FALSE,2327,0,0
samtools-sort-markduplicate,18182,20492,21743.616602967646,21743.616602967646,Sizey,1251.616602967646,FALSE,2380,0,0
samtools-sort-markduplicate,18182,20449,23040.287241145776,23040.287241145776,Sizey,2591.2872411457756,FALSE,2350,0,0
samtools-sort-markduplicate,18182,20486,24076.46551460653,24076.46551460653,Sizey,3590.4655146065306,FALSE,2345,0,0
samtools-sort-markduplicate,18182,20501,21872.497224217484,21872.497224217484,Sizey,1371.4972242174845,FALSE,1914,0,0
samtools-sort-markduplicate,18182,20431,21610.48120475135,21610.48120475135,Sizey,1179.4812047513515,FALSE,2414,0,0
samtools-sort-markduplicate,18182,20484,21811.512913857543,21811.512913857543,Sizey,1327.512913857543,FALSE,2704,0,0
samtools-sort-markduplicate,18182,20476,22205.668346170714,22205.668346170714,Sizey,1729.6683461707144,FALSE,2991,0,0
samtools-sort-markduplicate,18182,20468,23355.239171520912,23355.239171520912,Sizey,2887.2391715209124,FALSE,2019,0,0
samtools-sort-markduplicate,18182,20382,21888.71109623767,21888.71109623767,Sizey,1506.7110962376682,FALSE,2703,0,0
samtools-sort-markduplicate,18182,20483,21395.17317676744,21395.17317676744,Sizey,912.1731767674391,FALSE,2477,0,0
samtools-sort-markduplicate,18182,20429,22239.616093008604,22239.616093008604,Sizey,1810.6160930086044,FALSE,2301,0,0
samtools-index-markduplicate,10240,34,38.47009514424655,38.47009514424655,Sizey,4.4700951442465495,FALSE,123,0,0
samtools-index-markduplicate,10240,34,38.58638022967921,38.58638022967921,Sizey,4.586380229679207,FALSE,100,0,0
samtools-index-markduplicate,10240,34,34.08690403948085,34.08690403948085,Sizey,0.086904039,FALSE,108,0,0
samtools-index-markduplicate,10240,34,48.77940219811993,48.77940219811993,Sizey,14.779402198119932,FALSE,394,0,0
samtools-index-markduplicate,10240,34,39.62965541,39.62965541,Sizey,5.629655405791397,FALSE,141,0,0
samtools-index-markduplicate,10240,34,36.593571989146405,36.593571989146405,Sizey,2.5935719891464046,FALSE,120,0,0
samtools-index-markduplicate,10240,34,31.40401563451771,47.46225924669655,Sizey,13.462259246696547,FALSE,98,94,1
samtools-index-markduplicate,10240,34,41.324399254552546,41.324399254552546,Sizey,7.324399254552546,FALSE,495,0,0
samtools-index-markduplicate,10240,34,69.05634464370225,69.05634464370225,Sizey,35.056344643702246,FALSE,157,0,0
samtools-index-markduplicate,10240,34,45.318166128899584,45.318166128899584,Sizey,11.318166128899584,FALSE,513,0,0
samtools-index-markduplicate,10240,34,46.03655868347074,46.03655868347074,Sizey,12.036558683470737,FALSE,144,0,0
samtools-index-markduplicate,10240,34,53.85183874626995,53.85183874626995,Sizey,19.851838746269948,FALSE,133,0,0
samtools-index-markduplicate,10240,34,43.84194408703984,43.84194408703984,Sizey,9.841944087039842,FALSE,507,0,0
samtools-index-markduplicate,10240,34,58.150284161304036,58.150284161304036,Sizey,24.150284161304036,FALSE,162,0,0
samtools-index-markduplicate,10240,34,54.20544584540089,54.20544584540089,Sizey,20.205445845400888,FALSE,444,0,0
samtools-index-markduplicate,10240,34,46.46639475,46.46639475,Sizey,12.46639475,FALSE,155,0,0
samtools-index-markduplicate,10240,34,42.726665253767976,42.726665253767976,Sizey,8.726665253767976,FALSE,329,0,0
samtools-index-markduplicate,10240,34,77.27058161,77.27058161,Sizey,43.27058161,FALSE,165,0,0
samtools-index-markduplicate,10240,34,47.33268945543947,47.33268945543947,Sizey,13.332689455439471,FALSE,198,0,0
samtools-index-markduplicate,10240,34,70.27565568621061,70.27565568621061,Sizey,36.27565568621061,FALSE,101,0,0
samtools-index-markduplicate,10240,34,46.72466953848977,46.72466953848977,Sizey,12.72466953848977,FALSE,136,0,0
samtools-index-markduplicate,10240,34,50.91053783723814,50.91053783723814,Sizey,16.910537837238138,FALSE,130,0,0
samtools-index-markduplicate,10240,34,95.85028906191802,95.85028906191802,Sizey,61.85028906191802,FALSE,135,0,0
samtools-index-markduplicate,10240,34,62.51578428806859,62.51578428806859,Sizey,28.515784288068588,FALSE,127,0,0
samtools-index-markduplicate,10240,34,43.63704077246154,43.63704077246154,Sizey,9.637040772461539,FALSE,110,0,0
samtools-index-markduplicate,10240,34,37.57881160216333,37.57881160216333,Sizey,3.578811602163327,FALSE,144,0,0
samtools-index-markduplicate,10240,34,58.801296196839644,58.801296196839644,Sizey,24.801296196839644,FALSE,132,0,0
samtools-index-markduplicate,10240,34,40.61720308036705,40.61720308036705,Sizey,6.617203080367048,FALSE,225,0,0
samtools-index-markduplicate,10240,34,35.03681992514978,35.03681992514978,Sizey,1.0368199251497785,FALSE,123,0,0
samtools-index-markduplicate,10240,34,36.738455758796086,36.738455758796086,Sizey,2.7384557587960856,FALSE,202,0,0
samtools-index-markduplicate,15360,34,36.26088767371463,36.26088767371463,Sizey,2.2608876737146275,FALSE,132,0,0
samtools-index-markduplicate,15360,34,59.03264665825723,59.03264665825723,Sizey,25.032646658257228,FALSE,364,0,0
samtools-index-markduplicate,15360,34,38.44094723971831,38.44094723971831,Sizey,4.440947239718312,FALSE,111,0,0
samtools-index-markduplicate,15360,34,73.68720695,73.68720695,Sizey,39.687206946392195,FALSE,124,0,0
samtools-index-markduplicate,15360,34,45.318166128899584,45.318166128899584,Sizey,11.318166128899584,FALSE,177,0,0
samtools-index-markduplicate,15360,34,68.66101903,68.66101903,Sizey,34.66101903,FALSE,190,0,0
samtools-index-markduplicate,15360,34,52.352765876918696,52.352765876918696,Sizey,18.352765876918696,FALSE,143,0,0
samtools-index-markduplicate,15360,34,62.51578428806859,62.51578428806859,Sizey,28.515784288068588,FALSE,91,0,0
samtools-index-markduplicate,15360,34,49.23891065667841,49.23891065667841,Sizey,15.238910656678406,FALSE,118,0,0
samtools-index-markduplicate,15360,34,38.58638022967921,38.58638022967921,Sizey,4.586380229679207,FALSE,106,0,0
samtools-index-markduplicate,15360,34,56.21843717768154,56.21843717768154,Sizey,22.218437177681537,FALSE,162,0,0
samtools-index-markduplicate,15360,34,38.006327049845126,38.006327049845126,Sizey,4.006327049845126,FALSE,565,0,0
samtools-index-markduplicate,15360,34,40.43365829515001,40.43365829515001,Sizey,6.4336582951500105,FALSE,160,0,0
samtools-index-markduplicate,15360,34,35.36767612570392,35.36767612570392,Sizey,1.3676761257039232,FALSE,105,0,0
samtools-index-markduplicate,15360,34,56.40160649166045,56.40160649166045,Sizey,22.401606491660452,FALSE,146,0,0
samtools-index-markduplicate,15360,34,46.63009270983777,46.63009270983777,Sizey,12.630092709837768,FALSE,118,0,0
samtools-index-markduplicate,15360,34,44.830995909514456,44.830995909514456,Sizey,10.830995909514456,FALSE,139,0,0
samtools-index-markduplicate,15360,34,46.36547858364771,46.36547858364771,Sizey,12.365478583647707,FALSE,120,0,0
samtools-index-markduplicate,15360,34,43.34676127361572,43.34676127361572,Sizey,9.346761274,FALSE,450,0,0
samtools-index-markduplicate,15360,34,31.149749414921448,47.46225924669655,Sizey,13.462259246696547,FALSE,157,151,1
samtools-index-markduplicate,15360,34,46.03655868347074,46.03655868347074,Sizey,12.036558683470737,FALSE,121,0,0
samtools-index-markduplicate,15360,34,42.43441055793087,42.43441055793087,Sizey,8.434410557930867,FALSE,113,0,0
samtools-index-markduplicate,15360,34,36.95385853305678,36.95385853305678,Sizey,2.9538585330567813,FALSE,172,0,0
samtools-index-markduplicate,15360,34,97.44307073,97.44307073,Sizey,63.443070727915995,FALSE,208,0,0
samtools-index-markduplicate,15360,33,42.3535984,42.3535984,Sizey,9.353598396800898,FALSE,174,0,0
samtools-index-markduplicate,15360,34,77.49309649879622,77.49309649879622,Sizey,43.49309649879622,FALSE,158,0,0
samtools-index-markduplicate,15360,34,47.33268945543947,47.33268945543947,Sizey,13.332689455439471,FALSE,116,0,0
samtools-index-markduplicate,15360,34,51.24956343613085,51.24956343613085,Sizey,17.24956343613085,FALSE,158,0,0
samtools-index-markduplicate,15360,34,34.08690403948085,34.08690403948085,Sizey,0.086904039,FALSE,487,0,0
samtools-index-markduplicate,15360,34,39.89825147321264,39.89825147321264,Sizey,5.898251473212639,FALSE,142,0,0
samtools-index-markduplicate,18182,34,40.90506002,40.90506002,Sizey,6.905060018305797,FALSE,129,0,0
samtools-index-markduplicate,18182,34,34.054004653923116,34.054004653923116,Sizey,0.054004654,FALSE,440,0,0
samtools-index-markduplicate,18182,34,62.168790597360214,62.168790597360214,Sizey,28.168790597360214,FALSE,405,0,0
samtools-index-markduplicate,18182,34,48.34784809,48.34784809,Sizey,14.347848093082398,FALSE,183,0,0
samtools-index-markduplicate,18182,34,42.63085601678847,42.63085601678847,Sizey,8.630856017,FALSE,158,0,0
samtools-index-markduplicate,18182,34,46.59575334947124,46.59575334947124,Sizey,12.595753349471238,FALSE,132,0,0
samtools-index-markduplicate,18182,34,51.97037538033505,51.97037538033505,Sizey,17.97037538033505,FALSE,384,0,0
samtools-index-markduplicate,18182,34,48.247876710972186,48.247876710972186,Sizey,14.247876710972186,FALSE,234,0,0
samtools-index-markduplicate,18182,34,43.58842325946215,43.58842325946215,Sizey,9.588423259462147,FALSE,228,0,0
samtools-index-markduplicate,18182,34,56.40160649166045,56.40160649166045,Sizey,22.401606491660452,FALSE,392,0,0
samtools-index-markduplicate,18182,34,39.058740433251074,39.058740433251074,Sizey,5.058740433251074,FALSE,216,0,0
samtools-index-markduplicate,18182,34,40.61720308036705,40.61720308036705,Sizey,6.617203080367048,FALSE,419,0,0
samtools-index-markduplicate,18182,34,46.63009270983777,46.63009270983777,Sizey,12.630092709837768,FALSE,180,0,0
samtools-index-markduplicate,18182,34,100.18111114932373,100.18111114932373,Sizey,66.18111114932373,FALSE,118,0,0
samtools-index-markduplicate,18182,34,36.26088767371463,36.26088767371463,Sizey,2.2608876737146275,FALSE,123,0,0
samtools-index-markduplicate,18182,34,37.09727099201587,37.09727099201587,Sizey,3.097270992015872,FALSE,171,0,0
samtools-index-markduplicate,18182,34,45.23716264061451,45.23716264061451,Sizey,11.237162640614507,FALSE,150,0,0
samtools-index-markduplicate,18182,34,38.35992068900236,38.35992068900236,Sizey,4.359920689002358,FALSE,415,0,0
samtools-index-markduplicate,18182,34,35.958346802869876,35.958346802869876,Sizey,1.958346802869876,FALSE,146,0,0
samtools-index-markduplicate,18182,34,77.27058161,77.27058161,Sizey,43.27058161,FALSE,147,0,0
samtools-index-markduplicate,18182,34,53.699154490364215,53.699154490364215,Sizey,19.699154490364215,FALSE,150,0,0
samtools-index-markduplicate,18182,34,58.41534951958457,58.41534951958457,Sizey,24.415349519584566,FALSE,106,0,0
samtools-index-markduplicate,18182,34,66.62522432983143,66.62522432983143,Sizey,32.625224329831426,FALSE,133,0,0
samtools-index-markduplicate,18182,34,37.57881160216333,37.57881160216333,Sizey,3.578811602163327,FALSE,239,0,0
samtools-index-markduplicate,18182,34,70.37252538434616,70.37252538434616,Sizey,36.37252538434616,FALSE,197,0,0
samtools-index-markduplicate,18182,34,39.62289740592117,39.62289740592117,Sizey,5.622897405921172,FALSE,185,0,0
samtools-index-markduplicate,18182,33,42.82290918626005,42.82290918626005,Sizey,9.822909186260048,FALSE,116,0,0
samtools-index-markduplicate,18182,34,45.60927563,45.60927563,Sizey,11.609275631841001,FALSE,540,0,0
samtools-index-markduplicate,18182,34,56.15311809619031,56.15311809619031,Sizey,22.153118096190312,FALSE,218,0,0
samtools-index-markduplicate,18182,34,31.149749414921448,47.46225924669655,Sizey,13.462259246696547,FALSE,146,140,1
picard-validate-sam,10240,2870,5421.3480513384175,5421.3480513384175,Sizey,2551.3480513384175,FALSE,1127,0,0
picard-validate-sam,10240,3270,6117.004237744844,6117.004237744844,Sizey,2847.0042377448444,FALSE,1355,0,0
picard-validate-sam,10240,3494,7006.766972559769,7006.766972559769,Sizey,3512.766972559769,FALSE,1130,0,0
picard-validate-sam,10240,3646,3074.789045441076,5626.319036646549,Sizey,1980.3190366465487,FALSE,1293,1270,1
picard-validate-sam,10240,3528,5251.507624891325,5251.507624891325,Sizey,1723.5076248913247,FALSE,1264,0,0
picard-validate-sam,10240,3257,3062.303724845381,5626.319036646549,Sizey,2369.3190366465487,FALSE,1149,1129,1
picard-validate-sam,10240,3103,7309.005859661124,7309.005859661124,Sizey,4206.005859661124,FALSE,1275,0,0
picard-validate-sam,10240,3048,5296.345076,5296.345076,Sizey,2248.345076,FALSE,1444,0,0
picard-validate-sam,10240,2856,7052.699528016252,7052.699528016252,Sizey,4196.699528016252,FALSE,1701,0,0
picard-validate-sam,10240,2923,9085.508689,9085.508689,Sizey,6162.508689,FALSE,1448,0,0
picard-validate-sam,10240,3303,7419.688588549793,7419.688588549793,Sizey,4116.688588549793,FALSE,1355,0,0
picard-validate-sam,10240,3422,4539.802590997955,4539.802590997955,Sizey,1117.8025909979551,FALSE,1239,0,0
picard-validate-sam,10240,2911,11423.564961663005,11423.564961663005,Sizey,8512.564961663005,FALSE,1864,0,0
picard-validate-sam,10240,3000,7596.784150072384,7596.784150072384,Sizey,4596.784150072384,FALSE,1668,0,0
picard-validate-sam,10240,3168,5065.298664514964,5065.298664514964,Sizey,1897.298664514964,FALSE,1572,0,0
picard-validate-sam,10240,2990,3001.5305361543974,3001.5305361543974,Sizey,11.530536154397396,FALSE,1548,0,0
picard-validate-sam,10240,3604,3819.684818870316,3819.684818870316,Sizey,215.68481887031612,FALSE,2017,0,0
picard-validate-sam,10240,3612,10163.852903326193,10163.852903326193,Sizey,6551.852903326193,FALSE,1880,0,0
picard-validate-sam,10240,3632,10322.626586591206,10322.626586591206,Sizey,6690.626586591206,FALSE,1892,0,0
picard-validate-sam,10240,3292,11552.486244477564,11552.486244477564,Sizey,8260.486244477564,FALSE,1373,0,0
picard-validate-sam,10240,3115,2009.2514790984503,5626.319036646549,Sizey,2511.3190366465487,FALSE,1406,1381,1
picard-validate-sam,10240,3306,5991.708161557587,5991.708161557587,Sizey,2685.708161557587,FALSE,1348,0,0
picard-validate-sam,10240,2842,8484.688851785055,8484.688851785055,Sizey,5642.688851785055,FALSE,1510,0,0
picard-validate-sam,10240,3351,3808.2238975315327,3808.2238975315327,Sizey,457.22389753153266,FALSE,1212,0,0
picard-validate-sam,10240,2808,5437.399537767386,5437.399537767386,Sizey,2629.3995377673864,FALSE,1443,0,0
picard-validate-sam,10240,3455,9975.524255604441,9975.524255604441,Sizey,6520.524255604441,FALSE,1386,0,0
picard-validate-sam,10240,2922,7443.102623732261,7443.102623732261,Sizey,4521.102623732261,FALSE,1307,0,0
picard-validate-sam,10240,3178,3154.422924515162,5626.319036646549,Sizey,2448.3190366465487,FALSE,1628,1599,1
picard-validate-sam,10240,3438,2715.9466613080676,5626.319036646549,Sizey,2188.3190366465487,FALSE,1302,1279,1
picard-validate-sam,10240,3158,8290.396589,8290.396589,Sizey,5132.396589,FALSE,1255,0,0
picard-validate-sam,15360,3585,6808.495212200384,6808.495212200384,Sizey,3223.4952122003842,FALSE,1873,0,0
picard-validate-sam,15360,4271,7719.229298408018,7719.229298408018,Sizey,3448.2292984080177,FALSE,2629,0,0
picard-validate-sam,15360,3315,4705.026938,4705.026938,Sizey,1390.0269382549004,FALSE,2112,0,0
picard-validate-sam,15360,3514,3118.157143079641,5626.319036646549,Sizey,2112.3190366465487,FALSE,1837,1805,1
picard-validate-sam,15360,3299,9269.648651,9269.648651,Sizey,5970.648650750911,FALSE,2407,0,0
picard-validate-sam,15360,3689,12204.634851929388,12204.634851929388,Sizey,8515.634851929388,FALSE,1763,0,0
picard-validate-sam,15360,3701,6829.739803401756,6829.739803401756,Sizey,3128.739803401756,FALSE,2089,0,0
picard-validate-sam,15360,3418,9804.140374767394,9804.140374767394,Sizey,6386.140374767394,FALSE,1588,0,0
picard-validate-sam,15360,3891,3045.3837613748306,5626.319036646549,Sizey,1735.3190366465487,FALSE,1907,1873,1
picard-validate-sam,15360,4201,12338.932081978899,12338.932081978899,Sizey,8137.932081978899,FALSE,1842,0,0
picard-validate-sam,15360,3567,5315.666853395228,5315.666853395228,Sizey,1748.666853395228,FALSE,1746,0,0
picard-validate-sam,15360,3291,3244.979146105162,5626.319036646549,Sizey,2335.3190366465487,FALSE,2169,2131,1
picard-validate-sam,15360,3950,10369.558748152444,10369.558748152444,Sizey,6419.5587481524435,FALSE,1882,0,0
picard-validate-sam,15360,4114,6998.781270497484,6998.781270497484,Sizey,2884.781270497484,FALSE,1623,0,0
picard-validate-sam,15360,3809,18341.145236804117,18341.145236804117,Sizey,14532.145236804117,FALSE,2135,0,0
picard-validate-sam,15360,3917,8918.419768449474,8918.419768449474,Sizey,5001.419768449474,FALSE,1639,0,0
picard-validate-sam,15360,4051,4603.734708713889,4603.734708713889,Sizey,552.7347087138887,FALSE,2343,0,0
picard-validate-sam,15360,3317,8566.750675587517,8566.750675587517,Sizey,5249.7506755875165,FALSE,1712,0,0
picard-validate-sam,15360,3777,11230.257137920433,11230.257137920433,Sizey,7453.257137920433,FALSE,2687,0,0
picard-validate-sam,15360,3788,8850.643658655063,8850.643658655063,Sizey,5062.643658655063,FALSE,1953,0,0
picard-validate-sam,15360,3536,7608.898884944394,7608.898884944394,Sizey,4072.898884944394,FALSE,1732,0,0
picard-validate-sam,15360,3738,4781.570362146745,4781.570362146745,Sizey,1043.5703621467446,FALSE,1733,0,0
picard-validate-sam,15360,3927,12300.164606487733,12300.164606487733,Sizey,8373.164606487733,FALSE,1767,0,0
picard-validate-sam,15360,3758,3785.3136272569695,3785.3136272569695,Sizey,27.31362725696954,FALSE,2655,0,0
picard-validate-sam,15360,4160,3812.113845551853,5626.319036646549,Sizey,1466.3190366465487,FALSE,1953,1919,1
picard-validate-sam,15360,3680,9087.511996883686,9087.511996883686,Sizey,5407.511996883686,FALSE,2350,0,0
picard-validate-sam,15360,3537,2152.9708844448733,5626.319036646549,Sizey,2089.3190366465487,FALSE,1790,1758,1
picard-validate-sam,15360,4007,10083.149658931841,10083.149658931841,Sizey,6076.149658931841,FALSE,1419,0,0
picard-validate-sam,15360,4100,8009.903634320229,8009.903634320229,Sizey,3909.903634320229,FALSE,2213,0,0
picard-validate-sam,15360,4111,4447.678429078729,4447.678429078729,Sizey,336.6784290787291,FALSE,1923,0,0
picard-validate-sam,18182,4372,11071.046768038823,11071.046768038823,Sizey,6699.046768038823,FALSE,2048,0,0
picard-validate-sam,18182,4096,10172.865430090542,10172.865430090542,Sizey,6076.865430090542,FALSE,2867,0,0
picard-validate-sam,18182,4364,8020.097447741428,8020.097447741428,Sizey,3656.0974477414284,FALSE,2334,0,0
picard-validate-sam,18182,4318,3640.2764194949655,5626.2875593610415,Sizey,1308.2875593610415,FALSE,2712,2664,1
picard-validate-sam,18182,4248,15742.843414727298,15742.843414727298,Sizey,11494.843414727298,FALSE,2123,0,0
picard-validate-sam,18182,3764,6540.499627873911,6540.499627873911,Sizey,2776.499627873911,FALSE,2021,0,0
picard-validate-sam,18182,4297,12620.897680614931,12620.897680614931,Sizey,8323.897680614931,FALSE,2699,0,0
picard-validate-sam,18182,3956,4197.572977622545,4197.572977622545,Sizey,241.5729776225453,FALSE,2340,0,0
picard-validate-sam,18182,3919,12783.285362243929,12783.285362243929,Sizey,8864.285362243929,FALSE,2000,0,0
picard-validate-sam,18182,3982,7520.974913393477,7520.974913393477,Sizey,3538.9749133934774,FALSE,2603,0,0
picard-validate-sam,18182,4253,10833.509739470674,10833.509739470674,Sizey,6580.509739470674,FALSE,2974,0,0
picard-validate-sam,18182,3630,7149.287044484426,7149.287044484426,Sizey,3519.2870444844257,FALSE,2644,0,0
picard-validate-sam,18182,4020,8801.068570458914,8801.068570458914,Sizey,4781.068570458914,FALSE,2265,0,0
picard-validate-sam,18182,3956,13329.589118582222,13329.589118582222,Sizey,9373.589118582222,FALSE,2063,0,0
picard-validate-sam,18182,3796,10483.705520356432,10483.705520356432,Sizey,6687.705520356432,FALSE,1945,0,0
picard-validate-sam,18182,3610,9443.423223151229,9443.423223151229,Sizey,5833.423223151229,FALSE,1781,0,0
picard-validate-sam,18182,4436,4308.900375713522,5626.2875593610415,Sizey,1190.2875593610415,FALSE,2037,2001,1
picard-validate-sam,18182,4148,12487.500869499752,12487.500869499752,Sizey,8339.500869499752,FALSE,2305,0,0
picard-validate-sam,18182,3657,3464.3449173911276,5626.2875593610415,Sizey,1969.2875593610415,FALSE,2004,1969,1
picard-validate-sam,18182,4868,4155.820048724758,5626.2875593610415,Sizey,758.2875593610415,FALSE,2112,2075,1
picard-validate-sam,18182,4132,4338.431562967863,4338.431562967863,Sizey,206.4315629678631,FALSE,2098,0,0
picard-validate-sam,18182,4830,5740.244730360263,5740.244730360263,Sizey,910.2447304,FALSE,2301,0,0
picard-validate-sam,18182,4546,6774.606536454922,6774.606536454922,Sizey,2228.606536454922,FALSE,2316,0,0
picard-validate-sam,18182,4000,7482.573991125192,7482.573991125192,Sizey,3482.573991125192,FALSE,2138,0,0
picard-validate-sam,18182,4236,2976.3485254770285,5626.2875593610415,Sizey,1390.2875593610415,FALSE,2517,2473,1
picard-validate-sam,18182,3828,10879.684629259675,10879.684629259675,Sizey,7051.684629259675,FALSE,2903,0,0
picard-validate-sam,18182,3780,5014.743949144439,5014.743949144439,Sizey,1234.7439491444393,FALSE,2003,0,0
picard-validate-sam,18182,4260,8110.557107492872,8110.557107492872,Sizey,3850.557107492872,FALSE,2721,0,0
picard-validate-sam,18182,3620,8458.112472104363,8458.112472104363,Sizey,4838.112472104363,FALSE,2816,0,0
picard-validate-sam,18182,4292,6091.6970193031775,6091.6970193031775,Sizey,1799.6970193031775,FALSE,2582,0,0
picard-collect-wgs-metrics,10240,1743,2162.186526295211,2162.186526295211,Sizey,419.1865263,FALSE,1257,0,0
picard-collect-wgs-metrics,10240,1698,1613.7258351030873,4020.200716552997,Sizey,2322.200716552997,FALSE,1195,1191,1
picard-collect-wgs-metrics,10240,1576,2189.081771611941,2189.081771611941,Sizey,613.0817716119409,FALSE,1332,0,0
picard-collect-wgs-metrics,10240,1452,1403.3699398421213,4020.200716552997,Sizey,2568.200716552997,FALSE,1404,1399,1
picard-collect-wgs-metrics,10240,1751,9762.314070915078,9762.314070915078,Sizey,8011.3140709150775,FALSE,1245,0,0
picard-collect-wgs-metrics,10240,1581,1813.6042777892644,1813.6042777892644,Sizey,232.60427778926442,FALSE,1198,0,0
picard-collect-wgs-metrics,10240,1584,2010.0130720613001,2010.0130720613001,Sizey,426.01307206130014,FALSE,1338,0,0
picard-collect-wgs-metrics,10240,1442,1588.1084238401543,1588.1084238401543,Sizey,146.10842384015427,FALSE,1282,0,0
picard-collect-wgs-metrics,10240,1518,1615.6387564055442,1615.6387564055442,Sizey,97.63875641,FALSE,1304,0,0
picard-collect-wgs-metrics,10240,1673,1712.6970529417883,1712.6970529417883,Sizey,39.69705294178834,FALSE,1370,0,0
picard-collect-wgs-metrics,10240,1583,2416.039921935982,2416.039921935982,Sizey,833.0399219,FALSE,1379,0,0
picard-collect-wgs-metrics,10240,1696,2757.592114715139,2757.592114715139,Sizey,1061.592114715139,FALSE,1267,0,0
picard-collect-wgs-metrics,10240,1597,1829.4507243415408,1829.4507243415408,Sizey,232.45072434154076,FALSE,1314,0,0
picard-collect-wgs-metrics,10240,1713,1451.7772772623666,4020.200716552997,Sizey,2307.200716552997,FALSE,1252,1247,1
picard-collect-wgs-metrics,10240,1440,763.4718060304508,4020.200716552997,Sizey,2580.200716552997,FALSE,1353,1348,1
picard-collect-wgs-metrics,10240,1687,1766.0532170254921,1766.0532170254921,Sizey,79.05321702549213,FALSE,1360,0,0
picard-collect-wgs-metrics,10240,1767,1456.1751129590355,4020.200716552997,Sizey,2253.200716552997,FALSE,1384,1379,1
picard-collect-wgs-metrics,10240,1409,1087.0972572024712,4020.200716552997,Sizey,2611.200716552997,FALSE,1313,1308,1
picard-collect-wgs-metrics,10240,1579,2043.5959926859236,2043.5959926859236,Sizey,464.59599268592365,FALSE,1256,0,0
picard-collect-wgs-metrics,10240,1706,3268.209033038786,3268.209033038786,Sizey,1562.209033038786,FALSE,1292,0,0
picard-collect-wgs-metrics,10240,1883,1276.743102991733,4020.200716552997,Sizey,2137.200716552997,FALSE,1279,1274,1
picard-collect-wgs-metrics,10240,1752,1730.693374,4020.200716552997,Sizey,2268.200716552997,FALSE,1250,1245,1
picard-collect-wgs-metrics,10240,1751,2095.327404043134,2095.327404043134,Sizey,344.3274040431338,FALSE,1282,0,0
picard-collect-wgs-metrics,10240,1765,1652.2611202703106,4020.200716552997,Sizey,2255.200716552997,FALSE,1249,1244,1
picard-collect-wgs-metrics,10240,1452,3467.090618488107,3467.090618488107,Sizey,2015.0906184881069,FALSE,1251,0,0
picard-collect-wgs-metrics,10240,1842,1916.049544786264,1916.049544786264,Sizey,74.04954478626405,FALSE,1270,0,0
picard-collect-wgs-metrics,10240,1504,1340.0790973106882,4020.200716552997,Sizey,2516.200716552997,FALSE,1194,1190,1
picard-collect-wgs-metrics,10240,1630,1655.7968991114947,1655.7968991114947,Sizey,25.796899111494668,FALSE,1360,0,0
picard-collect-wgs-metrics,10240,1648,2709.4103947884637,2709.4103947884637,Sizey,1061.4103947884637,FALSE,1340,0,0
picard-collect-wgs-metrics,10240,1369,1831.748971025949,1831.748971025949,Sizey,462.748971,FALSE,1225,0,0
picard-collect-wgs-metrics,15360,1555,8669.559326255252,8669.559326255252,Sizey,7114.559326255252,FALSE,1627,0,0
picard-collect-wgs-metrics,15360,1713,1424.7137195988835,4020.200716552997,Sizey,2307.200716552997,FALSE,1811,1804,1
picard-collect-wgs-metrics,15360,1551,2127.077959008657,2127.077959008657,Sizey,576.0779590086572,FALSE,1683,0,0
picard-collect-wgs-metrics,15360,1466,1440.072902515702,4020.200716552997,Sizey,2554.200716552997,FALSE,1672,1666,1
picard-collect-wgs-metrics,15360,1601,3888.072327443014,3888.072327443014,Sizey,2287.072327443014,FALSE,1709,0,0
picard-collect-wgs-metrics,15360,1740,1610.2826964676146,4020.200716552997,Sizey,2280.200716552997,FALSE,1655,1649,1
picard-collect-wgs-metrics,15360,1823,1908.4262090322893,1908.4262090322893,Sizey,85.42620903228931,FALSE,1665,0,0
picard-collect-wgs-metrics,15360,1748,2338.8584378037685,2338.8584378037685,Sizey,590.8584378037685,FALSE,1667,0,0
picard-collect-wgs-metrics,15360,1684,2214.8821686809943,2214.8821686809943,Sizey,530.8821686809943,FALSE,1606,0,0
picard-collect-wgs-metrics,15360,1759,1328.7191189242667,4020.200716552997,Sizey,2261.200716552997,FALSE,1687,1681,1
picard-collect-wgs-metrics,15360,1541,1479.0448873595367,4020.200716552997,Sizey,2479.200716552997,FALSE,1615,1609,1
picard-collect-wgs-metrics,15360,1642,2658.0654424227623,2658.0654424227623,Sizey,1016.0654424227623,FALSE,1841,0,0
picard-collect-wgs-metrics,15360,1549,1853.6048822745938,1853.6048822745938,Sizey,304.6048822745938,FALSE,1709,0,0
picard-collect-wgs-metrics,15360,1454,1845.1583888392158,1845.1583888392158,Sizey,391.15838883921583,FALSE,1780,0,0
picard-collect-wgs-metrics,15360,1750,1728.7176968456665,4020.200716552997,Sizey,2270.200716552997,FALSE,1673,1667,1
picard-collect-wgs-metrics,15360,1657,1827.0119688549757,1827.0119688549757,Sizey,170.01196885497575,FALSE,1623,0,0
picard-collect-wgs-metrics,15360,1803,1829.434438491268,1829.434438491268,Sizey,26.43443849126811,FALSE,1660,0,0
picard-collect-wgs-metrics,15360,1692,1732.147886179023,1732.147886179023,Sizey,40.14788617902309,FALSE,1579,0,0
picard-collect-wgs-metrics,15360,1585,2657.024882,2657.024882,Sizey,1072.024882,FALSE,1755,0,0
picard-collect-wgs-metrics,15360,1497,1268.7160444026638,4020.200716552997,Sizey,2523.200716552997,FALSE,1615,1609,1
picard-collect-wgs-metrics,15360,1662,1276.2861173515626,4020.200716552997,Sizey,2358.200716552997,FALSE,1650,1644,1
picard-collect-wgs-metrics,15360,1579,2409.934956877395,2409.934956877395,Sizey,830.9349569,FALSE,1631,0,0
picard-collect-wgs-metrics,15360,1637,2052.1455259109453,2052.1455259109453,Sizey,415.14552591094525,FALSE,1649,0,0
picard-collect-wgs-metrics,15360,1630,1686.1718172043368,1686.1718172043368,Sizey,56.171817204336776,FALSE,1815,0,0
picard-collect-wgs-metrics,15360,1599,1788.8949365086273,1788.8949365086273,Sizey,189.89493650862732,FALSE,1827,0,0
picard-collect-wgs-metrics,15360,1655,3074.323973123912,3074.323973123912,Sizey,1419.3239731239119,FALSE,1746,0,0
picard-collect-wgs-metrics,15360,1677,1784.8657407721328,1784.8657407721328,Sizey,107.86574077213277,FALSE,1629,0,0
picard-collect-wgs-metrics,15360,1421,677.8805096951247,4020.200716552997,Sizey,2599.200716552997,FALSE,1668,1662,1
picard-collect-wgs-metrics,15360,1705,1955.847751,1955.847751,Sizey,250.84775055704995,FALSE,1789,0,0
picard-collect-wgs-metrics,15360,1674,1588.5395082417174,4020.200716552997,Sizey,2346.200716552997,FALSE,1700,1694,1
picard-collect-wgs-metrics,18182,1450,1045.7014158603915,4020.200716552997,Sizey,2570.200716552997,FALSE,1896,1889,1
picard-collect-wgs-metrics,18182,1500,1404.798654569538,4020.200716552997,Sizey,2520.200716552997,FALSE,1936,1929,1
picard-collect-wgs-metrics,18182,1550,1914.8458017295113,1914.8458017295113,Sizey,364.8458017295113,FALSE,2053,0,0
picard-collect-wgs-metrics,18182,1540,2153.0272346556385,2153.0272346556385,Sizey,613.0272346556385,FALSE,1990,0,0
picard-collect-wgs-metrics,18182,1602,2136.1765215562477,2136.1765215562477,Sizey,534.1765215562477,FALSE,1921,0,0
picard-collect-wgs-metrics,18182,1706,2004.1404928586182,2004.1404928586182,Sizey,298.14049285861825,FALSE,1841,0,0
picard-collect-wgs-metrics,18182,1696,1890.1567011118887,1890.1567011118887,Sizey,194.15670111188865,FALSE,1914,0,0
picard-collect-wgs-metrics,18182,1773,1720.725522698792,4020.200716552997,Sizey,2247.200716552997,FALSE,2003,1996,1
picard-collect-wgs-metrics,18182,1753,2252.514869,2252.514869,Sizey,499.5148687026399,FALSE,1901,0,0
picard-collect-wgs-metrics,18182,1660,2106.576977629366,2106.576977629366,Sizey,446.57697762936596,FALSE,2123,0,0
picard-collect-wgs-metrics,18182,1708,4279.227897675097,4279.227897675097,Sizey,2571.2278976750968,FALSE,2104,0,0
picard-collect-wgs-metrics,18182,1622,1541.1090736686895,4020.200716552997,Sizey,2398.200716552997,FALSE,2002,1995,1
picard-collect-wgs-metrics,18182,1833,4517.8951457038465,4517.8951457038465,Sizey,2684.8951457038465,FALSE,1866,0,0
picard-collect-wgs-metrics,18182,1687,1795.5089473360692,1795.5089473360692,Sizey,108.50894733606924,FALSE,1912,0,0
picard-collect-wgs-metrics,18182,1580,2840.304365620212,2840.304365620212,Sizey,1260.3043656202121,FALSE,1864,0,0
picard-collect-wgs-metrics,18182,1668,1310.9934243770247,4020.200716552997,Sizey,2352.200716552997,FALSE,1954,1947,1
picard-collect-wgs-metrics,18182,1700,1704.0940587632886,1704.0940587632886,Sizey,4.094058763288558,FALSE,1958,0,0
picard-collect-wgs-metrics,18182,1496,1384.472939031926,4020.200716552997,Sizey,2524.200716552997,FALSE,2058,2050,1
picard-collect-wgs-metrics,18182,1713,2462.224015,2462.224015,Sizey,749.2240145609298,FALSE,1909,0,0
picard-collect-wgs-metrics,18182,1620,858.9057817842571,4020.200716552997,Sizey,2400.200716552997,FALSE,2039,2031,1
picard-collect-wgs-metrics,18182,1681,1725.4890187006224,1725.4890187006224,Sizey,44.48901870062241,FALSE,1876,0,0
picard-collect-wgs-metrics,18182,1598,1853.992308284028,1853.992308284028,Sizey,255.9923083,FALSE,1855,0,0
picard-collect-wgs-metrics,18182,1885,2110.8906392483887,2110.8906392483887,Sizey,225.89063924838865,FALSE,1899,0,0
picard-collect-wgs-metrics,18182,1762,1822.7207005607615,1822.7207005607615,Sizey,60.72070056076154,FALSE,1913,0,0
picard-collect-wgs-metrics,18182,1624,1709.6221459065962,1709.6221459065962,Sizey,85.62214590659619,FALSE,1883,0,0
picard-collect-wgs-metrics,18182,1762,3375.489048,3375.489048,Sizey,1613.4890481912898,FALSE,1906,0,0
picard-collect-wgs-metrics,18182,1697,1482.0315301358405,4020.200716552997,Sizey,2323.200716552997,FALSE,1875,1868,1
picard-collect-wgs-metrics,18182,1872,2880.6586856980744,2880.6586856980744,Sizey,1008.6586856980744,FALSE,1871,0,0
picard-collect-wgs-metrics,18182,1722,1752.5546010717521,1752.5546010717521,Sizey,30.55460107175213,FALSE,2034,0,0
picard-collect-wgs-metrics,18182,1515,1261.6414922945046,4020.200716552997,Sizey,2505.200716552997,FALSE,1880,1873,1
fastqc,5113,666,933.9536547433902,933.9536547433902,WittPercentile,267.9536547433902,FALSE,441,0,0
fastqc,5128,625,1002.5285839929636,1002.5285839929636,WittPercentile,377.5285839929636,FALSE,432,0,0
fastqc,5113,796,1134.3770720371804,1134.3770720371804,WittPercentile,338.37707203718037,FALSE,445,0,0
fastqc,5128,645,872.8501122754487,872.8501122754487,WittPercentile,227.85011227544874,FALSE,439,0,0
fastqc,5113,669,1047.6437340153443,1047.6437340153443,WittPercentile,378.6437340153443,FALSE,387,0,0
fastqc,5128,638,1025.4509433962264,1025.4509433962264,WittPercentile,387.4509433962264,FALSE,429,0,0
fastqc,5113,580,1010.1117424242423,1010.1117424242423,WittPercentile,430.11174242424227,FALSE,449,0,0
fastqc,5128,674,1143.5015668202766,1143.5015668202766,WittPercentile,469.5015668202766,FALSE,460,0,0
fastqc,5113,626,1010.8315881326347,1010.8315881326347,WittPercentile,384.8315881326347,FALSE,441,0,0
fastqc,5128,781,1071.1231543624162,1071.1231543624162,WittPercentile,290.12315436241624,FALSE,437,0,0
fastqc,5113,706,887.9607734806629,887.9607734806629,WittPercentile,181.96077348066285,FALSE,434,0,0
fastqc,5128,826,961.5322997416021,961.5322997416021,WittPercentile,135.53229974160206,FALSE,419,0,0
fastqc,5113,674,987.0753713838936,987.0753713838936,WittPercentile,313.07537138389364,FALSE,447,0,0
fastqc,5128,630,1399.8237410071943,1399.8237410071943,WittPercentile,769.8237410071943,FALSE,474,0,0
fastqc,5113,671,905.0137096774192,905.0137096774192,WittPercentile,234.01370967741923,FALSE,452,0,0
fastqc,5128,730,1295.1969696969697,1295.1969696969697,WittPercentile,565.1969696969697,FALSE,476,0,0
fastqc,5113,555,996.7950581395348,996.7950581395348,WittPercentile,441.79505813953483,FALSE,468,0,0
fastqc,5128,724,1361.7887550200803,1361.7887550200803,WittPercentile,637.7887550200803,FALSE,445,0,0
fastqc,5113,748,1190.6859130434782,1190.6859130434782,WittPercentile,442.6859130434782,FALSE,462,0,0
fastqc,5128,804,1136.1004636785162,1136.1004636785162,WittPercentile,332.10046367851623,FALSE,480,0,0
fastqc,5113,785,1307.496,1307.496,WittPercentile,522.4960000000001,FALSE,457,0,0
fastqc,5128,723,1193.1109528049865,1193.1109528049865,WittPercentile,470.1109528049865,FALSE,446,0,0
fastqc,5113,737,1118.767217175887,1118.767217175887,WittPercentile,381.7672172,FALSE,490,0,0
fastqc,5128,637,891.6036979969182,891.6036979969182,WittPercentile,254.60369799691819,FALSE,458,0,0
fastqc,5113,707,1407.1359223300967,1407.1359223300967,WittPercentile,700.1359223300967,FALSE,480,0,0
fastqc,5128,675,872.7124298,872.7124298,WittPercentile,197.71242977528095,FALSE,474,0,0
fastqc,5113,638,807.2429649965682,807.2429649965682,WittPercentile,169.24296499656816,FALSE,441,0,0
fastqc,5128,688,1108.6318739054288,1108.6318739054288,WittPercentile,420.63187390542885,FALSE,456,0,0
fastqc,5113,669,1050.7972742759791,1050.7972742759791,WittPercentile,381.79727427597913,FALSE,489,0,0
fastqc,5128,701,932.5144736842103,932.5144736842103,WittPercentile,231.51447368421032,FALSE,481,0,0
fastqc,5113,738,1029.7045072574479,1029.7045072574479,WittPercentile,291.70450725744786,FALSE,449,0,0
fastqc,5128,689,938.4959999999999,938.4959999999999,WittPercentile,249.49599999999987,FALSE,449,0,0
fastqc,5113,706,1212.5929038281977,1212.5929038281977,WittPercentile,506.5929038281977,FALSE,486,0,0
fastqc,5128,725,976.2024158125914,976.2024158125914,WittPercentile,251.20241581259143,FALSE,494,0,0
fastqc,5113,571,1708.4799676898222,1708.4799676898222,WittPercentile,1137.4799676898222,FALSE,474,0,0
fastqc,5128,759,997.6682080924847,997.6682080924847,WittPercentile,238.66820809248475,FALSE,488,0,0
fastqc,5113,723,1309.1541211519361,1309.1541211519361,WittPercentile,586.1541211519361,FALSE,465,0,0
fastqc,5128,706,1022.2014150943396,1022.2014150943396,WittPercentile,316.2014150943396,FALSE,461,0,0
fastqc,5113,742,1084.590630048465,1084.590630048465,WittPercentile,342.5906300484651,FALSE,465,0,0
fastqc,5128,645,1165.4005847953217,1165.4005847953217,WittPercentile,520.4005847953217,FALSE,463,0,0
fastqc,5113,722,885.3353826030085,885.3353826030085,WittPercentile,163.3353826030085,FALSE,463,0,0
fastqc,5128,750,1126.3014527845025,1126.3014527845025,WittPercentile,376.30145278450254,FALSE,435,0,0
fastqc,5113,739,1146.6498751040801,1146.6498751040801,WittPercentile,407.64987510408014,FALSE,452,0,0
fastqc,5128,710,1013.2291666666666,1013.2291666666666,WittPercentile,303.22916666666663,FALSE,456,0,0
fastqc,5113,642,1087.1160877513712,1087.1160877513712,WittPercentile,445.1160877513712,FALSE,461,0,0
fastqc,5128,687,1017.8816326530612,1017.8816326530612,WittPercentile,330.88163265306116,FALSE,449,0,0
fastqc,5113,717,1035.5868157286045,1035.5868157286045,WittPercentile,318.5868157286045,FALSE,402,0,0
fastqc,5128,656,875.8715976331359,875.8715976331359,WittPercentile,219.87159763313593,FALSE,424,0,0
fastqc,5113,649,787.3980497646266,787.3980497646266,WittPercentile,138.39804976462665,FALSE,431,0,0
fastqc,5128,782,1345.9170093457944,1345.9170093457944,WittPercentile,563.9170093457944,FALSE,456,0,0
fastqc,5113,735,1365.8749999999998,1365.8749999999998,WittPercentile,630.8749999999998,FALSE,451,0,0
fastqc,5128,658,1005.3403422982884,1005.3403422982884,WittPercentile,347.3403422982884,FALSE,467,0,0
fastqc,5113,651,970.7237410071934,970.7237410071934,WittPercentile,319.72374100719344,FALSE,447,0,0
fastqc,5128,674,1128.0054249547918,1128.0054249547918,WittPercentile,454.0054249547918,FALSE,490,0,0
fastqc,5113,638,1016.682991452991,1016.682991452991,WittPercentile,378.6829915,FALSE,456,0,0
fastqc,5128,685,1303.794923857868,1303.794923857868,WittPercentile,618.7949238578681,FALSE,469,0,0
fastqc,5113,706,1360.781837160751,1360.781837160751,WittPercentile,654.7818371607509,FALSE,466,0,0
fastqc,5128,712,1086.8366056572374,1086.8366056572374,WittPercentile,374.83660565723744,FALSE,457,0,0
fastqc,5113,711,1048.395568090249,1048.395568090249,WittPercentile,337.39556809024907,FALSE,455,0,0
fastqc,5128,656,1192.452208047105,1192.452208047105,WittPercentile,536.4522080471049,FALSE,473,0,0
fastqc,7669,678,1189.0206863679693,1189.0206863679693,WittPercentile,511.02068636796935,FALSE,632,0,0
fastqc,7692,721,1118.0102127659575,1118.0102127659575,WittPercentile,397.0102127659575,FALSE,573,0,0
fastqc,7669,654,1177.4529980657635,1177.4529980657635,WittPercentile,523.4529980657635,FALSE,694,0,0
fastqc,7692,679,1136.3734177215188,1136.3734177215188,WittPercentile,457.37341772151876,FALSE,646,0,0
fastqc,7669,637,1138.1592945662535,1138.1592945662535,WittPercentile,501.1592945662535,FALSE,701,0,0
fastqc,7692,666,932.1947611710323,932.1947611710323,WittPercentile,266.19476117103227,FALSE,662,0,0
fastqc,7669,542,915.7414794007487,915.7414794007487,WittPercentile,373.74147940074874,FALSE,671,0,0
fastqc,7692,683,1359.3689320388346,1359.3689320388346,WittPercentile,676.3689320388346,FALSE,639,0,0
fastqc,7669,631,843.9567131327954,843.9567131327954,WittPercentile,212.95671313279536,FALSE,641,0,0
fastqc,7692,617,832.1810117302051,832.1810117302051,WittPercentile,215.1810117302051,FALSE,664,0,0
fastqc,7669,719,1394.4289079229115,1394.4289079229115,WittPercentile,675.4289079229115,FALSE,632,0,0
fastqc,7692,709,841.1154384,841.1154384,WittPercentile,132.1154384,FALSE,655,0,0
fastqc,7669,789,1215.2199324324322,1215.2199324324322,WittPercentile,426.2199324324322,FALSE,618,0,0
fastqc,7692,765,1005.5549132947971,1005.5549132947971,WittPercentile,240.55491329479707,FALSE,622,0,0
fastqc,7669,672,941.2110091743119,941.2110091743119,WittPercentile,269.2110091743119,FALSE,643,0,0
fastqc,7692,678,1080.4248717948713,1080.4248717948713,WittPercentile,402.42487179487125,FALSE,653,0,0
fastqc,7669,718,903.0535911602209,903.0535911602209,WittPercentile,185.0535911602209,FALSE,620,0,0
fastqc,7692,650,982.6980598221495,982.6980598221495,WittPercentile,332.6980598221495,FALSE,615,0,0
fastqc,7669,707,1022.9914353687549,1022.9914353687549,WittPercentile,315.9914353687549,FALSE,586,0,0
fastqc,7692,696,1089.9253196930938,1089.9253196930938,WittPercentile,393.9253196930938,FALSE,651,0,0
fastqc,7669,664,1097.2376681614346,1097.2376681614346,WittPercentile,433.2376681614346,FALSE,609,0,0
fastqc,7692,759,1218.1415492957744,1218.1415492957744,WittPercentile,459.14154929577444,FALSE,640,0,0
fastqc,7669,619,1059.3759293680298,1059.3759293680298,WittPercentile,440.3759293680298,FALSE,686,0,0
fastqc,7692,740,1271.3917910447763,1271.3917910447763,WittPercentile,531.3917910447763,FALSE,724,0,0
fastqc,7669,708,1127.0128695652172,1127.0128695652172,WittPercentile,419.0128695652172,FALSE,674,0,0
fastqc,7692,711,1013.2438419829589,1013.2438419829589,WittPercentile,302.2438419829589,FALSE,652,0,0
fastqc,7669,752,1141.537241948802,1141.537241948802,WittPercentile,389.5372419488019,FALSE,619,0,0
fastqc,7692,707,1200.580970149253,1200.580970149253,WittPercentile,493.58097014925306,FALSE,616,0,0
fastqc,7669,668,984.9904915390807,984.9904915390807,WittPercentile,316.9904915390807,FALSE,664,0,0
fastqc,7692,668,1075.257918,1075.257918,WittPercentile,407.25791776027995,FALSE,705,0,0
fastqc,7669,642,1164.3945205479451,1164.3945205479451,WittPercentile,522.3945205479451,FALSE,685,0,0
fastqc,7692,657,917.6565250379364,917.6565250379364,WittPercentile,260.6565250379364,FALSE,634,0,0
fastqc,7669,641,789.9483849259753,789.9483849259753,WittPercentile,148.94838492597535,FALSE,692,0,0
fastqc,7692,678,982.2692490118573,982.2692490118573,WittPercentile,304.26924901185726,FALSE,690,0,0
fastqc,7669,771,1059.7298405466963,1059.7298405466963,WittPercentile,288.7298405466963,FALSE,628,0,0
fastqc,7692,783,1041.5960526315787,1041.5960526315787,WittPercentile,258.5960526315787,FALSE,663,0,0
fastqc,7669,660,1242.1159715157676,1242.1159715157676,WittPercentile,582.1159715157676,FALSE,668,0,0
fastqc,7692,606,820.2282404,820.2282404,WittPercentile,214.22824040550302,FALSE,692,0,0
fastqc,7669,652,842.9755617977527,842.9755617977527,WittPercentile,190.97556179775268,FALSE,550,0,0
fastqc,7692,715,1066.1558752997591,1066.1558752997591,WittPercentile,351.15587529975915,FALSE,556,0,0
fastqc,7669,700,885.6897735072064,885.6897735072064,WittPercentile,185.68977350720638,FALSE,631,0,0
fastqc,7692,763,1081.5150980392157,1081.5150980392157,WittPercentile,318.5150980392157,FALSE,641,0,0
fastqc,7669,762,1115.951681000782,1115.951681000782,WittPercentile,353.95168100078195,FALSE,634,0,0
fastqc,7692,742,1994.8923076923077,1994.8923076923077,WittPercentile,1252.8923076923077,FALSE,632,0,0
fastqc,7669,630,1094.5153203342616,1094.5153203342616,WittPercentile,464.51532033426156,FALSE,651,0,0
fastqc,7692,590,1109.9298969072163,1109.9298969072163,WittPercentile,519.9298969072163,FALSE,648,0,0
fastqc,7669,655,1071.124448367167,1071.124448367167,WittPercentile,416.1244483671669,FALSE,693,0,0
fastqc,7692,676,1400.2537016574584,1400.2537016574584,WittPercentile,724.2537016574584,FALSE,677,0,0
fastqc,7669,646,783.7583053,783.7583053,WittPercentile,137.75830531271004,FALSE,648,0,0
fastqc,7692,648,1185.5308151093438,1185.5308151093438,WittPercentile,537.5308151093438,FALSE,682,0,0
fastqc,7669,700,1278.5926660059458,1278.5926660059458,WittPercentile,578.5926660059458,FALSE,668,0,0
fastqc,7692,707,963.6579341317364,963.6579341317364,WittPercentile,256.6579341317364,FALSE,722,0,0
fastqc,7669,695,1031.0654093097912,1031.0654093097912,WittPercentile,336.0654093097912,FALSE,632,0,0
fastqc,7692,658,1085.1786971830988,1085.1786971830988,WittPercentile,427.17869718309885,FALSE,617,0,0
fastqc,7669,645,981.2336371168182,981.2336371168182,WittPercentile,336.23363711681816,FALSE,675,0,0
fastqc,7692,692,1086.770648464164,1086.770648464164,WittPercentile,394.77064846416397,FALSE,673,0,0
fastqc,7669,671,1077.1100261551874,1077.1100261551874,WittPercentile,406.11002615518737,FALSE,683,0,0
fastqc,7692,669,953.5605633802816,953.5605633802816,WittPercentile,284.56056338028156,FALSE,661,0,0
fastqc,7669,654,954.0049960348928,954.0049960348928,WittPercentile,300.00499603489277,FALSE,678,0,0
fastqc,7692,769,1028.789723,1028.789723,WittPercentile,259.789723,FALSE,631,0,0
fastqc,9078,622,992.9747870528108,992.9747870528108,WittPercentile,370.9747870528108,FALSE,747,0,0
fastqc,9105,695,930.2574999999998,930.2574999999998,WittPercentile,235.25749999999982,FALSE,728,0,0
fastqc,9078,636,927.7479777954004,927.7479777954004,WittPercentile,291.7479777954004,FALSE,817,0,0
fastqc,9105,649,907.9021505376344,907.9021505376344,WittPercentile,258.9021505376344,FALSE,803,0,0
fastqc,9078,642,945.5645765472311,945.5645765472311,WittPercentile,303.5645765472311,FALSE,814,0,0
fastqc,9105,676,1026.3631792376314,1026.3631792376314,WittPercentile,350.36317923763136,FALSE,791,0,0
fastqc,9078,673,1137.345437956204,1137.345437956204,WittPercentile,464.345438,FALSE,825,0,0
fastqc,9105,681,1077.5510841283606,1077.5510841283606,WittPercentile,396.55108412836057,FALSE,763,0,0
fastqc,9078,719,872.3254203093476,872.3254203093476,WittPercentile,153.32542030934758,FALSE,827,0,0
fastqc,9105,786,1120.997356143079,1120.997356143079,WittPercentile,334.99735614307906,FALSE,792,0,0
fastqc,9078,653,1072.080888888889,1072.080888888889,WittPercentile,419.0808888888889,FALSE,814,0,0
fastqc,9105,617,919.3955846279638,919.3955846279638,WittPercentile,302.3955846279638,FALSE,789,0,0
fastqc,9078,546,948.5799442896932,948.5799442896932,WittPercentile,402.57994428969323,FALSE,824,0,0
fastqc,9105,696,875.3834254143644,875.3834254143644,WittPercentile,179.3834254143644,FALSE,799,0,0
fastqc,9078,642,1098.7388475836433,1098.7388475836433,WittPercentile,456.7388475836433,FALSE,817,0,0
fastqc,9105,670,1003.6459175424413,1003.6459175424413,WittPercentile,333.64591754244134,FALSE,784,0,0
fastqc,9078,659,954.7425296442685,954.7425296442685,WittPercentile,295.74252964426853,FALSE,814,0,0
fastqc,9105,698,1065.4662229617297,1065.4662229617297,WittPercentile,367.4662229617297,FALSE,772,0,0
fastqc,9078,693,1077.191566,1077.191566,WittPercentile,384.1915662650599,FALSE,810,0,0
fastqc,9105,642,899.1926605504588,899.1926605504588,WittPercentile,257.19266055045875,FALSE,806,0,0
fastqc,9078,677,916.9638704930096,916.9638704930096,WittPercentile,239.9638704930096,FALSE,832,0,0
fastqc,9105,634,1018.7840425531912,1018.7840425531912,WittPercentile,384.78404255319117,FALSE,780,0,0
fastqc,9078,706,955.2137724550896,955.2137724550896,WittPercentile,249.2137724550896,FALSE,817,0,0
fastqc,9105,713,1265.0348484848485,1265.0348484848485,WittPercentile,552.0348484848485,FALSE,792,0,0
fastqc,9078,719,1115.6174021648628,1115.6174021648628,WittPercentile,396.6174021648628,FALSE,650,0,0
fastqc,9105,685,1144.3730699364214,1144.3730699364214,WittPercentile,459.3730699364214,FALSE,652,0,0
fastqc,9078,694,1195.4085501858735,1195.4085501858735,WittPercentile,501.40855018587354,FALSE,667,0,0
fastqc,9105,750,1068.822618125484,1068.822618125484,WittPercentile,318.82261812548404,FALSE,633,0,0
fastqc,9078,704,1075.6224938875305,1075.6224938875305,WittPercentile,371.6224938875305,FALSE,752,0,0
fastqc,9105,716,1754.578835978836,1754.578835978836,WittPercentile,1038.578835978836,FALSE,701,0,0
fastqc,9078,756,1107.1646598905393,1107.1646598905393,WittPercentile,351.16465989053927,FALSE,737,0,0
fastqc,9105,738,933.7700754975976,933.7700754975976,WittPercentile,195.77007549759765,FALSE,721,0,0
fastqc,9078,675,872.7124298,872.7124298,WittPercentile,197.71242977528095,FALSE,742,0,0
fastqc,9105,790,1514.4398340248954,1514.4398340248954,WittPercentile,724.4398340248954,FALSE,717,0,0
fastqc,9078,662,946.8260188087775,946.8260188087775,WittPercentile,284.82601880877746,FALSE,773,0,0
fastqc,9105,689,1123.2769434628967,1123.2769434628967,WittPercentile,434.2769434628967,FALSE,731,0,0
fastqc,9078,709,1275.369141,1275.369141,WittPercentile,566.3691406,FALSE,779,0,0
fastqc,9105,739,983.0644736842104,983.0644736842104,WittPercentile,244.06447368421038,FALSE,746,0,0
fastqc,9078,696,956.6432801822317,956.6432801822317,WittPercentile,260.6432801822317,FALSE,774,0,0
fastqc,9105,729,1333.722166998012,1333.722166998012,WittPercentile,604.722167,FALSE,739,0,0
fastqc,9078,649,865.1452173913044,865.1452173913044,WittPercentile,216.1452173913044,FALSE,783,0,0
fastqc,9105,731,887.9876684636115,887.9876684636115,WittPercentile,156.9876684636115,FALSE,732,0,0
fastqc,9078,657,1189.6462760675272,1189.6462760675272,WittPercentile,532.6462760675272,FALSE,772,0,0
fastqc,9105,761,1690.898201438849,1690.898201438849,WittPercentile,929.8982014388489,FALSE,736,0,0
fastqc,9078,663,1096.1068181818175,1096.1068181818175,WittPercentile,433.1068181818175,FALSE,774,0,0
fastqc,9105,650,1046.5340909090908,1046.5340909090908,WittPercentile,396.53409090909076,FALSE,739,0,0
fastqc,9078,708,1347.5719796954313,1347.5719796954313,WittPercentile,639.5719796954313,FALSE,778,0,0
fastqc,9105,650,907.8793626707134,907.8793626707134,WittPercentile,257.87936267071336,FALSE,749,0,0
fastqc,9078,697,1245.3642516682553,1245.3642516682553,WittPercentile,548.3642516682553,FALSE,774,0,0
fastqc,9105,730,1247.6486988847582,1247.6486988847582,WittPercentile,517.6486988847582,FALSE,761,0,0
fastqc,9078,651,1299.703197353914,1299.703197353914,WittPercentile,648.7031974,FALSE,790,0,0
fastqc,9105,704,1324.3909278350513,1324.3909278350513,WittPercentile,620.3909278350513,FALSE,752,0,0
fastqc,9078,675,1062.1811440677964,1062.1811440677964,WittPercentile,387.18114406779637,FALSE,774,0,0
fastqc,9105,773,1054.0075611564123,1054.0075611564123,WittPercentile,281.0075611564123,FALSE,741,0,0
fastqc,9078,582,930.1463793103447,930.1463793103447,WittPercentile,348.14637931034474,FALSE,782,0,0
fastqc,9105,695,984.6286161063331,984.6286161063331,WittPercentile,289.6286161063331,FALSE,736,0,0
fastqc,9078,696,906.8053408292338,906.8053408292338,WittPercentile,210.80534082923384,FALSE,759,0,0
fastqc,9105,769,912.2958703939001,912.2958703939001,WittPercentile,143.29587039390015,FALSE,745,0,0
fastqc,9078,724,1322.4301288404354,1322.4301288404354,WittPercentile,598.4301288404354,FALSE,779,0,0
fastqc,9105,725,1088.758071025019,1088.758071025019,WittPercentile,363.75807102501904,FALSE,744,0,0
fastq-cleaner,10240,1683,1696.0128865979382,1696.0128865979382,WittPercentile,13.012886597938177,FALSE,2149,0,0
fastq-cleaner,10240,1683,1693.1037735849056,1693.1037735849056,WittPercentile,10.103773584905639,FALSE,2230,0,0
fastq-cleaner,10240,1684,1702.8724137931035,1702.8724137931035,WittPercentile,18.872413793103533,FALSE,2207,0,0
fastq-cleaner,10240,1684,1695.5639484978544,1695.5639484978544,WittPercentile,11.563948497854426,FALSE,2299,0,0
fastq-cleaner,10240,1684,1686.876174210077,1686.876174210077,WittPercentile,2.876174210076897,FALSE,2175,0,0
fastq-cleaner,10240,1683,1691.6529562982007,1691.6529562982007,WittPercentile,8.652956298200706,FALSE,2192,0,0
fastq-cleaner,10240,1684,1689.7621899059022,1689.7621899059022,WittPercentile,5.762189905902233,FALSE,2307,0,0
fastq-cleaner,10240,1684,1694.1097770154377,1694.1097770154377,WittPercentile,10.109777015437658,FALSE,2325,0,0
fastq-cleaner,10240,1684,1694.1097770154377,1694.1097770154377,WittPercentile,10.109777015437658,FALSE,2316,0,0
fastq-cleaner,10240,1683,1688.7587681779296,1688.7587681779296,WittPercentile,5.758768177929596,FALSE,2296,0,0
fastq-cleaner,10240,1684,1685.4368600682596,1685.4368600682596,WittPercentile,1.436860068259648,FALSE,2181,0,0
fastq-cleaner,10240,1683,1691.6529562982007,1691.6529562982007,WittPercentile,8.652956298200706,FALSE,2133,0,0
fastq-cleaner,10240,1683,1697.4711951848667,1697.4711951848667,WittPercentile,14.471195184866701,FALSE,2328,0,0
fastq-cleaner,10240,1684,1691.2089041095892,1691.2089041095892,WittPercentile,7.208904109589184,FALSE,2184,0,0
fastq-cleaner,10240,1684,1723.6753926701574,1723.6753926701574,WittPercentile,39.67539267015741,FALSE,2279,0,0
fastq-cleaner,10240,1684,1722.172624,1722.172624,WittPercentile,38.17262424,FALSE,2298,0,0
fastq-cleaner,10240,1684,1699.9414802065405,1699.9414802065405,WittPercentile,15.941480206540518,FALSE,2298,0,0
fastq-cleaner,10240,1684,1688.3179487179489,1688.3179487179489,WittPercentile,4.317948717948866,FALSE,2273,0,0
fastq-cleaner,10240,1683,1694.5570815450644,1694.5570815450644,WittPercentile,11.55708154506442,FALSE,2250,0,0
fastq-cleaner,10240,1684,1684,1684,WittPercentile,0,FALSE,2199,0,0
fastq-cleaner,10240,1683,1684.4360068259389,1684.4360068259389,WittPercentile,1.4360068259388754,FALSE,2221,0,0
fastq-cleaner,10240,1683,1694.5570815450644,1694.5570815450644,WittPercentile,11.55708154506442,FALSE,2193,0,0
fastq-cleaner,10240,1683,1691.6529562982007,1691.6529562982007,WittPercentile,8.652956298200706,FALSE,2270,0,0
fastq-cleaner,10240,1683,1687.3153846153848,1687.3153846153848,WittPercentile,4.315384615384801,FALSE,2309,0,0
fastq-cleaner,10240,1684,1689.7621899059022,1689.7621899059022,WittPercentile,5.762189905902233,FALSE,2167,0,0
fastq-cleaner,10240,1684,1697.020618556701,1697.020618556701,WittPercentile,13.020618556701038,FALSE,2158,0,0
fastq-cleaner,10240,1683,1690.2046232876714,1690.2046232876714,WittPercentile,7.2046232876714384,FALSE,2197,0,0
fastq-cleaner,10240,1683,1685.8744662681468,1685.8744662681468,WittPercentile,2.8744662681467616,FALSE,2295,0,0
fastq-cleaner,10240,1683,1685.8744662681468,1685.8744662681468,WittPercentile,2.8744662681467616,FALSE,2181,0,0
fastq-cleaner,10240,1684,1684,1684,WittPercentile,0,FALSE,2277,0,0
fastq-cleaner,15360,1748,1753.9811804961503,1753.9811804961503,WittPercentile,5.981180496150273,FALSE,3221,0,0
fastq-cleaner,15360,1747,1783.4908616187988,1783.4908616187988,WittPercentile,36.49086161879882,FALSE,3397,0,0
fastq-cleaner,15360,1748,1750.9854824935953,1750.9854824935953,WittPercentile,2.9854824935953275,FALSE,3196,0,0
fastq-cleaner,15360,1747,1752.9777587681776,1752.9777587681776,WittPercentile,5.977758768177637,FALSE,3161,0,0
fastq-cleaner,15360,1748,1764.5473321858865,1764.5473321858865,WittPercentile,16.54733218588649,FALSE,3286,0,0
fastq-cleaner,15360,1748,1749.491467576792,1749.491467576792,WittPercentile,1.4914675767920471,FALSE,3102,0,0
fastq-cleaner,15360,1748,1746.5110732538333,3493.0221465076665,WittPercentile,1745.0221465076665,FALSE,3244,2930,1
fastq-cleaner,15360,1748,1755.4828767123292,1755.4828767123292,WittPercentile,7.482876712329244,FALSE,3093,0,0
fastq-cleaner,15360,1747,1755.982005141388,1755.982005141388,WittPercentile,8.982005141388072,FALSE,3146,0,0
fastq-cleaner,15360,1747,1754.478595890411,1754.478595890411,WittPercentile,7.478595890411043,FALSE,3303,0,0
fastq-cleaner,15360,1748,1748.0000000000002,1748.0000000000002,WittPercentile,2.2737367544323206e-13,FALSE,3233,0,0
fastq-cleaner,15360,1747,1763.537865748709,1763.537865748709,WittPercentile,16.53786574870901,FALSE,3381,0,0
fastq-cleaner,15360,1748,1792.311188811189,1792.311188811189,WittPercentile,44.31118881118891,FALSE,3400,0,0
fastq-cleaner,15360,1747,1752.9777587681776,1752.9777587681776,WittPercentile,5.977758768177637,FALSE,3139,0,0
fastq-cleaner,15360,1748,1760.003433476395,1760.003433476395,WittPercentile,12.003433476395003,FALSE,3277,0,0
fastq-cleaner,15360,1747,1748.490614334471,1748.490614334471,WittPercentile,1.4906143344710472,FALSE,3207,0,0
fastq-cleaner,15360,1748,1761.515463917526,1761.515463917526,WittPercentile,13.515463917525949,FALSE,3240,0,0
fastq-cleaner,15360,1748,1761.515463917526,1761.515463917526,WittPercentile,13.515463917525949,FALSE,3193,0,0
fastq-cleaner,15360,1748,1758.4939965694684,1758.4939965694684,WittPercentile,10.493996569468436,FALSE,3288,0,0
fastq-cleaner,15360,1748,1758.4939965694684,1758.4939965694684,WittPercentile,10.493996569468436,FALSE,3186,0,0
fastq-cleaner,15360,1748,1763.0300945829752,1763.0300945829752,WittPercentile,15.030094582975153,FALSE,3117,0,0
fastq-cleaner,15360,1747,1748.490614334471,1748.490614334471,WittPercentile,1.4906143344710472,FALSE,3148,0,0
fastq-cleaner,15360,1747,1755.982005141388,1755.982005141388,WittPercentile,8.982005141388072,FALSE,3158,0,0
fastq-cleaner,15360,1747,1751.479487179487,1751.479487179487,WittPercentile,4.479487179487023,FALSE,3278,0,0
fastq-cleaner,15360,1748,1767.589655172414,1767.589655172414,WittPercentile,19.58965517241404,FALSE,3208,0,0
fastq-cleaner,15360,1748,1756.987146529563,1756.987146529563,WittPercentile,8.987146529563006,FALSE,3400,0,0
fastq-cleaner,15360,1747,1751.479487179487,1751.479487179487,WittPercentile,4.479487179487023,FALSE,3155,0,0
fastq-cleaner,15360,1748,1760.003433476395,1760.003433476395,WittPercentile,12.003433476395003,FALSE,3183,0,0
fastq-cleaner,15360,1747,1749.983774551665,1749.983774551665,WittPercentile,2.9837745516649647,FALSE,3297,0,0
fastq-cleaner,15360,1748,1755.4828767123292,1755.4828767123292,WittPercentile,7.482876712329244,FALSE,3228,0,0
fastq-cleaner,18182,1775,1782.5984589041097,1782.5984589041097,WittPercentile,7.598458904109748,FALSE,3604,0,0
fastq-cleaner,18182,1775,1810.4999999999998,1810.4999999999998,WittPercentile,35.49999999999977,FALSE,3949,0,0
fastq-cleaner,18182,1775,1781.0735671514112,1781.0735671514112,WittPercentile,6.0735671514112255,FALSE,3952,0,0
fastq-cleaner,18182,1775,1782.5984589041097,1782.5984589041097,WittPercentile,7.598458904109748,FALSE,3934,0,0
fastq-cleaner,18182,1775,1785.6560891938252,1785.6560891938252,WittPercentile,10.65608919382521,FALSE,3933,0,0
fastq-cleaner,18182,1775,1782.5984589041097,1782.5984589041097,WittPercentile,7.598458904109748,FALSE,3953,0,0
fastq-cleaner,18182,1775,1779.551282051282,1779.551282051282,WittPercentile,4.551282051281987,FALSE,3939,0,0
fastq-cleaner,18182,1775,1784.125964010283,1784.125964010283,WittPercentile,9.125964010283042,FALSE,3948,0,0
fastq-cleaner,18182,1775,1787.188841201717,1787.188841201717,WittPercentile,12.188841201716968,FALSE,3945,0,0
fastq-cleaner,18182,1775,1790.2622527944968,1790.2622527944968,WittPercentile,15.262252794496817,FALSE,3960,0,0
fastq-cleaner,18182,1775,1788.7242268041234,1788.7242268041234,WittPercentile,13.724226804123418,FALSE,3931,0,0
fastq-cleaner,18182,1775,1778.0315969257044,1778.0315969257044,WittPercentile,3.0315969257044344,FALSE,3943,0,0
fastq-cleaner,18182,1776,1788.1957081545063,1788.1957081545063,WittPercentile,12.195708154506292,FALSE,3658,0,0
fastq-cleaner,18182,1775,1778.0315969257044,1778.0315969257044,WittPercentile,3.0315969257044344,FALSE,3624,0,0
fastq-cleaner,18182,1775,1784.125964010283,1784.125964010283,WittPercentile,9.125964010283042,FALSE,3740,0,0
fastq-cleaner,18182,1775,1793.3462532299745,1793.3462532299745,WittPercentile,18.346253229974536,FALSE,3757,0,0
fastq-cleaner,18182,1775,1778.0315969257044,1778.0315969257044,WittPercentile,3.0315969257044344,FALSE,3759,0,0
fastq-cleaner,18182,1775,1776.5145051194543,1776.5145051194543,WittPercentile,1.5145051194542702,FALSE,3730,0,0
fastq-cleaner,18182,1775,1775,1775,WittPercentile,0,FALSE,3736,0,0
fastq-cleaner,18182,1775,1775,1775,WittPercentile,0,FALSE,3734,0,0
fastq-cleaner,18182,1775,1785.6560891938252,1785.6560891938252,WittPercentile,10.65608919382521,FALSE,3716,0,0
fastq-cleaner,18182,1774,1775.513651877133,1775.513651877133,WittPercentile,1.513651877133043,FALSE,3725,0,0
fastq-cleaner,18182,1774,1815.7958115183246,1815.7958115183246,WittPercentile,41.795811518324626,FALSE,3737,0,0
fastq-cleaner,18182,1775,1784.125964010283,1784.125964010283,WittPercentile,9.125964010283042,FALSE,3751,0,0
fastq-cleaner,18182,1774,1814.2127288578902,1814.2127288578902,WittPercentile,40.21272885789017,FALSE,3760,0,0
fastq-cleaner,18182,1775,1781.0735671514112,1781.0735671514112,WittPercentile,6.0735671514112255,FALSE,3760,0,0
fastq-cleaner,18182,1775,1788.7242268041234,1788.7242268041234,WittPercentile,13.724226804123418,FALSE,3747,0,0
fastq-cleaner,18182,1775,1782.5984589041097,1782.5984589041097,WittPercentile,7.598458904109748,FALSE,3748,0,0
fastq-cleaner,18182,1775,1790.2622527944968,1790.2622527944968,WittPercentile,15.262252794496817,FALSE,3765,0,0
fastq-cleaner,18182,1775,1779.551282051282,1779.551282051282,WittPercentile,4.551282051281987,FALSE,3781,0,0
burrows-wheeler-aligner,10240,15243,15848.464018613926,15848.464018613926,WittPercentile,605.4640186139259,FALSE,4144,0,0
burrows-wheeler-aligner,10240,15342,15293.070004783925,30586.14000956785,WittPercentile,15244.140009567851,FALSE,4152,3707,1
burrows-wheeler-aligner,10240,15308,15428.846141453198,15428.846141453198,WittPercentile,120.84614145319756,FALSE,4343,0,0
burrows-wheeler-aligner,10240,15395,15892.042924294905,15892.042924294905,WittPercentile,497.0429242949049,FALSE,4477,0,0
burrows-wheeler-aligner,10240,15224,15523.197849812672,15523.197849812672,WittPercentile,299.19784981267185,FALSE,4079,0,0
burrows-wheeler-aligner,10240,15276,15477.982391972808,15477.982391972808,WittPercentile,201.98239197280782,FALSE,4430,0,0
burrows-wheeler-aligner,10240,15244,15536.819794888492,15536.819794888492,WittPercentile,292.81979488849174,FALSE,4291,0,0
burrows-wheeler-aligner,10240,15395,15749.862677783229,15749.862677783229,WittPercentile,354.8626777832287,FALSE,4473,0,0
burrows-wheeler-aligner,10240,15248,15250.43734015345,15250.43734015345,WittPercentile,2.437340153,FALSE,4444,0,0
burrows-wheeler-aligner,10240,15208,15679.17732366513,15679.17732366513,WittPercentile,471.17732366512973,FALSE,4504,0,0
burrows-wheeler-aligner,10240,15137,15323.000323362976,15323.000323362976,WittPercentile,186.0003233629759,FALSE,4278,0,0
burrows-wheeler-aligner,10240,15257,15402.140761044822,15402.140761044822,WittPercentile,145.14076104482228,FALSE,4508,0,0
burrows-wheeler-aligner,10240,15299,15702.239183204854,15702.239183204854,WittPercentile,403.23918320485427,FALSE,4504,0,0
burrows-wheeler-aligner,10240,15240,15853.527182044885,15853.527182044885,WittPercentile,613.5271820448852,FALSE,4439,0,0
burrows-wheeler-aligner,10240,15231,15566.923051788923,15566.923051788923,WittPercentile,335.92305178892275,FALSE,4510,0,0
burrows-wheeler-aligner,10240,15312,15885.882587064676,15885.882587064676,WittPercentile,573.8825871,FALSE,4479,0,0
burrows-wheeler-aligner,10240,15182,15562.482555282557,15562.482555282557,WittPercentile,380.48255528255686,FALSE,4458,0,0
burrows-wheeler-aligner,10240,15247,15616.44269810085,15616.44269810085,WittPercentile,369.44269810084916,FALSE,4507,0,0
burrows-wheeler-aligner,10240,15251,15292.555858310625,15292.555858310625,WittPercentile,41.55585831,FALSE,4370,0,0
burrows-wheeler-aligner,10240,15345,15888.32065,15888.32065,WittPercentile,543.3206485771007,FALSE,4340,0,0
burrows-wheeler-aligner,10240,15226,15888.77284856571,15888.77284856571,WittPercentile,662.7728485657099,FALSE,4351,0,0
burrows-wheeler-aligner,10240,15293,15717.59618859865,15717.59618859865,WittPercentile,424.59618859865077,FALSE,4109,0,0
burrows-wheeler-aligner,10240,15226,15945.628573819888,15945.628573819888,WittPercentile,719.6285738198876,FALSE,4443,0,0
burrows-wheeler-aligner,10240,15361,16151.51062184874,16151.51062184874,WittPercentile,790.5106218487399,FALSE,4540,0,0
burrows-wheeler-aligner,10240,15292,15889.34375,15889.34375,WittPercentile,597.34375,FALSE,4486,0,0
burrows-wheeler-aligner,10240,15255,15756.196136701337,15756.196136701337,WittPercentile,501.1961367013373,FALSE,4343,0,0
burrows-wheeler-aligner,10240,15244,15692.24230959039,15692.24230959039,WittPercentile,448.2423095903905,FALSE,4398,0,0
burrows-wheeler-aligner,10240,15225,15540.821917808218,15540.821917808218,WittPercentile,315.82191780821813,FALSE,4529,0,0
burrows-wheeler-aligner,10240,15210,15431.827904715605,15431.827904715605,WittPercentile,221.82790471560475,FALSE,4484,0,0
burrows-wheeler-aligner,10240,15335,16013.20010013351,16013.20010013351,WittPercentile,678.2001001335102,FALSE,4392,0,0
burrows-wheeler-aligner,15360,15446,15833.098771498771,15833.098771498771,WittPercentile,387.0987714987714,FALSE,6374,0,0
burrows-wheeler-aligner,15360,15467,15811.413020748245,15811.413020748245,WittPercentile,344.4130207482449,FALSE,6640,0,0
burrows-wheeler-aligner,15360,15409,16204.855148048451,16204.855148048451,WittPercentile,795.8551480484512,FALSE,6350,0,0
burrows-wheeler-aligner,15360,15492,15867.686711453382,15867.686711453382,WittPercentile,375.6867114533816,FALSE,6622,0,0
burrows-wheeler-aligner,15360,15499,15778.965663140763,15778.965663140763,WittPercentile,279.96566314076335,FALSE,6552,0,0
burrows-wheeler-aligner,15360,15352,16071.303882195447,16071.303882195447,WittPercentile,719.3038821954469,FALSE,6579,0,0
burrows-wheeler-aligner,15360,15334,15967.111233150277,15967.111233150277,WittPercentile,633.1112331502773,FALSE,6610,0,0
burrows-wheeler-aligner,15360,15390,15985.26394422311,15985.26394422311,WittPercentile,595.2639442231102,FALSE,6198,0,0
burrows-wheeler-aligner,15360,15402,15399.417010062287,30798.834020124574,WittPercentile,15396.834020124574,FALSE,6391,5706,1
burrows-wheeler-aligner,15360,15394,15891.010638297874,15891.010638297874,WittPercentile,497.0106382978738,FALSE,6548,0,0
burrows-wheeler-aligner,15360,15445,15847.780875840577,15847.780875840577,WittPercentile,402.7808758405772,FALSE,6288,0,0
burrows-wheeler-aligner,15360,15342,15921.909262948206,15921.909262948206,WittPercentile,579.9092629482057,FALSE,6479,0,0
burrows-wheeler-aligner,15360,15353,16023.97347789825,16023.97347789825,WittPercentile,670.9734778982493,FALSE,6378,0,0
burrows-wheeler-aligner,15360,15422,15730.892405475877,15730.892405475877,WittPercentile,308.89240547587724,FALSE,6506,0,0
burrows-wheeler-aligner,15360,15510,15482.785133195086,30965.570266390172,WittPercentile,15455.570266390172,FALSE,6492,5796,1
burrows-wheeler-aligner,15360,15421,15962.356515979467,15962.356515979467,WittPercentile,541.3565159794671,FALSE,6270,0,0
burrows-wheeler-aligner,15360,15429,15907.02439,15907.02439,WittPercentile,478.0243902438997,FALSE,6639,0,0
burrows-wheeler-aligner,15360,15387,15545.910440535743,15545.910440535743,WittPercentile,158.91044053574296,FALSE,6534,0,0
burrows-wheeler-aligner,15360,15397,15528.555860067709,15528.555860067709,WittPercentile,131.55586006770864,FALSE,6647,0,0
burrows-wheeler-aligner,15360,15377,15406.552210121718,15406.552210121718,WittPercentile,29.552210121717508,FALSE,6080,0,0
burrows-wheeler-aligner,15360,15513,16126.406545937863,16126.406545937863,WittPercentile,613.4065459378635,FALSE,6163,0,0
burrows-wheeler-aligner,15360,15439,15888.383818450911,15888.383818450911,WittPercentile,449.38381845091135,FALSE,6594,0,0
burrows-wheeler-aligner,15360,15433,15804.362088721557,15804.362088721557,WittPercentile,371.3620887215566,FALSE,6194,0,0
burrows-wheeler-aligner,15360,15432,15657.065629557606,15657.065629557606,WittPercentile,225.06562955760637,FALSE,6649,0,0
burrows-wheeler-aligner,15360,15359,15876.719101123597,15876.719101123597,WittPercentile,517.7191011235973,FALSE,6698,0,0
burrows-wheeler-aligner,15360,15353,15556.000501699302,15556.000501699302,WittPercentile,203.00050169930182,FALSE,6761,0,0
burrows-wheeler-aligner,15360,15442,15753.557953063886,15753.557953063886,WittPercentile,311.5579530638861,FALSE,6428,0,0
burrows-wheeler-aligner,15360,15436,15893.287689269255,15893.287689269255,WittPercentile,457.28768926925477,FALSE,6560,0,0
burrows-wheeler-aligner,15360,15370,16038.784689793194,16038.784689793194,WittPercentile,668.7846898,FALSE,6726,0,0
burrows-wheeler-aligner,15360,15449,15634.807565470415,15634.807565470415,WittPercentile,185.80756547041528,FALSE,6561,0,0
burrows-wheeler-aligner,18182,15472,15993.52808988764,15993.52808988764,WittPercentile,521.5280898876408,FALSE,7274,0,0
burrows-wheeler-aligner,18182,15500,15861.96238757155,15861.96238757155,WittPercentile,361.9623875715497,FALSE,7987,0,0
burrows-wheeler-aligner,18182,15371,15577.673092499597,15577.673092499597,WittPercentile,206.67309249959726,FALSE,7899,0,0
burrows-wheeler-aligner,18182,15459,16073.043709489779,16073.043709489779,WittPercentile,614.0437094897788,FALSE,7857,0,0
burrows-wheeler-aligner,18182,15457,18718.349206349205,18718.349206349205,WittPercentile,3261.349206349205,FALSE,7950,0,0
burrows-wheeler-aligner,18182,15413,15739.74051386623,15739.74051386623,WittPercentile,326.7405138662307,FALSE,7856,0,0
burrows-wheeler-aligner,18182,15567,16138.125273359838,16138.125273359838,WittPercentile,571.1252733598376,FALSE,7759,0,0
burrows-wheeler-aligner,18182,15427,15728.679646522236,15728.679646522236,WittPercentile,301.6796465,FALSE,7821,0,0
burrows-wheeler-aligner,18182,15444,15799.992153016185,15799.992153016185,WittPercentile,355.9921530161846,FALSE,7875,0,0
burrows-wheeler-aligner,18182,15431,16097.198307769253,16097.198307769253,WittPercentile,666.1983078,FALSE,8143,0,0
burrows-wheeler-aligner,18182,15496,15872.037620842211,15872.037620842211,WittPercentile,376.03762084221125,FALSE,8189,0,0
burrows-wheeler-aligner,18182,15538,15990.265416872224,15990.265416872224,WittPercentile,452.2654168722238,FALSE,7772,0,0
burrows-wheeler-aligner,18182,15485,15509.791866794747,15509.791866794747,WittPercentile,24.791866794746966,FALSE,7610,0,0
burrows-wheeler-aligner,18182,15443,15941.592652152398,15941.592652152398,WittPercentile,498.59265215239793,FALSE,7669,0,0
burrows-wheeler-aligner,18182,15510,15987.741722945151,15987.741722945151,WittPercentile,477.7417229451512,FALSE,7906,0,0
burrows-wheeler-aligner,18182,15500,15918.01181102362,15918.01181102362,WittPercentile,418.0118110236199,FALSE,7903,0,0
burrows-wheeler-aligner,18182,15492,16217.86345381526,16217.86345381526,WittPercentile,725.8634538152601,FALSE,7706,0,0
burrows-wheeler-aligner,18182,15448,15450.469309462916,15450.469309462916,WittPercentile,2.469309462916499,FALSE,7818,0,0
burrows-wheeler-aligner,18182,15385,15770.570024570026,15770.570024570026,WittPercentile,385.57002457002636,FALSE,7672,0,0
burrows-wheeler-aligner,18182,15412,15382.98107547471,30765.96215094942,WittPercentile,15353.96215094942,FALSE,7752,6921,1
burrows-wheeler-aligner,18182,15533,15790.369395711503,15790.369395711503,WittPercentile,257.3693957115029,FALSE,7892,0,0
burrows-wheeler-aligner,18182,15516,16118.913317834606,16118.913317834606,WittPercentile,602.9133178346056,FALSE,7815,0,0
burrows-wheeler-aligner,18182,15442,16081.989680426097,16081.989680426097,WittPercentile,639.9896804,FALSE,7638,0,0
burrows-wheeler-aligner,18182,15451,15911.962037189403,15911.962037189403,WittPercentile,460.9620371894034,FALSE,7683,0,0
burrows-wheeler-aligner,18182,15494,15652.996283128636,15652.996283128636,WittPercentile,158.9962831286357,FALSE,7704,0,0
burrows-wheeler-aligner,18182,15423,16011.664122137405,16011.664122137405,WittPercentile,588.6641221374048,FALSE,7855,0,0
burrows-wheeler-aligner,18182,15436,15572.79987109249,15572.79987109249,WittPercentile,136.7998710924894,FALSE,7708,0,0
burrows-wheeler-aligner,18182,15384,15664.20946495365,15664.20946495365,WittPercentile,280.20946495365024,FALSE,7894,0,0
burrows-wheeler-aligner,18182,15482,15668.204461687681,15668.204461687681,WittPercentile,186.20446168768103,FALSE,7739,0,0
burrows-wheeler-aligner,18182,15490,16166.960800667222,16166.960800667222,WittPercentile,676.9608006672224,FALSE,7568,0,0
picard-markduplicate,10240,57210,58156.66616,58156.66616,WittPercentile,946.6661637118013,FALSE,5618,0,0
picard-markduplicate,10240,43045,63162.32769,63162.32769,WittPercentile,20117.327689191297,FALSE,5593,0,0
picard-markduplicate,10240,50035,62063.19343826836,62063.19343826836,WittPercentile,12028.193438268361,FALSE,5588,0,0
picard-markduplicate,10240,55042,61436.56774231702,61436.56774231702,WittPercentile,6394.567742,FALSE,5516,0,0
picard-markduplicate,10240,60015,79331.45058955642,79331.45058955642,WittPercentile,19316.45058955642,FALSE,5554,0,0
picard-markduplicate,10240,59382,61277.62027328195,61277.62027328195,WittPercentile,1895.620273281951,FALSE,5036,0,0
picard-markduplicate,10240,45435,73114.54654319583,73114.54654319583,WittPercentile,27679.54654319583,FALSE,6357,0,0
picard-markduplicate,10240,58006,50939.891598140865,101879.78319628173,WittPercentile,43873.78319628173,FALSE,5887,3477,1
picard-markduplicate,10240,52401,55086.98677,55086.98677,WittPercentile,2685.986773336801,FALSE,6227,0,0
picard-markduplicate,10240,54090,96369.42044272064,96369.42044272064,WittPercentile,42279.42044272064,FALSE,6705,0,0
picard-markduplicate,10240,56875,88502.04373278236,88502.04373278236,WittPercentile,31627.04373278236,FALSE,6180,0,0
picard-markduplicate,10240,55649,56285.71419597317,56285.71419597317,WittPercentile,636.7141959731671,FALSE,5446,0,0
picard-markduplicate,10240,47479,53231.73164063272,53231.73164063272,WittPercentile,5752.731640632723,FALSE,6416,0,0
picard-markduplicate,10240,53733,53751.59882349816,53751.59882349816,WittPercentile,18.598823498163256,FALSE,6282,0,0
picard-markduplicate,10240,56872,96293.53453175008,96293.53453175008,WittPercentile,39421.534531750076,FALSE,8592,0,0
picard-markduplicate,10240,57557,102273.56935681326,102273.56935681326,WittPercentile,44716.569356813256,FALSE,5917,0,0
picard-markduplicate,10240,41859,53608.46696715378,53608.46696715378,WittPercentile,11749.466967153778,FALSE,5747,0,0
picard-markduplicate,10240,57840,87781.11635,87781.11635,WittPercentile,29941.116353887395,FALSE,5926,0,0
picard-markduplicate,10240,57338,80091.54698,80091.54698,WittPercentile,22753.54698,FALSE,8649,0,0
picard-markduplicate,10240,57639,67255.00197823936,67255.00197823936,WittPercentile,9616.001978239365,FALSE,6005,0,0
picard-markduplicate,10240,58504,72988.83857035829,72988.83857035829,WittPercentile,14484.83857035829,FALSE,5575,0,0
picard-markduplicate,10240,60182,72490.41229469833,72490.41229469833,WittPercentile,12308.412294698326,FALSE,5456,0,0
picard-markduplicate,10240,49573,59310.25427901276,59310.25427901276,WittPercentile,9737.254279012763,FALSE,6522,0,0
picard-markduplicate,10240,53844,61187.76355717898,61187.76355717898,WittPercentile,7343.763557,FALSE,5879,0,0
picard-markduplicate,10240,47554,49567.90225949135,49567.90225949135,WittPercentile,2013.9022594913476,FALSE,5607,0,0
picard-markduplicate,10240,56624,64539.14481315276,64539.14481315276,WittPercentile,7915.144813152758,FALSE,5575,0,0
picard-markduplicate,10240,57470,61123.78830088795,61123.78830088795,WittPercentile,3653.7883008879508,FALSE,6008,0,0
picard-markduplicate,10240,56070,61372.88821067318,61372.88821067318,WittPercentile,5302.8882106731835,FALSE,6417,0,0
picard-markduplicate,10240,46646,46558.65256947021,93117.30513894041,WittPercentile,46471.30513894041,FALSE,5435,3210,1
picard-markduplicate,10240,37774,52068.26485,52068.26485,WittPercentile,14294.264851279797,FALSE,6328,0,0
picard-markduplicate,15360,55697,64989.01516650181,64989.01516650181,WittPercentile,9292.015166501813,FALSE,7495,0,0
picard-markduplicate,15360,55684,69548.13437665784,69548.13437665784,WittPercentile,13864.134376657836,FALSE,11357,0,0
picard-markduplicate,15360,58083,64830.85941966134,64830.85941966134,WittPercentile,6747.859419661341,FALSE,7771,0,0
picard-markduplicate,15360,51141,82145.68509115693,82145.68509115693,WittPercentile,31004.685091156935,FALSE,8121,0,0
picard-markduplicate,15360,55735,98959.71485713388,98959.71485713388,WittPercentile,43224.71485713388,FALSE,7986,0,0
picard-markduplicate,15360,54584,89424.68300871126,89424.68300871126,WittPercentile,34840.68300871126,FALSE,8252,0,0
picard-markduplicate,15360,55232,58743.50226961272,58743.50226961272,WittPercentile,3511.50227,FALSE,8018,0,0
picard-markduplicate,15360,55800,68728.62440997976,68728.62440997976,WittPercentile,12928.624409979762,FALSE,7762,0,0
picard-markduplicate,15360,45400,54832.627941207844,54832.627941207844,WittPercentile,9432.627941207844,FALSE,8021,0,0
picard-markduplicate,15360,60968,73079.85750774323,73079.85750774323,WittPercentile,12111.857507743232,FALSE,8165,0,0
picard-markduplicate,15360,49965,50645.889,50645.889,WittPercentile,680.8890024200009,FALSE,7735,0,0
picard-markduplicate,15360,59404,60482.59023257488,60482.59023257488,WittPercentile,1078.590232574883,FALSE,8210,0,0
picard-markduplicate,15360,38431,56391.948319742376,56391.948319742376,WittPercentile,17960.948319742376,FALSE,8388,0,0
picard-markduplicate,15360,33206,66384.59436943306,66384.59436943306,WittPercentile,33178.59436943306,FALSE,7697,0,0
picard-markduplicate,15360,46959,63316.636655948554,63316.636655948554,WittPercentile,16357.636655948554,FALSE,7947,0,0
picard-markduplicate,15360,55513,71095.02918721442,71095.02918721442,WittPercentile,15582.029187214415,FALSE,7866,0,0
picard-markduplicate,15360,59873,67693.82994490137,67693.82994490137,WittPercentile,7820.829944901372,FALSE,9411,0,0
picard-markduplicate,15360,45874,45807.09602664217,91614.19205328434,WittPercentile,45740.192053284336,FALSE,7662,4525,1
picard-markduplicate,15360,56636,56040.12390025217,112080.24780050434,WittPercentile,55444.24780050434,FALSE,8473,5004,1
picard-markduplicate,15360,53626,62115.94968122835,62115.94968122835,WittPercentile,8489.949681228347,FALSE,7712,0,0
picard-markduplicate,15360,41171,42576.23276313141,42576.23276313141,WittPercentile,1405.232763131411,FALSE,8062,0,0
picard-markduplicate,15360,54633,57722.97607648804,57722.97607648804,WittPercentile,3089.976076488041,FALSE,7976,0,0
picard-markduplicate,15360,53668,53675.599950436335,53675.599950436335,WittPercentile,7.599950436335348,FALSE,8153,0,0
picard-markduplicate,15360,60484,83564.97486272118,83564.97486272118,WittPercentile,23080.97486272118,FALSE,9423,0,0
picard-markduplicate,15360,61305,66892.22459096953,66892.22459096953,WittPercentile,5587.224590969534,FALSE,8037,0,0
picard-markduplicate,15360,49393,66180.19014201184,66180.19014201184,WittPercentile,16787.190142011837,FALSE,8290,0,0
picard-markduplicate,15360,59074,65987.81911575785,65987.81911575785,WittPercentile,6913.819115757855,FALSE,7972,0,0
picard-markduplicate,15360,57401,96297.53769344797,96297.53769344797,WittPercentile,38896.53769344797,FALSE,9410,0,0
picard-markduplicate,15360,61496,93598.53562402539,93598.53562402539,WittPercentile,32102.53562402539,FALSE,11880,0,0
picard-markduplicate,15360,50712,51292.226963758396,51292.226963758396,WittPercentile,580.2269637583959,FALSE,8168,0,0
picard-markduplicate,18182,56244,61563.34447157307,61563.34447157307,WittPercentile,5319.344471573073,FALSE,8935,0,0
picard-markduplicate,18182,57401,58210.36284153006,58210.36284153006,WittPercentile,809.3628415300627,FALSE,9820,0,0
picard-markduplicate,18182,46456,40796.87625561548,81593.75251123097,WittPercentile,35137.75251123097,FALSE,9607,5674,1
picard-markduplicate,18182,46867,80105.05205791762,80105.05205791762,WittPercentile,33238.05205791762,FALSE,10126,0,0
picard-markduplicate,18182,55020,57160.761642325706,57160.761642325706,WittPercentile,2140.761642325706,FALSE,10435,0,0
picard-markduplicate,18182,57267,86886.64476963898,86886.64476963898,WittPercentile,29619.64476963898,FALSE,9779,0,0
picard-markduplicate,18182,42432,70897.50463200778,70897.50463200778,WittPercentile,28465.50463200778,FALSE,10584,0,0
picard-markduplicate,18182,42963,97646.81103378923,97646.81103378923,WittPercentile,54683.81103378923,FALSE,9220,0,0
picard-markduplicate,18182,60897,71557.42606218156,71557.42606218156,WittPercentile,10660.426062181563,FALSE,10882,0,0
picard-markduplicate,18182,42992,43089.82328151008,43089.82328151008,WittPercentile,97.82328151007823,FALSE,9428,0,0
picard-markduplicate,18182,47118,50896.99453586376,50896.99453586376,WittPercentile,3778.9945358637633,FALSE,13560,0,0
picard-markduplicate,18182,58667,72864.14086656712,72864.14086656712,WittPercentile,14197.140866567119,FALSE,10571,0,0
picard-markduplicate,18182,46772,53027.36989208561,53027.36989208561,WittPercentile,6255.369892085611,FALSE,8541,0,0
picard-markduplicate,18182,56244,98628.76789809705,98628.76789809705,WittPercentile,42384.76789809705,FALSE,9030,0,0
picard-markduplicate,18182,56244,59425.09227840304,59425.09227840304,WittPercentile,3181.092278403041,FALSE,9528,0,0
picard-markduplicate,18182,52806,52802.682335763835,105605.36467152767,WittPercentile,52799.36467152767,FALSE,9147,5402,1
picard-markduplicate,18182,43444,69782.31053558244,69782.31053558244,WittPercentile,26338.310535582437,FALSE,8935,0,0
picard-markduplicate,18182,55412,74913.25011940014,74913.25011940014,WittPercentile,19501.250119400138,FALSE,9566,0,0
picard-markduplicate,18182,45364,46840.76591536422,46840.76591536422,WittPercentile,1476.7659153642235,FALSE,9170,0,0
picard-markduplicate,18182,55124,73030.79241418015,73030.79241418015,WittPercentile,17906.79241418015,FALSE,9331,0,0
picard-markduplicate,18182,55124,65478.46829309223,65478.46829309223,WittPercentile,10354.468293092228,FALSE,10390,0,0
picard-markduplicate,18182,42132,48629.783224622915,48629.783224622915,WittPercentile,6497.783224622915,FALSE,8871,0,0
picard-markduplicate,18182,52980,52992.19267809093,52992.19267809093,WittPercentile,12.192678090927075,FALSE,8995,0,0
picard-markduplicate,18182,58040,71565.26843323001,71565.26843323001,WittPercentile,13525.268433230012,FALSE,9478,0,0
picard-markduplicate,18182,60148,88658.09245838434,88658.09245838434,WittPercentile,28510.092458384344,FALSE,9458,0,0
picard-markduplicate,18182,48084,68605.47123018373,68605.47123018373,WittPercentile,20521.471230183728,FALSE,13748,0,0
picard-markduplicate,18182,56308,67677.4134,67677.4134,WittPercentile,11369.413402959093,FALSE,13422,0,0
picard-markduplicate,18182,51051,65380.58355766186,65380.58355766186,WittPercentile,14329.583557661863,FALSE,9421,0,0
picard-markduplicate,18182,55444,61932.97631875407,61932.97631875407,WittPercentile,6488.976318754067,FALSE,10687,0,0
picard-markduplicate,18182,56308,62469.16972962382,62469.16972962382,WittPercentile,6161.16973,FALSE,10324,0,0
samtools-sort-markduplicate,10240,20473,20488.32869122492,20488.32869122492,WittPercentile,15.328691224920476,FALSE,1250,0,0
samtools-sort-markduplicate,10240,20392,20450.131732933234,20450.131732933234,WittPercentile,58.13173293323416,FALSE,1213,0,0
samtools-sort-markduplicate,10240,20423,20456.665967331035,20456.665967331035,WittPercentile,33.66596733103506,FALSE,1255,0,0
samtools-sort-markduplicate,10240,20498,20504.135288835678,20504.135288835678,WittPercentile,6.135288835677784,FALSE,1676,0,0
samtools-sort-markduplicate,10240,20433,30410.637274549095,30410.637274549095,WittPercentile,9977.637274549095,FALSE,1214,0,0
samtools-sort-markduplicate,10240,20387,20383.949880311193,40767.899760622386,WittPercentile,20380.899760622386,FALSE,1256,365,1
samtools-sort-markduplicate,10240,20478,20484.12930260401,20484.12930260401,WittPercentile,6.129302604011173,FALSE,1692,0,0
samtools-sort-markduplicate,10240,20489,20492.06584,20492.06584,WittPercentile,3.065838695198181,FALSE,1539,0,0
samtools-sort-markduplicate,10240,20499,20514.34815813118,20514.34815813118,WittPercentile,15.348158131178934,FALSE,1510,0,0
samtools-sort-markduplicate,10240,20508,20535.655379083008,20535.655379083008,WittPercentile,27.655379083007574,FALSE,1910,0,0
samtools-sort-markduplicate,10240,20445,20457.24434795628,20457.24434795628,WittPercentile,12.244347956278943,FALSE,1731,0,0
samtools-sort-markduplicate,10240,20501,30289.275862068964,30289.275862068964,WittPercentile,9788.275862068964,FALSE,1413,0,0
samtools-sort-markduplicate,10240,20461,125124.72461116192,125124.72461116192,WittPercentile,104663.72461116192,FALSE,1497,0,0
samtools-sort-markduplicate,10240,20433,62668.07664066086,62668.07664066086,WittPercentile,42235.07664066086,FALSE,1249,0,0
samtools-sort-markduplicate,10240,20412,40388.93072824157,40388.93072824157,WittPercentile,19976.93072824157,FALSE,1585,0,0
samtools-sort-markduplicate,10240,20467,20476.804550898203,20476.804550898203,WittPercentile,9.804550898,FALSE,1352,0,0
samtools-sort-markduplicate,10240,20400,40198.58490566038,40198.58490566038,WittPercentile,19798.584905660377,FALSE,1811,0,0
samtools-sort-markduplicate,10240,20419,20437.345911949684,20437.345911949684,WittPercentile,18.345911949683796,FALSE,1739,0,0
samtools-sort-markduplicate,10240,20454,20457.367165519307,20457.367165519307,WittPercentile,3.3671655193065817,FALSE,1656,0,0
samtools-sort-markduplicate,10240,20542,61077.725978647686,61077.725978647686,WittPercentile,40535.725978647686,FALSE,1538,0,0
samtools-sort-markduplicate,10240,20491,30314.706507304116,30314.706507304116,WittPercentile,9823.706507304116,FALSE,1557,0,0
samtools-sort-markduplicate,10240,20515,20556.368328335833,20556.368328335833,WittPercentile,41.36832833583321,FALSE,1166,0,0
samtools-sort-markduplicate,10240,20415,20417.90202753255,20417.90202753255,WittPercentile,2.902027532549255,FALSE,1420,0,0
samtools-sort-markduplicate,10240,20504,60614.21318000884,60614.21318000884,WittPercentile,40110.21318000884,FALSE,1225,0,0
samtools-sort-markduplicate,10240,20425,20425,20425,WittPercentile,0,FALSE,1283,0,0
samtools-sort-markduplicate,10240,20447,20474.568988764044,20474.568988764044,WittPercentile,27.568988764043752,FALSE,1273,0,0
samtools-sort-markduplicate,10240,20449,20473.504493708806,20473.504493708806,WittPercentile,24.504493708805967,FALSE,1052,0,0
samtools-sort-markduplicate,10240,20470,20484.098218296156,20484.098218296156,WittPercentile,14.09821829615612,FALSE,1811,0,0
samtools-sort-markduplicate,10240,20511,20511.76728265749,20511.76728265749,WittPercentile,0.7672826574889768,FALSE,1361,0,0
samtools-sort-markduplicate,10240,20493,50377.05479955866,50377.05479955866,WittPercentile,29884.05479955866,FALSE,1415,0,0
samtools-sort-markduplicate,15360,20468,20507.886673662124,20507.886673662124,WittPercentile,39.88667366212394,FALSE,1820,0,0
samtools-sort-markduplicate,15360,20487,20493.13199640826,20493.13199640826,WittPercentile,6.131996408,FALSE,2338,0,0
samtools-sort-markduplicate,15360,20506,20518.280880371312,20518.280880371312,WittPercentile,12.280880371312378,FALSE,2035,0,0
samtools-sort-markduplicate,15360,20467,20488.46031,20488.46031,WittPercentile,21.460305572200014,FALSE,2034,0,0
samtools-sort-markduplicate,15360,20483,62033.69823289532,62033.69823289532,WittPercentile,41550.69823289532,FALSE,1880,0,0
samtools-sort-markduplicate,15360,20418,20434.510512129382,20434.510512129382,WittPercentile,16.510512129381823,FALSE,2076,0,0
samtools-sort-markduplicate,15360,20447,20477.636799520526,20477.636799520526,WittPercentile,30.63679952052553,FALSE,2053,0,0
samtools-sort-markduplicate,15360,20471,20492.154695222405,20492.154695222405,WittPercentile,21.15469522240528,FALSE,1821,0,0
samtools-sort-markduplicate,15360,20430,30257.948149789492,30257.948149789492,WittPercentile,9827.948149789492,FALSE,1883,0,0
samtools-sort-markduplicate,15360,20467,40738.960095294824,40738.960095294824,WittPercentile,20271.960095294824,FALSE,2013,0,0
samtools-sort-markduplicate,15360,20407,20471.31742458352,20471.31742458352,WittPercentile,64.31742458352164,FALSE,1791,0,0
samtools-sort-markduplicate,15360,20465,20489.523666866386,20489.523666866386,WittPercentile,24.52366686638561,FALSE,2378,0,0
samtools-sort-markduplicate,15360,20453,20456.060451892863,20456.060451892863,WittPercentile,3.060451892863057,FALSE,2091,0,0
samtools-sort-markduplicate,15360,20445,60789.31494661921,60789.31494661921,WittPercentile,40344.31494661921,FALSE,1832,0,0
samtools-sort-markduplicate,15360,20456,20449.880945258752,40899.761890517504,WittPercentile,20443.761890517504,FALSE,2204,641,1
samtools-sort-markduplicate,15360,20497,20512.34436292858,20512.34436292858,WittPercentile,15.344362928579358,FALSE,1806,0,0
samtools-sort-markduplicate,15360,20401,60283.06100795756,60283.06100795756,WittPercentile,39882.06100795756,FALSE,2017,0,0
samtools-sort-markduplicate,15360,20499,20499.766833757294,20499.766833757294,WittPercentile,0.766833757,FALSE,1731,0,0
samtools-sort-markduplicate,15360,20419,20419,20419,WittPercentile,0,FALSE,1913,0,0
samtools-sort-markduplicate,15360,20421,20423.902880442914,20423.902880442914,WittPercentile,2.9028804429144657,FALSE,1804,0,0
samtools-sort-markduplicate,15360,20472,40376.17232221894,40376.17232221894,WittPercentile,19904.17232221894,FALSE,1818,0,0
samtools-sort-markduplicate,15360,20400,40163.063328424156,40163.063328424156,WittPercentile,19763.063328424156,FALSE,1693,0,0
samtools-sort-markduplicate,15360,20433,20443.24708832335,20443.24708832335,WittPercentile,10.247088323350908,FALSE,1730,0,0
samtools-sort-markduplicate,15360,20467,125390.85976168654,125390.85976168654,WittPercentile,104923.85976168654,FALSE,1977,0,0
samtools-sort-markduplicate,15360,20411,20423.223985626588,20423.223985626588,WittPercentile,12.223985626587819,FALSE,2071,0,0
samtools-sort-markduplicate,15360,20486,20522.845323741003,20522.845323741003,WittPercentile,36.845323741003085,FALSE,2329,0,0
samtools-sort-markduplicate,15360,20437,20440.05851541455,20440.05851541455,WittPercentile,3.058515415,FALSE,1763,0,0
samtools-sort-markduplicate,15360,20498,30466.673782521684,30466.673782521684,WittPercentile,9968.673782521684,FALSE,2073,0,0
samtools-sort-markduplicate,15360,20486,30277.78248562583,30277.78248562583,WittPercentile,9791.782486,FALSE,2139,0,0
samtools-sort-markduplicate,15360,20415,20424.626833832335,20424.626833832335,WittPercentile,9.626833832335251,FALSE,2157,0,0
samtools-sort-markduplicate,18182,20468,20473.666836276563,20473.666836276563,WittPercentile,5.666836276563117,FALSE,2013,0,0
samtools-sort-markduplicate,18182,20480,20492.26530917802,20492.26530917802,WittPercentile,12.265309178019379,FALSE,2526,0,0
samtools-sort-markduplicate,18182,20500,20516.57681940701,20516.57681940701,WittPercentile,16.57681941,FALSE,2808,0,0
samtools-sort-markduplicate,18182,20444,20453.640508982033,20453.640508982033,WittPercentile,9.640508982,FALSE,2718,0,0
samtools-sort-markduplicate,18182,20439,60555.97340425532,60555.97340425532,WittPercentile,40116.97340425532,FALSE,2472,0,0
samtools-sort-markduplicate,18182,20454,40532.029647198346,40532.029647198346,WittPercentile,20078.029647198346,FALSE,2390,0,0
samtools-sort-markduplicate,18182,20430,20494.389914452953,20494.389914452953,WittPercentile,64.38991445295324,FALSE,2940,0,0
samtools-sort-markduplicate,18182,20496,40352.06597938144,40352.06597938144,WittPercentile,19856.06597938144,FALSE,3152,0,0
samtools-sort-markduplicate,18182,20512,40622.876444444446,40622.876444444446,WittPercentile,20110.876444444446,FALSE,2257,0,0
samtools-sort-markduplicate,18182,20425,20434.784431137723,20434.784431137723,WittPercentile,9.784431137723004,FALSE,2468,0,0
samtools-sort-markduplicate,18182,20444,20442.011879114307,40884.02375822861,WittPercentile,20440.023758228614,FALSE,2391,695,1
samtools-sort-markduplicate,18182,20468,20464.938219895288,40929.876439790576,WittPercentile,20461.876439790576,FALSE,2463,716,1
samtools-sort-markduplicate,18182,20516,30385.31885663638,30385.31885663638,WittPercentile,9869.318856636379,FALSE,2207,0,0
samtools-sort-markduplicate,18182,20468,20492.52726183343,20492.52726183343,WittPercentile,24.527261833431112,FALSE,2134,0,0
samtools-sort-markduplicate,18182,20476,30447.515906562854,30447.515906562854,WittPercentile,9971.515906562854,FALSE,2088,0,0
samtools-sort-markduplicate,18182,20482,20506.544038346314,20506.544038346314,WittPercentile,24.544038346313755,FALSE,1989,0,0
samtools-sort-markduplicate,18182,20466,30224.20326999558,30224.20326999558,WittPercentile,9758.203269995582,FALSE,2362,0,0
samtools-sort-markduplicate,18182,20448,20481.707178180728,20481.707178180728,WittPercentile,33.70717818072808,FALSE,2562,0,0
samtools-sort-markduplicate,18182,20425,20428.056262157712,20428.056262157712,WittPercentile,3.056262157711899,FALSE,2327,0,0
samtools-sort-markduplicate,18182,20492,20538.09086819613,20538.09086819613,WittPercentile,46.09086819613003,FALSE,2380,0,0
samtools-sort-markduplicate,18182,20449,20461.244910179637,20461.244910179637,WittPercentile,12.244910179637372,FALSE,2350,0,0
samtools-sort-markduplicate,18182,20486,20504.406109613654,20504.406109613654,WittPercentile,18.406109613653825,FALSE,2345,0,0
samtools-sort-markduplicate,18182,20501,20504.068093385213,20504.068093385213,WittPercentile,3.0680933852127055,FALSE,1914,0,0
samtools-sort-markduplicate,18182,20431,125630.91444342225,125630.91444342225,WittPercentile,105199.91444342225,FALSE,2414,0,0
samtools-sort-markduplicate,18182,20484,124808.61987237923,124808.61987237923,WittPercentile,104324.61987237923,FALSE,2704,0,0
samtools-sort-markduplicate,18182,20476,20476,20476,WittPercentile,0,FALSE,2991,0,0
samtools-sort-markduplicate,18182,20468,61047.79651941098,61047.79651941098,WittPercentile,40579.79651941098,FALSE,2019,0,0
samtools-sort-markduplicate,18182,20382,20397.258272196435,20397.258272196435,WittPercentile,15.258272196435428,FALSE,2703,0,0
samtools-sort-markduplicate,18182,20483,20513.690740185793,20513.690740185793,WittPercentile,30.690740185793402,FALSE,2477,0,0
samtools-sort-markduplicate,18182,20429,20432.056860691308,20432.056860691308,WittPercentile,3.056860691,FALSE,2301,0,0
samtools-index-markduplicate,10240,34,43.06666666666667,43.06666666666667,WittPercentile,9.066666667,FALSE,123,0,0
samtools-index-markduplicate,10240,34,56.66666666666667,56.66666666666667,WittPercentile,22.66666666666667,FALSE,100,0,0
samtools-index-markduplicate,10240,34,40,40,WittPercentile,6,FALSE,108,0,0
samtools-index-markduplicate,10240,34,40.37500000000001,40.37500000000001,WittPercentile,6.375000000000007,FALSE,394,0,0
samtools-index-markduplicate,10240,34,32.3,64.6,WittPercentile,30.599999999999994,FALSE,141,135,1
samtools-index-markduplicate,10240,34,34,34,WittPercentile,0,FALSE,120,0,0
samtools-index-markduplicate,10240,34,85,85,WittPercentile,51,FALSE,98,0,0
samtools-index-markduplicate,10240,34,43.06666666666667,43.06666666666667,WittPercentile,9.066666667,FALSE,495,0,0
samtools-index-markduplicate,10240,34,34,34,WittPercentile,0,FALSE,157,0,0
samtools-index-markduplicate,10240,34,42.393749999999976,42.393749999999976,WittPercentile,8.393749999999976,FALSE,513,0,0
samtools-index-markduplicate,10240,34,35.78947368421053,35.78947368421053,WittPercentile,1.7894736842105274,FALSE,144,0,0
samtools-index-markduplicate,10240,34,53.833333333333336,53.833333333333336,WittPercentile,19.833333333333336,FALSE,133,0,0
samtools-index-markduplicate,10240,34,56.66666666666667,56.66666666666667,WittPercentile,22.66666666666667,FALSE,507,0,0
samtools-index-markduplicate,10240,34,48.57142857142858,48.57142857142858,WittPercentile,14.571428571428577,FALSE,162,0,0
samtools-index-markduplicate,10240,34,35.88888888888889,35.88888888888889,WittPercentile,1.8888888888888928,FALSE,444,0,0
samtools-index-markduplicate,10240,34,75.55555555555556,75.55555555555556,WittPercentile,41.55555555555556,FALSE,155,0,0
samtools-index-markduplicate,10240,34,39.399999999999984,39.399999999999984,WittPercentile,5.399999999999984,FALSE,329,0,0
samtools-index-markduplicate,10240,34,35.88888888888889,35.88888888888889,WittPercentile,1.8888888888888928,FALSE,165,0,0
samtools-index-markduplicate,10240,34,75.55555555555556,75.55555555555556,WittPercentile,41.55555555555556,FALSE,198,0,0
samtools-index-markduplicate,10240,34,113.33333333333337,113.33333333333337,WittPercentile,79.33333333333337,FALSE,101,0,0
samtools-index-markduplicate,10240,34,37.77777777777778,37.77777777777778,WittPercentile,3.7777777777777786,FALSE,136,0,0
samtools-index-markduplicate,10240,34,43.06666666666667,43.06666666666667,WittPercentile,9.066666667,FALSE,130,0,0
samtools-index-markduplicate,10240,34,49.69230769230769,49.69230769230769,WittPercentile,15.692307692307693,FALSE,135,0,0
samtools-index-markduplicate,10240,34,56.66666666666667,56.66666666666667,WittPercentile,22.66666666666667,FALSE,127,0,0
samtools-index-markduplicate,10240,34,43.06666666666667,43.06666666666667,WittPercentile,9.066666667,FALSE,110,0,0
samtools-index-markduplicate,10240,34,45.33333333333333,45.33333333333333,WittPercentile,11.333333333333329,FALSE,144,0,0
samtools-index-markduplicate,10240,34,38.00000000000001,38.00000000000001,WittPercentile,4.000000000000007,FALSE,132,0,0
samtools-index-markduplicate,10240,34,61.81818181818182,61.81818181818182,WittPercentile,27.81818181818182,FALSE,225,0,0
samtools-index-markduplicate,10240,34,42.5,42.5,WittPercentile,8.5,FALSE,123,0,0
samtools-index-markduplicate,10240,34,51.91538462,51.91538462,WittPercentile,17.915384615384603,FALSE,202,0,0
samtools-index-markduplicate,15360,34,53.833333333333336,53.833333333333336,WittPercentile,19.833333333333336,FALSE,132,0,0
samtools-index-markduplicate,15360,34,42.393749999999976,42.393749999999976,WittPercentile,8.393749999999976,FALSE,364,0,0
samtools-index-markduplicate,15360,34,39.399999999999984,39.399999999999984,WittPercentile,5.399999999999984,FALSE,111,0,0
samtools-index-markduplicate,15360,34,56.66666666666667,56.66666666666667,WittPercentile,22.66666666666667,FALSE,124,0,0
samtools-index-markduplicate,15360,34,75.55555555555556,75.55555555555556,WittPercentile,41.55555555555556,FALSE,177,0,0
samtools-index-markduplicate,15360,34,52.30769230769231,52.30769230769231,WittPercentile,18.307692307692307,FALSE,190,0,0
samtools-index-markduplicate,15360,34,56.66666666666667,56.66666666666667,WittPercentile,22.66666666666667,FALSE,143,0,0
samtools-index-markduplicate,15360,34,43.06666666666667,43.06666666666667,WittPercentile,9.066666667,FALSE,91,0,0
samtools-index-markduplicate,15360,34,34,34,WittPercentile,0,FALSE,118,0,0
samtools-index-markduplicate,15360,34,35.88888888888889,35.88888888888889,WittPercentile,1.8888888888888928,FALSE,106,0,0
samtools-index-markduplicate,15360,34,34,34,WittPercentile,0,FALSE,162,0,0
samtools-index-markduplicate,15360,34,42.5,42.5,WittPercentile,8.5,FALSE,565,0,0
samtools-index-markduplicate,15360,34,61.81818181818182,61.81818181818182,WittPercentile,27.81818181818182,FALSE,160,0,0
samtools-index-markduplicate,15360,34,43.06666666666667,43.06666666666667,WittPercentile,9.066666667,FALSE,105,0,0
samtools-index-markduplicate,15360,34,49.69230769230769,49.69230769230769,WittPercentile,15.692307692307693,FALSE,146,0,0
samtools-index-markduplicate,15360,34,113.33333333333337,113.33333333333337,WittPercentile,79.33333333333337,FALSE,118,0,0
samtools-index-markduplicate,15360,34,34,34,WittPercentile,0,FALSE,139,0,0
samtools-index-markduplicate,15360,34,46.142857142857146,46.142857142857146,WittPercentile,12.142857142857146,FALSE,120,0,0
samtools-index-markduplicate,15360,34,40.37500000000001,40.37500000000001,WittPercentile,6.375000000000007,FALSE,450,0,0
samtools-index-markduplicate,15360,34,40,40,WittPercentile,6,FALSE,157,0,0
samtools-index-markduplicate,15360,34,75.55555555555556,75.55555555555556,WittPercentile,41.55555555555556,FALSE,121,0,0
samtools-index-markduplicate,15360,34,61.81818181818182,61.81818181818182,WittPercentile,27.81818181818182,FALSE,113,0,0
samtools-index-markduplicate,15360,34,35.88888888888889,35.88888888888889,WittPercentile,1.8888888888888928,FALSE,172,0,0
samtools-index-markduplicate,15360,34,30.761904761904763,61.523809523809526,WittPercentile,27.523809523809526,FALSE,208,200,1
samtools-index-markduplicate,15360,33,44.78571428571429,44.78571428571429,WittPercentile,11.785714285714292,FALSE,174,0,0
samtools-index-markduplicate,15360,34,35.88888888888889,35.88888888888889,WittPercentile,1.8888888888888928,FALSE,158,0,0
samtools-index-markduplicate,15360,34,43.06666666666667,43.06666666666667,WittPercentile,9.066666667,FALSE,116,0,0
samtools-index-markduplicate,15360,34,75.55555555555556,75.55555555555556,WittPercentile,41.55555555555556,FALSE,158,0,0
samtools-index-markduplicate,15360,34,43.06666666666667,43.06666666666667,WittPercentile,9.066666667,FALSE,487,0,0
samtools-index-markduplicate,15360,34,38.00000000000001,38.00000000000001,WittPercentile,4.000000000000007,FALSE,142,0,0
samtools-index-markduplicate,18182,34,75.55555555555556,75.55555555555556,WittPercentile,41.55555555555556,FALSE,129,0,0
samtools-index-markduplicate,18182,34,53.833333333333336,53.833333333333336,WittPercentile,19.833333333333336,FALSE,440,0,0
samtools-index-markduplicate,18182,34,40.37500000000001,40.37500000000001,WittPercentile,6.375000000000007,FALSE,405,0,0
samtools-index-markduplicate,18182,34,38.00000000000001,38.00000000000001,WittPercentile,4.000000000000007,FALSE,183,0,0
samtools-index-markduplicate,18182,34,35.88888888888889,35.88888888888889,WittPercentile,1.8888888888888928,FALSE,158,0,0
samtools-index-markduplicate,18182,34,61.81818181818182,61.81818181818182,WittPercentile,27.81818181818182,FALSE,132,0,0
samtools-index-markduplicate,18182,34,43.06666666666667,43.06666666666667,WittPercentile,9.066666667,FALSE,384,0,0
samtools-index-markduplicate,18182,34,42.393749999999976,42.393749999999976,WittPercentile,8.393749999999976,FALSE,234,0,0
samtools-index-markduplicate,18182,34,39.399999999999984,39.399999999999984,WittPercentile,5.399999999999984,FALSE,228,0,0
samtools-index-markduplicate,18182,34,64.6,64.6,WittPercentile,30.599999999999994,FALSE,392,0,0
samtools-index-markduplicate,18182,34,35.88888888888889,35.88888888888889,WittPercentile,1.8888888888888928,FALSE,216,0,0
samtools-index-markduplicate,18182,34,56.66666666666667,56.66666666666667,WittPercentile,22.66666666666667,FALSE,419,0,0
samtools-index-markduplicate,18182,34,35.78947368421053,35.78947368421053,WittPercentile,1.7894736842105274,FALSE,180,0,0
samtools-index-markduplicate,18182,34,43.06666666666667,43.06666666666667,WittPercentile,9.066666667,FALSE,118,0,0
samtools-index-markduplicate,18182,34,40,40,WittPercentile,6,FALSE,123,0,0
samtools-index-markduplicate,18182,34,42.5,42.5,WittPercentile,8.5,FALSE,171,0,0
samtools-index-markduplicate,18182,34,49.69230769230769,49.69230769230769,WittPercentile,15.692307692307693,FALSE,150,0,0
samtools-index-markduplicate,18182,34,61.81818181818182,61.81818181818182,WittPercentile,27.81818181818182,FALSE,415,0,0
samtools-index-markduplicate,18182,34,56.66666666666667,56.66666666666667,WittPercentile,22.66666666666667,FALSE,146,0,0
samtools-index-markduplicate,18182,34,30.761904761904763,61.523809523809526,WittPercentile,27.523809523809526,FALSE,147,141,1
samtools-index-markduplicate,18182,34,55.39166666666662,55.39166666666662,WittPercentile,21.391666666666623,FALSE,150,0,0
samtools-index-markduplicate,18182,34,46.142857142857146,46.142857142857146,WittPercentile,12.142857142857146,FALSE,106,0,0
samtools-index-markduplicate,18182,34,43.06666666666667,43.06666666666667,WittPercentile,9.066666667,FALSE,133,0,0
samtools-index-markduplicate,18182,34,48.57142857142858,48.57142857142858,WittPercentile,14.571428571428577,FALSE,239,0,0
samtools-index-markduplicate,18182,34,34,34,WittPercentile,0,FALSE,197,0,0
samtools-index-markduplicate,18182,34,113.33333333333337,113.33333333333337,WittPercentile,79.33333333333337,FALSE,185,0,0
samtools-index-markduplicate,18182,33,33,33,WittPercentile,0,FALSE,116,0,0
samtools-index-markduplicate,18182,34,35.88888888888889,35.88888888888889,WittPercentile,1.8888888888888928,FALSE,540,0,0
samtools-index-markduplicate,18182,34,43.06666666666667,43.06666666666667,WittPercentile,9.066666667,FALSE,218,0,0
samtools-index-markduplicate,18182,34,75.55555555555556,75.55555555555556,WittPercentile,41.55555555555556,FALSE,146,0,0
picard-validate-sam,10240,2870,27132.129629629635,27132.129629629635,WittPercentile,24262.129629629635,FALSE,1127,0,0
picard-validate-sam,10240,3270,3359.160764872521,3359.160764872521,WittPercentile,89.16076487252121,FALSE,1355,0,0
picard-validate-sam,10240,3494,7322.248620236525,7322.248620236525,WittPercentile,3828.2486202365253,FALSE,1130,0,0
picard-validate-sam,10240,3646,30992.001648351634,30992.001648351634,WittPercentile,27346.001648351634,FALSE,1293,0,0
picard-validate-sam,10240,3528,16526.999999999996,16526.999999999996,WittPercentile,12998.999999999996,FALSE,1264,0,0
picard-validate-sam,10240,3257,21374.062499999996,21374.062499999996,WittPercentile,18117.062499999996,FALSE,1149,0,0
picard-validate-sam,10240,3103,3790.242391304347,3790.242391304347,WittPercentile,687.2423913043472,FALSE,1275,0,0
picard-validate-sam,10240,3048,13071.578635014837,13071.578635014837,WittPercentile,10023.578635014837,FALSE,1444,0,0
picard-validate-sam,10240,2856,17080.567088607593,17080.567088607593,WittPercentile,14224.567088607593,FALSE,1701,0,0
picard-validate-sam,10240,2923,14299.51759,14299.51759,WittPercentile,11376.51759,FALSE,1448,0,0
picard-validate-sam,10240,3303,23699.78958333334,23699.78958333334,WittPercentile,20396.78958333334,FALSE,1355,0,0
picard-validate-sam,10240,3422,5952.846509129963,5952.846509129963,WittPercentile,2530.846509129963,FALSE,1239,0,0
picard-validate-sam,10240,2911,29041.95064935065,29041.95064935065,WittPercentile,26130.95064935065,FALSE,1864,0,0
picard-validate-sam,10240,3000,25292.857142857152,25292.857142857152,WittPercentile,22292.857142857152,FALSE,1668,0,0
picard-validate-sam,10240,3168,20711.798319327725,20711.798319327725,WittPercentile,17543.798319327725,FALSE,1572,0,0
picard-validate-sam,10240,2990,18732.530120481933,18732.530120481933,WittPercentile,15742.530120481933,FALSE,1548,0,0
picard-validate-sam,10240,3604,33447.725301204824,33447.725301204824,WittPercentile,29843.725301204824,FALSE,2017,0,0
picard-validate-sam,10240,3612,18794.44,18794.44,WittPercentile,15182.439999999999,FALSE,1880,0,0
picard-validate-sam,10240,3632,5047.738775510203,5047.738775510203,WittPercentile,1415.7387755102027,FALSE,1892,0,0
picard-validate-sam,10240,3292,4213.649622799664,4213.649622799664,WittPercentile,921.6496228,FALSE,1373,0,0
picard-validate-sam,10240,3115,3392.135231316726,3392.135231316726,WittPercentile,277.1352313167258,FALSE,1406,0,0
picard-validate-sam,10240,3306,15476.00792079208,15476.00792079208,WittPercentile,12170.00792079208,FALSE,1348,0,0
picard-validate-sam,10240,2842,31749.496350364952,31749.496350364952,WittPercentile,28907.496350364952,FALSE,1510,0,0
picard-validate-sam,10240,3351,4917.524390243902,4917.524390243902,WittPercentile,1566.5243902439024,FALSE,1212,0,0
picard-validate-sam,10240,2808,22870.67586206897,22870.67586206897,WittPercentile,20062.67586206897,FALSE,1443,0,0
picard-validate-sam,10240,3455,17479.411575562703,17479.411575562703,WittPercentile,14024.411575562703,FALSE,1386,0,0
picard-validate-sam,10240,2922,25773.709714285713,25773.709714285713,WittPercentile,22851.709714285713,FALSE,1307,0,0
picard-validate-sam,10240,3178,4016.2277730736632,4016.2277730736632,WittPercentile,838.2277730736632,FALSE,1628,0,0
picard-validate-sam,10240,3438,2828.4382845188284,5656.876569037657,WittPercentile,2218.8765690376567,FALSE,1302,1279,1
picard-validate-sam,10240,3158,25001.12737430167,25001.12737430167,WittPercentile,21843.12737430167,FALSE,1255,0,0
picard-validate-sam,15360,3585,5081.923042304231,5081.923042304231,WittPercentile,1496.9230423042309,FALSE,1873,0,0
picard-validate-sam,15360,4271,21395.93610223642,21395.93610223642,WittPercentile,17124.93610223642,FALSE,2629,0,0
picard-validate-sam,15360,3315,31283.024539877304,31283.024539877304,WittPercentile,27968.024539877304,FALSE,2112,0,0
picard-validate-sam,15360,3514,6127.327889713675,6127.327889713675,WittPercentile,2613.327889713675,FALSE,1837,0,0
picard-validate-sam,15360,3299,16958.584967320265,16958.584967320265,WittPercentile,13659.584967320265,FALSE,2407,0,0
picard-validate-sam,15360,3689,4506.027773613193,4506.027773613193,WittPercentile,817.0277736,FALSE,1763,0,0
picard-validate-sam,15360,3701,26108.03159090909,26108.03159090909,WittPercentile,22407.03159090909,FALSE,2089,0,0
picard-validate-sam,15360,3418,28816.99523809525,28816.99523809525,WittPercentile,25398.99523809525,FALSE,1588,0,0
picard-validate-sam,15360,3891,20246.17,20246.17,WittPercentile,16355.169999999998,FALSE,1907,0,0
picard-validate-sam,15360,4201,4083.4895104895104,8166.979020979021,WittPercentile,3965.979020979021,FALSE,1842,1809,1
picard-validate-sam,15360,3567,22577.19910714286,22577.19910714286,WittPercentile,19010.19910714286,FALSE,1746,0,0
picard-validate-sam,15360,3291,21897.807692307688,21897.807692307688,WittPercentile,18606.807692307688,FALSE,2169,0,0
picard-validate-sam,15360,3950,32054.02298850574,32054.02298850574,WittPercentile,28104.02298850574,FALSE,1882,0,0
picard-validate-sam,15360,4114,36687.04779874214,36687.04779874214,WittPercentile,32573.04779874214,FALSE,1623,0,0
picard-validate-sam,15360,3809,32693.916666666664,32693.916666666664,WittPercentile,28884.916666666664,FALSE,2135,0,0
picard-validate-sam,15360,3917,5344.3813559322025,5344.3813559322025,WittPercentile,1427.3813559322025,FALSE,1639,0,0
picard-validate-sam,15360,4051,18963.493069306933,18963.493069306933,WittPercentile,14912.493069306933,FALSE,2343,0,0
picard-validate-sam,15360,3317,15538.565476190472,15538.565476190472,WittPercentile,12221.565476190472,FALSE,1712,0,0
picard-validate-sam,15360,3777,4092.6816067653276,4092.6816067653276,WittPercentile,315.6816067653276,FALSE,2687,0,0
picard-validate-sam,15360,3788,22654.47764,22654.47764,WittPercentile,18866.47764,FALSE,1953,0,0
picard-validate-sam,15360,3536,4480.723713080168,4480.723713080168,WittPercentile,944.7237130801677,FALSE,1732,0,0
picard-validate-sam,15360,3738,30072.847159090914,30072.847159090914,WittPercentile,26334.847159090914,FALSE,1733,0,0
picard-validate-sam,15360,3927,38344.52866242038,38344.52866242038,WittPercentile,34417.52866242038,FALSE,1767,0,0
picard-validate-sam,15360,3758,24294.456431535273,24294.456431535273,WittPercentile,20536.456431535273,FALSE,2655,0,0
picard-validate-sam,15360,4160,44171.11111,44171.11111,WittPercentile,40011.11111,FALSE,1953,0,0
picard-validate-sam,15360,3680,15460.884955752192,15460.884955752192,WittPercentile,11780.884955752192,FALSE,2350,0,0
picard-validate-sam,15360,3537,4748.8097627737225,4748.8097627737225,WittPercentile,1211.8097627737225,FALSE,1790,0,0
picard-validate-sam,15360,4007,16431.016184971097,16431.016184971097,WittPercentile,12424.016184971097,FALSE,1419,0,0
picard-validate-sam,15360,4100,35737.499999999985,35737.499999999985,WittPercentile,31637.499999999985,FALSE,2213,0,0
picard-validate-sam,15360,4111,3234.7709591944863,6469.541918388973,WittPercentile,2358.5419183889726,FALSE,1923,1889,1
picard-validate-sam,18182,4372,35188.38977272728,35188.38977272728,WittPercentile,30816.389772727278,FALSE,2048,0,0
picard-validate-sam,18182,4096,4357.493562231753,4357.493562231753,WittPercentile,261.49356223175255,FALSE,2867,0,0
picard-validate-sam,18182,4364,30053.413333333338,30053.413333333338,WittPercentile,25689.413333333338,FALSE,2334,0,0
picard-validate-sam,18182,4318,21631.38658146965,21631.38658146965,WittPercentile,17313.38658146965,FALSE,2712,0,0
picard-validate-sam,18182,4248,17770.189655172406,17770.189655172406,WittPercentile,13522.189655172406,FALSE,2123,0,0
picard-validate-sam,18182,3764,31002.667441860453,31002.667441860453,WittPercentile,27238.667441860453,FALSE,2021,0,0
picard-validate-sam,18182,4297,6661.431822759315,6661.431822759315,WittPercentile,2364.431822759315,FALSE,2699,0,0
picard-validate-sam,18182,3956,16620.451327433602,16620.451327433602,WittPercentile,12664.451327433602,FALSE,2340,0,0
picard-validate-sam,18182,3919,5363.172419928825,5363.172419928825,WittPercentile,1444.1724199288246,FALSE,2000,0,0
picard-validate-sam,18182,3982,33832.77857142857,33832.77857142857,WittPercentile,29850.77857142857,FALSE,2603,0,0
picard-validate-sam,18182,4253,37071.118902439004,37071.118902439004,WittPercentile,32818.118902439004,FALSE,2974,0,0
picard-validate-sam,18182,3630,25836.27522935779,25836.27522935779,WittPercentile,22206.27522935779,FALSE,2644,0,0
picard-validate-sam,18182,4020,21236.969696969685,21236.969696969685,WittPercentile,17216.969696969685,FALSE,2265,0,0
picard-validate-sam,18182,3956,3586.5553719008262,7173.1107438016525,WittPercentile,3217.1107438016525,FALSE,2063,2027,1
picard-validate-sam,18182,3796,4858.752724224642,4858.752724224642,WittPercentile,1062.7527242246424,FALSE,1945,0,0
picard-validate-sam,18182,3610,32634.631410256403,32634.631410256403,WittPercentile,29024.631410256403,FALSE,1781,0,0
picard-validate-sam,18182,4436,5418.470914542728,5418.470914542728,WittPercentile,982.4709145427278,FALSE,2037,0,0
picard-validate-sam,18182,4148,35291.04725274725,35291.04725274725,WittPercentile,31143.047252747252,FALSE,2305,0,0
picard-validate-sam,18182,3657,18876.39603960395,18876.39603960395,WittPercentile,15219.396039603951,FALSE,2004,0,0
picard-validate-sam,18182,4868,49604.91999999999,49604.91999999999,WittPercentile,44736.91999999999,FALSE,2112,0,0
picard-validate-sam,18182,4132,40941.45548387095,40941.45548387095,WittPercentile,36809.45548387095,FALSE,2098,0,0
picard-validate-sam,18182,4830,8401.504923,8401.504923,WittPercentile,3571.5049234135695,FALSE,2301,0,0
picard-validate-sam,18182,4546,5593.422972972969,5593.422972972969,WittPercentile,1047.4229729729686,FALSE,2316,0,0
picard-validate-sam,18182,4000,18578.17109144543,18578.17109144543,WittPercentile,14578.17109144543,FALSE,2138,0,0
picard-validate-sam,18182,4236,27384.597510373445,27384.597510373445,WittPercentile,23148.597510373445,FALSE,2517,0,0
picard-validate-sam,18182,3828,22518.48796680498,22518.48796680498,WittPercentile,18690.48796680498,FALSE,2903,0,0
picard-validate-sam,18182,3780,17762.614925373135,17762.614925373135,WittPercentile,13982.614925373135,FALSE,2003,0,0
picard-validate-sam,18182,4260,26963.517857142862,26963.517857142862,WittPercentile,22703.517857142862,FALSE,2721,0,0
picard-validate-sam,18182,3620,34056.871165644174,34056.871165644174,WittPercentile,30436.871165644174,FALSE,2816,0,0
picard-validate-sam,18182,4292,4648.171940298506,4648.171940298506,WittPercentile,356.17194029850634,FALSE,2582,0,0
picard-collect-wgs-metrics,10240,1743,3278.7046819156517,3278.7046819156517,WittPercentile,1535.7046819156517,FALSE,1257,0,0
picard-collect-wgs-metrics,10240,1698,1491.5748062984253,2983.1496125968506,WittPercentile,1285.1496125968506,FALSE,1195,1191,1
picard-collect-wgs-metrics,10240,1576,2765.2499273104872,2765.2499273104872,WittPercentile,1189.2499273104872,FALSE,1332,0,0
picard-collect-wgs-metrics,10240,1452,2355.1641255605373,2355.1641255605373,WittPercentile,903.1641255605373,FALSE,1404,0,0
picard-collect-wgs-metrics,10240,1751,2600.3719614921756,2600.3719614921756,WittPercentile,849.3719614921756,FALSE,1245,0,0
picard-collect-wgs-metrics,10240,1581,2668.292625437572,2668.292625437572,WittPercentile,1087.292625437572,FALSE,1198,0,0
picard-collect-wgs-metrics,10240,1584,1755.1962352941173,1755.1962352941173,WittPercentile,171.1962352941173,FALSE,1338,0,0
picard-collect-wgs-metrics,10240,1442,1330.5695963697149,2661.1391927394297,WittPercentile,1219.1391927394297,FALSE,1282,1277,1
picard-collect-wgs-metrics,10240,1518,5701.705343866171,5701.705343866171,WittPercentile,4183.705343866171,FALSE,1304,0,0
picard-collect-wgs-metrics,10240,1673,2968.368146979262,2968.368146979262,WittPercentile,1295.3681469792618,FALSE,1370,0,0
picard-collect-wgs-metrics,10240,1583,2478.784928,2478.784928,WittPercentile,895.7849275953499,FALSE,1379,0,0
picard-collect-wgs-metrics,10240,1696,3143.716010230176,3143.716010230176,WittPercentile,1447.716010230176,FALSE,1267,0,0
picard-collect-wgs-metrics,10240,1597,2659.0412954545423,2659.0412954545423,WittPercentile,1062.0412954545423,FALSE,1314,0,0
picard-collect-wgs-metrics,10240,1713,5905.123494983277,5905.123494983277,WittPercentile,4192.123494983277,FALSE,1252,0,0
picard-collect-wgs-metrics,10240,1440,1622.5365074293018,1622.5365074293018,WittPercentile,182.53650742930176,FALSE,1353,0,0
picard-collect-wgs-metrics,10240,1687,2444.2107290233816,2444.2107290233816,WittPercentile,757.2107290233816,FALSE,1360,0,0
picard-collect-wgs-metrics,10240,1767,5685.821992782677,5685.821992782677,WittPercentile,3918.8219927826767,FALSE,1384,0,0
picard-collect-wgs-metrics,10240,1409,1922.9538476118273,1922.9538476118273,WittPercentile,513.9538476118273,FALSE,1313,0,0
picard-collect-wgs-metrics,10240,1579,1998.208100890207,1998.208100890207,WittPercentile,419.2081008902071,FALSE,1256,0,0
picard-collect-wgs-metrics,10240,1706,2560.123367147179,2560.123367147179,WittPercentile,854.1233671471791,FALSE,1292,0,0
picard-collect-wgs-metrics,10240,1883,7860.036009732362,7860.036009732362,WittPercentile,5977.036009732362,FALSE,1279,0,0
picard-collect-wgs-metrics,10240,1752,2803.032397959183,2803.032397959183,WittPercentile,1051.032397959183,FALSE,1250,0,0
picard-collect-wgs-metrics,10240,1751,3642.272972972973,3642.272972972973,WittPercentile,1891.272972972973,FALSE,1282,0,0
picard-collect-wgs-metrics,10240,1765,3583.3819143512615,3583.3819143512615,WittPercentile,1818.3819143512615,FALSE,1249,0,0
picard-collect-wgs-metrics,10240,1452,2466.011075441412,2466.011075441412,WittPercentile,1014.0110754414118,FALSE,1251,0,0
picard-collect-wgs-metrics,10240,1842,30227.47465437788,30227.47465437788,WittPercentile,28385.47465437788,FALSE,1270,0,0
picard-collect-wgs-metrics,10240,1504,1813.2471232876696,1813.2471232876696,WittPercentile,309.24712328766964,FALSE,1194,0,0
picard-collect-wgs-metrics,10240,1630,3744.175574712643,3744.175574712643,WittPercentile,2114.175574712643,FALSE,1360,0,0
picard-collect-wgs-metrics,10240,1648,7464.460389268805,7464.460389268805,WittPercentile,5816.460389268805,FALSE,1340,0,0
picard-collect-wgs-metrics,10240,1369,1782.3947863096284,1782.3947863096284,WittPercentile,413.39478630962844,FALSE,1225,0,0
picard-collect-wgs-metrics,15360,1555,5007.681717618662,5007.681717618662,WittPercentile,3452.6817176186623,FALSE,1627,0,0
picard-collect-wgs-metrics,15360,1713,4561.268931068931,4561.268931068931,WittPercentile,2848.268931068931,FALSE,1811,0,0
picard-collect-wgs-metrics,15360,1551,7025.108048395579,7025.108048395579,WittPercentile,5474.108048395579,FALSE,1683,0,0
picard-collect-wgs-metrics,15360,1466,23724.380586907428,23724.380586907428,WittPercentile,22258.380586907428,FALSE,1672,0,0
picard-collect-wgs-metrics,15360,1601,2985.1270828471406,2985.1270828471406,WittPercentile,1384.1270828471406,FALSE,1709,0,0
picard-collect-wgs-metrics,15360,1740,2941.883425,2941.883425,WittPercentile,1201.883425,FALSE,1655,0,0
picard-collect-wgs-metrics,15360,1823,3339.108454957222,3339.108454957222,WittPercentile,1516.108454957222,FALSE,1665,0,0
picard-collect-wgs-metrics,15360,1748,1905.145017182129,1905.145017182129,WittPercentile,157.1450171821291,FALSE,1667,0,0
picard-collect-wgs-metrics,15360,1684,2222.6583422269646,2222.6583422269646,WittPercentile,538.6583422269646,FALSE,1606,0,0
picard-collect-wgs-metrics,15360,1759,1606.5843726839594,3213.1687453679187,WittPercentile,1454.1687453679187,FALSE,1687,1681,1
picard-collect-wgs-metrics,15360,1541,2534.0821848081446,2534.0821848081446,WittPercentile,993.0821848081446,FALSE,1615,0,0
picard-collect-wgs-metrics,15360,1642,6854.051581508517,6854.051581508517,WittPercentile,5212.051581508517,FALSE,1841,0,0
picard-collect-wgs-metrics,15360,1549,2478.447379690048,2478.447379690048,WittPercentile,929.4473796900479,FALSE,1709,0,0
picard-collect-wgs-metrics,15360,1454,2240.520901305057,2240.520901305057,WittPercentile,786.5209013050571,FALSE,1780,0,0
picard-collect-wgs-metrics,15360,1750,1857.7688051443088,1857.7688051443088,WittPercentile,107.76880514430877,FALSE,1673,0,0
picard-collect-wgs-metrics,15360,1657,2651.041485969388,2651.041485969388,WittPercentile,994.0414859693878,FALSE,1623,0,0
picard-collect-wgs-metrics,15360,1803,2064.5523008568694,2064.5523008568694,WittPercentile,261.55230085686935,FALSE,1660,0,0
picard-collect-wgs-metrics,15360,1692,2357.2122671683924,2357.2122671683924,WittPercentile,665.2122671683924,FALSE,1579,0,0
picard-collect-wgs-metrics,15360,1585,1923.9405811296112,1923.9405811296112,WittPercentile,338.94058112961125,FALSE,1755,0,0
picard-collect-wgs-metrics,15360,1497,5557.782613636363,5557.782613636363,WittPercentile,4060.782613636363,FALSE,1615,0,0
picard-collect-wgs-metrics,15360,1662,5949.836835222318,5949.836835222318,WittPercentile,4287.836835222318,FALSE,1650,0,0
picard-collect-wgs-metrics,15360,1579,2767.107552266851,2767.107552266851,WittPercentile,1188.1075522668511,FALSE,1631,0,0
picard-collect-wgs-metrics,15360,1637,2073.8839701285156,2073.8839701285156,WittPercentile,436.88397012851556,FALSE,1649,0,0
picard-collect-wgs-metrics,15360,1630,3537.2641535111584,3537.2641535111584,WittPercentile,1907.2641535111584,FALSE,1815,0,0
picard-collect-wgs-metrics,15360,1599,2429.461106727162,2429.461106727162,WittPercentile,830.4611067271621,FALSE,1827,0,0
picard-collect-wgs-metrics,15360,1655,2457.8044524669053,2457.8044524669053,WittPercentile,802.8044524669053,FALSE,1746,0,0
picard-collect-wgs-metrics,15360,1677,2975.4652614968454,2975.4652614968454,WittPercentile,1298.4652614968454,FALSE,1629,0,0
picard-collect-wgs-metrics,15360,1421,2906.653105440539,2906.653105440539,WittPercentile,1485.653105440539,FALSE,1668,0,0
picard-collect-wgs-metrics,15360,1705,2916.291998128216,2916.291998128216,WittPercentile,1211.2919981282162,FALSE,1789,0,0
picard-collect-wgs-metrics,15360,1674,2425.375673020238,2425.375673020238,WittPercentile,751.3756730202381,FALSE,1700,0,0
picard-collect-wgs-metrics,18182,1450,1606.7137254901959,1606.7137254901959,WittPercentile,156.71372549019588,FALSE,1896,0,0
picard-collect-wgs-metrics,18182,1500,1874.3975007438253,1874.3975007438253,WittPercentile,374.3975007438253,FALSE,1936,0,0
picard-collect-wgs-metrics,18182,1550,2758.956328,2758.956328,WittPercentile,1208.956328,FALSE,2053,0,0
picard-collect-wgs-metrics,18182,1540,2609.0510663275286,2609.0510663275286,WittPercentile,1069.0510663275286,FALSE,1990,0,0
picard-collect-wgs-metrics,18182,1602,1923.420544672717,1923.420544672717,WittPercentile,321.4205446727169,FALSE,1921,0,0
picard-collect-wgs-metrics,18182,1706,2728.2359275053304,2728.2359275053304,WittPercentile,1022.2359275053304,FALSE,1841,0,0
picard-collect-wgs-metrics,18182,1696,2611.608200455581,2611.608200455581,WittPercentile,915.6082005,FALSE,1914,0,0
picard-collect-wgs-metrics,18182,1773,3032.6015910154415,3032.6015910154415,WittPercentile,1259.6015910154415,FALSE,2003,0,0
picard-collect-wgs-metrics,18182,1753,3210.8925515853043,3210.8925515853043,WittPercentile,1457.8925515853043,FALSE,1901,0,0
picard-collect-wgs-metrics,18182,1660,2699.587253105274,2699.587253105274,WittPercentile,1039.5872531052742,FALSE,2123,0,0
picard-collect-wgs-metrics,18182,1708,1772.1528089887634,1772.1528089887634,WittPercentile,64.15280898876335,FALSE,2104,0,0
picard-collect-wgs-metrics,18182,1622,6876.059139784946,6876.059139784946,WittPercentile,5254.059139784946,FALSE,2002,0,0
picard-collect-wgs-metrics,18182,1833,3448.0009649749795,3448.0009649749795,WittPercentile,1615.0009649749795,FALSE,1866,0,0
picard-collect-wgs-metrics,18182,1687,4492.037762237763,4492.037762237763,WittPercentile,2805.0377622377628,FALSE,1912,0,0
picard-collect-wgs-metrics,18182,1580,2393.285887096773,2393.285887096773,WittPercentile,813.2858871,FALSE,1864,0,0
picard-collect-wgs-metrics,18182,1668,1880.8580575650308,1880.8580575650308,WittPercentile,212.85805756503078,FALSE,1954,0,0
picard-collect-wgs-metrics,18182,1700,2358.6177635300774,2358.6177635300774,WittPercentile,658.6177635300774,FALSE,1958,0,0
picard-collect-wgs-metrics,18182,1496,5258.5042060085825,5258.5042060085825,WittPercentile,3762.5042060085825,FALSE,2058,0,0
picard-collect-wgs-metrics,18182,1713,2241.4033794715083,2241.4033794715083,WittPercentile,528.4033794715083,FALSE,1909,0,0
picard-collect-wgs-metrics,18182,1620,2305.8095238095225,2305.8095238095225,WittPercentile,685.8095238095225,FALSE,2039,0,0
picard-collect-wgs-metrics,18182,1681,2948.5429433051877,2948.5429433051877,WittPercentile,1267.5429433051877,FALSE,1876,0,0
picard-collect-wgs-metrics,18182,1598,6430.577821393521,6430.577821393521,WittPercentile,4832.577821393521,FALSE,1855,0,0
picard-collect-wgs-metrics,18182,1885,4199.381604696674,4199.381604696674,WittPercentile,2314.381604696674,FALSE,1899,0,0
picard-collect-wgs-metrics,18182,1762,2897.503445575568,2897.503445575568,WittPercentile,1135.503445575568,FALSE,1913,0,0
picard-collect-wgs-metrics,18182,1624,7254.148024948024,7254.148024948024,WittPercentile,5630.148024948024,FALSE,1883,0,0
picard-collect-wgs-metrics,18182,1762,3577.2911802192193,3577.2911802192193,WittPercentile,1815.2911802192193,FALSE,1906,0,0
picard-collect-wgs-metrics,18182,1697,1490.6963759060231,2981.3927518120463,WittPercentile,1284.3927518120463,FALSE,1875,1868,1
picard-collect-wgs-metrics,18182,1872,6023.689174017641,6023.689174017641,WittPercentile,4151.689174017641,FALSE,1871,0,0
picard-collect-wgs-metrics,18182,1722,2541.755452003728,2541.755452003728,WittPercentile,819.7554520037279,FALSE,2034,0,0
picard-collect-wgs-metrics,18182,1515,24686.562642369016,24686.562642369016,WittPercentile,23171.562642369016,FALSE,1880,0,0
fastqc,5113,666,948.6092783859606,948.6092783859606,WittRegression,282.6092783859606,FALSE,441,0,0
fastqc,5128,625,723.0311983280814,723.0311983280814,WittRegression,98.03119832808136,FALSE,432,0,0
fastqc,5113,796,875.2530588,875.2530588,WittRegression,79.25305877037897,FALSE,445,0,0
fastqc,5128,645,742.2480091309393,742.2480091309393,WittRegression,97.24800913,FALSE,439,0,0
fastqc,5113,669,988.5282452812764,988.5282452812764,WittRegression,319.52824528127644,FALSE,387,0,0
fastqc,5128,638,823.0944168585187,823.0944168585187,WittRegression,185.09441685851868,FALSE,429,0,0
fastqc,5113,580,866.1234039712135,866.1234039712135,WittRegression,286.1234039712135,FALSE,449,0,0
fastqc,5128,674,1043.2452488472647,1043.2452488472647,WittRegression,369.24524884726475,FALSE,460,0,0
fastqc,5113,626,715.5321034179843,715.5321034179843,WittRegression,89.53210341798433,FALSE,441,0,0
fastqc,5128,781,721.0697357245458,1442.1394714490916,WittRegression,661.1394714490916,FALSE,437,434,1
fastqc,5113,706,997.3749255136343,997.3749255136343,WittRegression,291.37492551363425,FALSE,434,0,0
fastqc,5128,826,1059.3779599674886,1059.3779599674886,WittRegression,233.37795996748855,FALSE,419,0,0
fastqc,5113,674,789.9219232489075,789.9219232489075,WittRegression,115.92192324890755,FALSE,447,0,0
fastqc,5128,630,675.0858647145459,675.0858647145459,WittRegression,45.08586471454589,FALSE,474,0,0
fastqc,5113,671,939.1345735377033,939.1345735377033,WittRegression,268.1345735377033,FALSE,452,0,0
fastqc,5128,730,1105.4091710746843,1105.4091710746843,WittRegression,375.4091710746843,FALSE,476,0,0
fastqc,5113,555,599.2366493701995,599.2366493701995,WittRegression,44.23664937019953,FALSE,468,0,0
fastqc,5128,724,707.3136926234882,1414.6273852469765,WittRegression,690.6273852469765,FALSE,445,442,1
fastqc,5113,748,758.2037188991615,758.2037188991615,WittRegression,10.203718899161458,FALSE,462,0,0
fastqc,5128,804,1101.193651,1101.193651,WittRegression,297.1936506,FALSE,480,0,0
fastqc,5113,785,1265.0142359825334,1265.0142359825334,WittRegression,480.01423598253336,FALSE,457,0,0
fastqc,5128,723,782.9319480198016,782.9319480198016,WittRegression,59.93194801980155,FALSE,446,0,0
fastqc,5113,737,871.9795125689141,871.9795125689141,WittRegression,134.97951256891406,FALSE,490,0,0
fastqc,5128,637,908.1519771,908.1519771,WittRegression,271.15197708277105,FALSE,458,0,0
fastqc,5113,707,731.4794303684038,731.4794303684038,WittRegression,24.47943036840377,FALSE,480,0,0
fastqc,5128,675,892.8452977667893,892.8452977667893,WittRegression,217.84529776678926,FALSE,474,0,0
fastqc,5113,638,797.2999194710123,797.2999194710123,WittRegression,159.29991947101234,FALSE,441,0,0
fastqc,5128,688,898.3326816139412,898.3326816139412,WittRegression,210.3326816139412,FALSE,456,0,0
fastqc,5113,669,956.2349435975709,956.2349435975709,WittRegression,287.2349435975709,FALSE,489,0,0
fastqc,5128,701,930.9414027696636,930.9414027696636,WittRegression,229.94140276966357,FALSE,481,0,0
fastqc,5113,738,1001.3383996356768,1001.3383996356768,WittRegression,263.33839963567675,FALSE,449,0,0
fastqc,5128,689,773.6057854011905,773.6057854011905,WittRegression,84.60578540119047,FALSE,449,0,0
fastqc,5113,706,869.5337066025681,869.5337066025681,WittRegression,163.53370660256815,FALSE,486,0,0
fastqc,5128,725,976.8154632918253,976.8154632918253,WittRegression,251.81546329182527,FALSE,494,0,0
fastqc,5113,571,661.2387059,661.2387059,WittRegression,90.2387059,FALSE,474,0,0
fastqc,5128,759,1004.6210090058411,1004.6210090058411,WittRegression,245.62100900584107,FALSE,488,0,0
fastqc,5113,723,735.0176190444932,735.0176190444932,WittRegression,12.017619044493244,FALSE,465,0,0
fastqc,5128,706,823.0200729334294,823.0200729334294,WittRegression,117.02007293342945,FALSE,461,0,0
fastqc,5113,742,818.9589098536986,818.9589098536986,WittRegression,76.95890985369863,FALSE,465,0,0
fastqc,5128,645,736.1618430770695,736.1618430770695,WittRegression,91.16184307706953,FALSE,463,0,0
fastqc,5113,722,722.6453195401353,722.6453195401353,WittRegression,0.6453195401353469,FALSE,463,0,0
fastqc,5128,750,1278.3910164899057,1278.3910164899057,WittRegression,528.3910164899057,FALSE,435,0,0
fastqc,5113,739,768.2122497735966,768.2122497735966,WittRegression,29.212249773596568,FALSE,452,0,0
fastqc,5128,710,872.4204761325511,872.4204761325511,WittRegression,162.42047613255113,FALSE,456,0,0
fastqc,5113,642,762.8421708379449,762.8421708379449,WittRegression,120.84217083794488,FALSE,461,0,0
fastqc,5128,687,828.5324316,828.5324316,WittRegression,141.53243162948502,FALSE,449,0,0
fastqc,5113,717,988.3947640799498,988.3947640799498,WittRegression,271.3947640799498,FALSE,402,0,0
fastqc,5128,656,832.7998816318227,832.7998816318227,WittRegression,176.7998816318227,FALSE,424,0,0
fastqc,5113,649,732.6363231625218,732.6363231625218,WittRegression,83.63632316252176,FALSE,431,0,0
fastqc,5128,782,996.0605351486208,996.0605351486208,WittRegression,214.06053514862083,FALSE,456,0,0
fastqc,5113,735,874.3654274008692,874.3654274008692,WittRegression,139.36542740086918,FALSE,451,0,0
fastqc,5128,658,1254.2386263484898,1254.2386263484898,WittRegression,596.2386263484898,FALSE,467,0,0
fastqc,5113,651,813.4371020391966,813.4371020391966,WittRegression,162.4371020391966,FALSE,447,0,0
fastqc,5128,674,824.7213404905489,824.7213404905489,WittRegression,150.72134049054887,FALSE,490,0,0
fastqc,5113,638,764.1564233623405,764.1564233623405,WittRegression,126.15642336234055,FALSE,456,0,0
fastqc,5128,685,897.6117891703502,897.6117891703502,WittRegression,212.61178917035022,FALSE,469,0,0
fastqc,5113,706,972.6869311221379,972.6869311221379,WittRegression,266.68693112213793,FALSE,466,0,0
fastqc,5128,712,835.6392818570163,835.6392818570163,WittRegression,123.63928185701627,FALSE,457,0,0
fastqc,5113,711,788.3665237434475,788.3665237434475,WittRegression,77.36652374344749,FALSE,455,0,0
fastqc,5128,656,795.9017825217421,795.9017825217421,WittRegression,139.90178252174212,FALSE,473,0,0
fastqc,7669,678,689.2696344566617,689.2696344566617,WittRegression,11.26963445666172,FALSE,632,0,0
fastqc,7692,721,706.10843,1412.216860077302,WittRegression,691.2168601,FALSE,573,569,1
fastqc,7669,654,850.6494893491533,850.6494893491533,WittRegression,196.64948934915333,FALSE,694,0,0
fastqc,7692,679,786.3066222507305,786.3066222507305,WittRegression,107.30662225073047,FALSE,646,0,0
fastqc,7669,637,588.1196179981251,1176.2392359962503,WittRegression,539.2392359962503,FALSE,701,696,1
fastqc,7692,666,726.7207218361863,726.7207218361863,WittRegression,60.72072183618627,FALSE,662,0,0
fastqc,7669,542,666.2143090867223,666.2143090867223,WittRegression,124.21430908672232,FALSE,671,0,0
fastqc,7692,683,1034.238991567136,1034.238991567136,WittRegression,351.23899156713605,FALSE,639,0,0
fastqc,7669,631,760.1493608549677,760.1493608549677,WittRegression,129.14936085496765,FALSE,641,0,0
fastqc,7692,617,696.5124982916424,696.5124982916424,WittRegression,79.51249829164237,FALSE,664,0,0
fastqc,7669,719,1140.8907334979717,1140.8907334979717,WittRegression,421.8907334979717,FALSE,632,0,0
fastqc,7692,709,820.2065913833756,820.2065913833756,WittRegression,111.20659138337555,FALSE,655,0,0
fastqc,7669,789,1121.1395757683097,1121.1395757683097,WittRegression,332.13957576830967,FALSE,618,0,0
fastqc,7692,765,842.6221821696809,842.6221821696809,WittRegression,77.62218216968085,FALSE,622,0,0
fastqc,7669,672,815.3140211198333,815.3140211198333,WittRegression,143.31402111983334,FALSE,643,0,0
fastqc,7692,678,826.6297654599731,826.6297654599731,WittRegression,148.6297654599731,FALSE,653,0,0
fastqc,7669,718,988.855096,988.855096,WittRegression,270.855096,FALSE,620,0,0
fastqc,7692,650,1045.3730503953882,1045.3730503953882,WittRegression,395.3730503953882,FALSE,615,0,0
fastqc,7669,707,1008.3536317400684,1008.3536317400684,WittRegression,301.3536317400684,FALSE,586,0,0
fastqc,7692,696,869.6654731478966,869.6654731478966,WittRegression,173.6654731478966,FALSE,651,0,0
fastqc,7669,664,745.5359092980993,745.5359092980993,WittRegression,81.53590929809934,FALSE,609,0,0
fastqc,7692,759,889.1691329178525,889.1691329178525,WittRegression,130.1691329178525,FALSE,640,0,0
fastqc,7669,619,668.3378125408171,668.3378125408171,WittRegression,49.33781254081714,FALSE,686,0,0
fastqc,7692,740,876.6926882583048,876.6926882583048,WittRegression,136.69268825830477,FALSE,724,0,0
fastqc,7669,708,953.9108248422239,953.9108248422239,WittRegression,245.91082484222386,FALSE,674,0,0
fastqc,7692,711,906.4724718936396,906.4724718936396,WittRegression,195.47247189363964,FALSE,652,0,0
fastqc,7669,752,860.9836708717011,860.9836708717011,WittRegression,108.98367087170107,FALSE,619,0,0
fastqc,7692,707,955.3936219527722,955.3936219527722,WittRegression,248.39362195277215,FALSE,616,0,0
fastqc,7669,668,887.4527331318283,887.4527331318283,WittRegression,219.45273313182827,FALSE,664,0,0
fastqc,7692,668,762.6968635836745,762.6968635836745,WittRegression,94.69686358367449,FALSE,705,0,0
fastqc,7669,642,788.8647122212647,788.8647122212647,WittRegression,146.86471222126465,FALSE,685,0,0
fastqc,7692,657,711.4609818,711.4609818,WittRegression,54.46098181052503,FALSE,634,0,0
fastqc,7669,641,686.8730782254348,686.8730782254348,WittRegression,45.873078225434824,FALSE,692,0,0
fastqc,7692,678,701.4753236064748,701.4753236064748,WittRegression,23.47532360647483,FALSE,690,0,0
fastqc,7669,771,1005.6166029360379,1005.6166029360379,WittRegression,234.6166029360379,FALSE,628,0,0
fastqc,7692,783,1140.057225860223,1140.057225860223,WittRegression,357.05722586022307,FALSE,663,0,0
fastqc,7669,660,873.0042911497493,873.0042911497493,WittRegression,213.0042911497493,FALSE,668,0,0
fastqc,7692,606,696.4841199607251,696.4841199607251,WittRegression,90.48411996072514,FALSE,692,0,0
fastqc,7669,652,893.0077862867998,893.0077862867998,WittRegression,241.00778628679984,FALSE,550,0,0
fastqc,7692,715,725.5736855237052,725.5736855237052,WittRegression,10.573685523705194,FALSE,556,0,0
fastqc,7669,700,886.0020057520443,886.0020057520443,WittRegression,186.00200575204428,FALSE,631,0,0
fastqc,7692,763,1067.8981812358684,1067.8981812358684,WittRegression,304.8981812358684,FALSE,641,0,0
fastqc,7669,762,957.6308830022374,957.6308830022374,WittRegression,195.6308830022374,FALSE,634,0,0
fastqc,7692,742,972.3035730867151,972.3035730867151,WittRegression,230.30357308671512,FALSE,632,0,0
fastqc,7669,630,808.0001389582541,808.0001389582541,WittRegression,178.00013895825407,FALSE,651,0,0
fastqc,7692,590,782.0909210405204,782.0909210405204,WittRegression,192.09092104052036,FALSE,648,0,0
fastqc,7669,655,925.3265952003264,925.3265952003264,WittRegression,270.32659520032644,FALSE,693,0,0
fastqc,7692,676,794.7789508888085,794.7789508888085,WittRegression,118.77895088880848,FALSE,677,0,0
fastqc,7669,646,683.8583108,683.8583108,WittRegression,37.85831083047003,FALSE,648,0,0
fastqc,7692,648,958.2378529260457,958.2378529260457,WittRegression,310.23785292604566,FALSE,682,0,0
fastqc,7669,700,656.2735258591297,1312.5470517182594,WittRegression,612.5470517182594,FALSE,668,664,1
fastqc,7692,707,1205.0965982111513,1205.0965982111513,WittRegression,498.09659821115133,FALSE,722,0,0
fastqc,7669,695,815.1144891378073,815.1144891378073,WittRegression,120.11448913780725,FALSE,632,0,0
fastqc,7692,658,782.1562367238308,782.1562367238308,WittRegression,124.15623672383083,FALSE,617,0,0
fastqc,7669,645,715.1848211174735,715.1848211174735,WittRegression,70.18482111747346,FALSE,675,0,0
fastqc,7692,692,1040.2045670053908,1040.2045670053908,WittRegression,348.2045670053908,FALSE,673,0,0
fastqc,7669,671,782.2187945302142,782.2187945302142,WittRegression,111.21879453021415,FALSE,683,0,0
fastqc,7692,669,930.0790100857878,930.0790100857878,WittRegression,261.0790100857878,FALSE,661,0,0
fastqc,7669,654,1372.0882202455468,1372.0882202455468,WittRegression,718.0882202455468,FALSE,678,0,0
fastqc,7692,769,921.060015,921.060015,WittRegression,152.06001499316596,FALSE,631,0,0
fastqc,9078,622,606.3563929078007,1212.7127858156014,WittRegression,590.7127858156014,FALSE,747,742,1
fastqc,9105,695,980.5530854617969,980.5530854617969,WittRegression,285.55308546179685,FALSE,728,0,0
fastqc,9078,636,713.1367395262845,713.1367395262845,WittRegression,77.13673952628449,FALSE,817,0,0
fastqc,9105,649,692.4111584983499,692.4111584983499,WittRegression,43.41115849834989,FALSE,803,0,0
fastqc,9078,642,806.8228699,806.8228699,WittRegression,164.8228699,FALSE,814,0,0
fastqc,9105,676,778.1153388147053,778.1153388147053,WittRegression,102.1153388147053,FALSE,791,0,0
fastqc,9078,673,814.2823354722115,814.2823354722115,WittRegression,141.28233547221146,FALSE,825,0,0
fastqc,9105,681,837.0700082805496,837.0700082805496,WittRegression,156.0700082805496,FALSE,763,0,0
fastqc,9078,719,919.1005802295139,919.1005802295139,WittRegression,200.10058022951387,FALSE,827,0,0
fastqc,9105,786,1082.5071106842295,1082.5071106842295,WittRegression,296.5071106842295,FALSE,792,0,0
fastqc,9078,653,662.6568065,662.6568065,WittRegression,9.656806499271966,FALSE,814,0,0
fastqc,9105,617,641.3896591479148,641.3896591479148,WittRegression,24.389659147914813,FALSE,789,0,0
fastqc,9078,546,662.4426421598646,662.4426421598646,WittRegression,116.44264215986459,FALSE,824,0,0
fastqc,9105,696,850.8738177150558,850.8738177150558,WittRegression,154.8738177150558,FALSE,799,0,0
fastqc,9078,642,759.5805251957162,759.5805251957162,WittRegression,117.58052519571618,FALSE,817,0,0
fastqc,9105,670,946.5172805865934,946.5172805865934,WittRegression,276.5172805865934,FALSE,784,0,0
fastqc,9078,659,859.9031732,859.9031732,WittRegression,200.90317323414104,FALSE,814,0,0
fastqc,9105,698,946.7156414036776,946.7156414036776,WittRegression,248.71564140367764,FALSE,772,0,0
fastqc,9078,693,963.7561758424829,963.7561758424829,WittRegression,270.7561758424829,FALSE,810,0,0
fastqc,9105,642,708.7866293245507,708.7866293245507,WittRegression,66.78662932455074,FALSE,806,0,0
fastqc,9078,677,927.2488823867538,927.2488823867538,WittRegression,250.24888238675385,FALSE,832,0,0
fastqc,9105,634,838.6132130135471,838.6132130135471,WittRegression,204.61321301354712,FALSE,780,0,0
fastqc,9078,706,772.1082960160282,772.1082960160282,WittRegression,66.10829601602825,FALSE,817,0,0
fastqc,9105,713,917.8840497520359,917.8840497520359,WittRegression,204.88404975203593,FALSE,792,0,0
fastqc,9078,719,861.1731479584998,861.1731479584998,WittRegression,142.17314795849984,FALSE,650,0,0
fastqc,9105,685,799.6902349012504,799.6902349012504,WittRegression,114.69023490125039,FALSE,652,0,0
fastqc,9078,694,694.6202932975816,694.6202932975816,WittRegression,0.6202932975816111,FALSE,667,0,0
fastqc,9105,750,1003.3124657267665,1003.3124657267665,WittRegression,253.3124657267665,FALSE,633,0,0
fastqc,9078,704,1002.7341321076822,1002.7341321076822,WittRegression,298.73413210768217,FALSE,752,0,0
fastqc,9105,716,879.7930435364881,879.7930435364881,WittRegression,163.79304353648809,FALSE,701,0,0
fastqc,9078,756,1157.8734516131706,1157.8734516131706,WittRegression,401.8734516131706,FALSE,737,0,0
fastqc,9105,738,934.1678211450583,934.1678211450583,WittRegression,196.16782114505827,FALSE,721,0,0
fastqc,9078,675,982.8079533277786,982.8079533277786,WittRegression,307.8079533277786,FALSE,742,0,0
fastqc,9105,790,1395.0818493271067,1395.0818493271067,WittRegression,605.0818493271067,FALSE,717,0,0
fastqc,9078,662,766.6200057878992,766.6200057878992,WittRegression,104.62000578789923,FALSE,773,0,0
fastqc,9105,689,1028.894871269252,1028.894871269252,WittRegression,339.8948713,FALSE,731,0,0
fastqc,9078,709,765.247907,765.247907,WittRegression,56.247907041868984,FALSE,779,0,0
fastqc,9105,739,979.6020180490585,979.6020180490585,WittRegression,240.60201804905853,FALSE,746,0,0
fastqc,9078,696,809.8575349982721,809.8575349982721,WittRegression,113.85753499827206,FALSE,774,0,0
fastqc,9105,729,968.1259381156701,968.1259381156701,WittRegression,239.12593811567012,FALSE,739,0,0
fastqc,9078,649,771.1597646009753,771.1597646009753,WittRegression,122.15976460097534,FALSE,783,0,0
fastqc,9105,731,845.6572895645241,845.6572895645241,WittRegression,114.65728956452415,FALSE,732,0,0
fastqc,9078,657,750.9658018300571,750.9658018300571,WittRegression,93.96580183,FALSE,772,0,0
fastqc,9105,761,1223.8906020782927,1223.8906020782927,WittRegression,462.89060207829266,FALSE,736,0,0
fastqc,9078,663,744.8687761589679,744.8687761589679,WittRegression,81.86877615896788,FALSE,774,0,0
fastqc,9105,650,672.2559343620374,672.2559343620374,WittRegression,22.25593436203735,FALSE,739,0,0
fastqc,9078,708,927.1102527566494,927.1102527566494,WittRegression,219.1102527566494,FALSE,778,0,0
fastqc,9105,650,703.8807278186322,703.8807278186322,WittRegression,53.88072781863218,FALSE,749,0,0
fastqc,9078,697,993.6921947,993.6921947,WittRegression,296.6921947,FALSE,774,0,0
fastqc,9105,730,868.4173632688905,868.4173632688905,WittRegression,138.41736326889054,FALSE,761,0,0
fastqc,9078,651,723.9931440141515,723.9931440141515,WittRegression,72.99314401415154,FALSE,790,0,0
fastqc,9105,704,879.6616280116657,879.6616280116657,WittRegression,175.6616280116657,FALSE,752,0,0
fastqc,9078,675,686.2197688174731,686.2197688174731,WittRegression,11.219768817473096,FALSE,774,0,0
fastqc,9105,773,1195.3157239542188,1195.3157239542188,WittRegression,422.3157239542188,FALSE,741,0,0
fastqc,9078,582,664.2576630555884,664.2576630555884,WittRegression,82.25766305558841,FALSE,782,0,0
fastqc,9105,695,1184.642341947313,1184.642341947313,WittRegression,489.64234194731307,FALSE,736,0,0
fastqc,9078,696,635.5285148671819,1271.0570297343638,WittRegression,575.0570297343638,FALSE,759,754,1
fastqc,9105,769,902.5373704,902.5373704,WittRegression,133.5373704,FALSE,745,0,0
fastqc,9078,724,1069.7973835331004,1069.7973835331004,WittRegression,345.7973835331004,FALSE,779,0,0
fastqc,9105,725,935.3345646,935.3345646,WittRegression,210.33456461195306,FALSE,744,0,0
fastq-cleaner,10240,1683,1696.9320120773793,1696.9320120773793,WittRegression,13.93201207737934,FALSE,2149,0,0
fastq-cleaner,10240,1683,1707.6025315265388,1707.6025315265388,WittRegression,24.60253152653877,FALSE,2230,0,0
fastq-cleaner,10240,1684,1692.1657100270488,1692.1657100270488,WittRegression,8.165710027048817,FALSE,2207,0,0
fastq-cleaner,10240,1684,1699.9176894946072,1699.9176894946072,WittRegression,15.917689494607203,FALSE,2299,0,0
fastq-cleaner,10240,1684,1705.5221646485884,1705.5221646485884,WittRegression,21.522164648588387,FALSE,2175,0,0
fastq-cleaner,10240,1683,1694.1545838690486,1694.1545838690486,WittRegression,11.154583869048565,FALSE,2192,0,0
fastq-cleaner,10240,1684,1704.5387036418615,1704.5387036418615,WittRegression,20.538703641861503,FALSE,2307,0,0
fastq-cleaner,10240,1684,1698.8551181821224,1698.8551181821224,WittRegression,14.855118182122396,FALSE,2325,0,0
fastq-cleaner,10240,1684,1699.764726430205,1699.764726430205,WittRegression,15.764726430204973,FALSE,2316,0,0
fastq-cleaner,10240,1683,1727.6716797387528,1727.6716797387528,WittRegression,44.67167974,FALSE,2296,0,0
fastq-cleaner,10240,1684,1693.7392388053831,1693.7392388053831,WittRegression,9.739238805383138,FALSE,2181,0,0
fastq-cleaner,10240,1683,1700.2356734183572,1700.2356734183572,WittRegression,17.235673418357237,FALSE,2133,0,0
fastq-cleaner,10240,1683,1695.0014884350448,1695.0014884350448,WittRegression,12.001488435044848,FALSE,2328,0,0
fastq-cleaner,10240,1684,1701.9134835213822,1701.9134835213822,WittRegression,17.913483521382204,FALSE,2184,0,0
fastq-cleaner,10240,1684,1710.3497368403225,1710.3497368403225,WittRegression,26.34973684032252,FALSE,2279,0,0
fastq-cleaner,10240,1684,1696.9923667601315,1696.9923667601315,WittRegression,12.992366760131517,FALSE,2298,0,0
fastq-cleaner,10240,1684,1698.5458893703915,1698.5458893703915,WittRegression,14.545889370391478,FALSE,2298,0,0
fastq-cleaner,10240,1684,1698.4640163087454,1698.4640163087454,WittRegression,14.464016308745386,FALSE,2273,0,0
fastq-cleaner,10240,1683,1700.3786748920213,1700.3786748920213,WittRegression,17.37867489202131,FALSE,2250,0,0
fastq-cleaner,10240,1684,1725.3067507292772,1725.3067507292772,WittRegression,41.306750729277155,FALSE,2199,0,0
fastq-cleaner,10240,1683,1707.021169,1707.021169,WittRegression,24.02116942016005,FALSE,2221,0,0
fastq-cleaner,10240,1683,1704.7549577651707,1704.7549577651707,WittRegression,21.75495776517073,FALSE,2193,0,0
fastq-cleaner,10240,1683,1694.554690864914,1694.554690864914,WittRegression,11.554690864913937,FALSE,2270,0,0
fastq-cleaner,10240,1683,1712.1224242252079,1712.1224242252079,WittRegression,29.12242422520785,FALSE,2309,0,0
fastq-cleaner,10240,1684,1703.8644039782032,1703.8644039782032,WittRegression,19.86440398,FALSE,2167,0,0
fastq-cleaner,10240,1684,1705.2916996720728,1705.2916996720728,WittRegression,21.29169967207281,FALSE,2158,0,0
fastq-cleaner,10240,1683,1701.6691774661892,1701.6691774661892,WittRegression,18.66917746618924,FALSE,2197,0,0
fastq-cleaner,10240,1683,1699.8608096363523,1699.8608096363523,WittRegression,16.860809636352315,FALSE,2295,0,0
fastq-cleaner,10240,1683,1721.3097765234306,1721.3097765234306,WittRegression,38.30977652343063,FALSE,2181,0,0
fastq-cleaner,10240,1684,1703.2557614488883,1703.2557614488883,WittRegression,19.25576144888828,FALSE,2277,0,0
fastq-cleaner,15360,1748,1758.995171031251,1758.995171031251,WittRegression,10.995171031250948,FALSE,3221,0,0
fastq-cleaner,15360,1747,1765.0395395343799,1765.0395395343799,WittRegression,18.039539534379855,FALSE,3397,0,0
fastq-cleaner,15360,1748,1764.404481020632,1764.404481020632,WittRegression,16.40448102063192,FALSE,3196,0,0
fastq-cleaner,15360,1747,1763.1189422331831,1763.1189422331831,WittRegression,16.118942233183134,FALSE,3161,0,0
fastq-cleaner,15360,1748,1762.019756370554,1762.019756370554,WittRegression,14.019756370553978,FALSE,3286,0,0
fastq-cleaner,15360,1748,1758.4117127049428,1758.4117127049428,WittRegression,10.411712704942829,FALSE,3102,0,0
fastq-cleaner,15360,1748,1766.5775509634173,1766.5775509634173,WittRegression,18.577550963417252,FALSE,3244,0,0
fastq-cleaner,15360,1748,1760.9540484654906,1760.9540484654906,WittRegression,12.954048465490587,FALSE,3093,0,0
fastq-cleaner,15360,1747,1755.5031152448394,1755.5031152448394,WittRegression,8.503115244839364,FALSE,3146,0,0
fastq-cleaner,15360,1747,1770.954088292636,1770.954088292636,WittRegression,23.954088292636015,FALSE,3303,0,0
fastq-cleaner,15360,1748,1764.8959720670082,1764.8959720670082,WittRegression,16.895972067008188,FALSE,3233,0,0
fastq-cleaner,15360,1747,1768.5254044083642,1768.5254044083642,WittRegression,21.52540440836424,FALSE,3381,0,0
fastq-cleaner,15360,1748,1765.9013411380201,1765.9013411380201,WittRegression,17.901341138020143,FALSE,3400,0,0
fastq-cleaner,15360,1747,1767.996037880642,1767.996037880642,WittRegression,20.996037880642007,FALSE,3139,0,0
fastq-cleaner,15360,1748,1772.4531425317932,1772.4531425317932,WittRegression,24.45314253179322,FALSE,3277,0,0
fastq-cleaner,15360,1747,1777.2316356735023,1777.2316356735023,WittRegression,30.231635673502296,FALSE,3207,0,0
fastq-cleaner,15360,1748,1770.5040237432886,1770.5040237432886,WittRegression,22.50402374,FALSE,3240,0,0
fastq-cleaner,15360,1748,1787.7893579102533,1787.7893579102533,WittRegression,39.78935791025333,FALSE,3193,0,0
fastq-cleaner,15360,1748,1762.8168351624242,1762.8168351624242,WittRegression,14.81683516242424,FALSE,3288,0,0
fastq-cleaner,15360,1748,1767.663108856721,1767.663108856721,WittRegression,19.66310885672101,FALSE,3186,0,0
fastq-cleaner,15360,1748,1763.8990997537678,1763.8990997537678,WittRegression,15.899099753767814,FALSE,3117,0,0
fastq-cleaner,15360,1747,1760.5070755923834,1760.5070755923834,WittRegression,13.507075592383444,FALSE,3148,0,0
fastq-cleaner,15360,1747,1759.089290783282,1759.089290783282,WittRegression,12.089290783281967,FALSE,3158,0,0
fastq-cleaner,15360,1747,1793.3704245416527,1793.3704245416527,WittRegression,46.37042454165271,FALSE,3278,0,0
fastq-cleaner,15360,1748,1767.1833220152412,1767.1833220152412,WittRegression,19.183322015241174,FALSE,3208,0,0
fastq-cleaner,15360,1748,1763.0159778890165,1763.0159778890165,WittRegression,15.01597788901654,FALSE,3400,0,0
fastq-cleaner,15360,1747,1789.8520745392207,1789.8520745392207,WittRegression,42.852074539220666,FALSE,3155,0,0
fastq-cleaner,15360,1748,1776.461403130874,1776.461403130874,WittRegression,28.461403130874032,FALSE,3183,0,0
fastq-cleaner,15360,1747,1769.2867538262456,1769.2867538262456,WittRegression,22.28675382624556,FALSE,3297,0,0
fastq-cleaner,15360,1748,1773.5527184244743,1773.5527184244743,WittRegression,25.55271842447428,FALSE,3228,0,0
fastq-cleaner,18182,1775,1819.876909436096,1819.876909436096,WittRegression,44.87690943609596,FALSE,3604,0,0
fastq-cleaner,18182,1775,1786.165004908736,1786.165004908736,WittRegression,11.16500490873591,FALSE,3949,0,0
fastq-cleaner,18182,1775,1783.6393987175672,1783.6393987175672,WittRegression,8.639398717567246,FALSE,3952,0,0
fastq-cleaner,18182,1775,1793.3286678154116,1793.3286678154116,WittRegression,18.328667815411563,FALSE,3934,0,0
fastq-cleaner,18182,1775,1791.4053362501993,1791.4053362501993,WittRegression,16.405336250199298,FALSE,3933,0,0
fastq-cleaner,18182,1775,1800.9780720354606,1800.9780720354606,WittRegression,25.978072035460627,FALSE,3953,0,0
fastq-cleaner,18182,1775,1785.9324539248814,1785.9324539248814,WittRegression,10.932453924881429,FALSE,3939,0,0
fastq-cleaner,18182,1775,1789.0088817237383,1789.0088817237383,WittRegression,14.008881723738341,FALSE,3948,0,0
fastq-cleaner,18182,1775,1812.2678011714333,1812.2678011714333,WittRegression,37.26780117143335,FALSE,3945,0,0
fastq-cleaner,18182,1775,1817.505925,1817.505925,WittRegression,42.50592458064011,FALSE,3960,0,0
fastq-cleaner,18182,1775,1790.9164235066298,1790.9164235066298,WittRegression,15.916423506629826,FALSE,3931,0,0
fastq-cleaner,18182,1775,1788.4597753500761,1788.4597753500761,WittRegression,13.459775350076143,FALSE,3943,0,0
fastq-cleaner,18182,1776,1791.0878015586175,1791.0878015586175,WittRegression,15.087801558617457,FALSE,3658,0,0
fastq-cleaner,18182,1775,1791.7152488153404,1791.7152488153404,WittRegression,16.715248815340374,FALSE,3624,0,0
fastq-cleaner,18182,1775,1799.7009557932215,1799.7009557932215,WittRegression,24.70095579322151,FALSE,3740,0,0
fastq-cleaner,18182,1775,1790.5704067464396,1790.5704067464396,WittRegression,15.57040674643963,FALSE,3757,0,0
fastq-cleaner,18182,1775,1792.2810549336184,1792.2810549336184,WittRegression,17.281054933618407,FALSE,3759,0,0
fastq-cleaner,18182,1775,1796.1573596437424,1796.1573596437424,WittRegression,21.15735964374244,FALSE,3730,0,0
fastq-cleaner,18182,1775,1794.8312918873776,1794.8312918873776,WittRegression,19.831291887377574,FALSE,3736,0,0
fastq-cleaner,18182,1775,1787.13929,1787.13929,WittRegression,12.139289563200009,FALSE,3734,0,0
fastq-cleaner,18182,1775,1797.6512980476832,1797.6512980476832,WittRegression,22.651298047683213,FALSE,3716,0,0
fastq-cleaner,18182,1774,1788.361185583935,1788.361185583935,WittRegression,14.361185583934912,FALSE,3725,0,0
fastq-cleaner,18182,1774,1792.1512493131788,1792.1512493131788,WittRegression,18.151249313178823,FALSE,3737,0,0
fastq-cleaner,18182,1775,1793.8586446617578,1793.8586446617578,WittRegression,18.858644661757808,FALSE,3751,0,0
fastq-cleaner,18182,1774,1793.9555807275876,1793.9555807275876,WittRegression,19.95558072758763,FALSE,3760,0,0
fastq-cleaner,18182,1775,1805.3121459085303,1805.3121459085303,WittRegression,30.312145908530283,FALSE,3760,0,0
fastq-cleaner,18182,1775,1798.9951938020492,1798.9951938020492,WittRegression,23.995193802049243,FALSE,3747,0,0
fastq-cleaner,18182,1775,1796.6485742068312,1796.6485742068312,WittRegression,21.64857421,FALSE,3748,0,0
fastq-cleaner,18182,1775,1797.6439542310166,1797.6439542310166,WittRegression,22.64395423101655,FALSE,3765,0,0
fastq-cleaner,18182,1775,1803.656253915907,1803.656253915907,WittRegression,28.656253915906973,FALSE,3781,0,0
burrows-wheeler-aligner,10240,15243,15218.058439144117,30436.116878288234,WittRegression,15193.116878288234,FALSE,4144,3700,1
burrows-wheeler-aligner,10240,15342,18209.834873905427,18209.834873905427,WittRegression,2867.8348739054272,FALSE,4152,0,0
burrows-wheeler-aligner,10240,15308,15270.270735507012,30540.541471014025,WittRegression,15232.541471014025,FALSE,4343,3877,1
burrows-wheeler-aligner,10240,15395,15445.538658084439,15445.538658084439,WittRegression,50.538658084438794,FALSE,4477,0,0
burrows-wheeler-aligner,10240,15224,15314.728190517044,15314.728190517044,WittRegression,90.72819051704391,FALSE,4079,0,0
burrows-wheeler-aligner,10240,15276,15377.190238627816,15377.190238627816,WittRegression,101.19023862781614,FALSE,4430,0,0
burrows-wheeler-aligner,10240,15244,15218.357763515027,30436.715527030054,WittRegression,15192.715527030054,FALSE,4291,3831,1
burrows-wheeler-aligner,10240,15395,15398.283425561276,15398.283425561276,WittRegression,3.283425561,FALSE,4473,0,0
burrows-wheeler-aligner,10240,15248,15360.282681471728,15360.282681471728,WittRegression,112.28268147172821,FALSE,4444,0,0
burrows-wheeler-aligner,10240,15208,15289.429295860436,15289.429295860436,WittRegression,81.42929586043647,FALSE,4504,0,0
burrows-wheeler-aligner,10240,15137,15195.807427791147,15195.807427791147,WittRegression,58.80742779114735,FALSE,4278,0,0
burrows-wheeler-aligner,10240,15257,15450.220730710354,15450.220730710354,WittRegression,193.22073071035447,FALSE,4508,0,0
burrows-wheeler-aligner,10240,15299,15323.442044804948,15323.442044804948,WittRegression,24.442044804947727,FALSE,4504,0,0
burrows-wheeler-aligner,10240,15240,15146.755243016589,30293.510486033178,WittRegression,15053.510486033178,FALSE,4439,3963,1
burrows-wheeler-aligner,10240,15231,15303.128279983937,15303.128279983937,WittRegression,72.12827998393732,FALSE,4510,0,0
burrows-wheeler-aligner,10240,15312,15332.33084240663,15332.33084240663,WittRegression,20.330842406630836,FALSE,4479,0,0
burrows-wheeler-aligner,10240,15182,15303.823780308889,15303.823780308889,WittRegression,121.82378030888867,FALSE,4458,0,0
burrows-wheeler-aligner,10240,15247,15284.330344083159,15284.330344083159,WittRegression,37.33034408315871,FALSE,4507,0,0
burrows-wheeler-aligner,10240,15251,15313.215757677452,15313.215757677452,WittRegression,62.21575767745162,FALSE,4370,0,0
burrows-wheeler-aligner,10240,15345,15390.978135104759,15390.978135104759,WittRegression,45.97813510475862,FALSE,4340,0,0
burrows-wheeler-aligner,10240,15226,15224.830272813559,30449.660545627117,WittRegression,15223.660545627117,FALSE,4351,3885,1
burrows-wheeler-aligner,10240,15293,15400.967360898961,15400.967360898961,WittRegression,107.96736089896149,FALSE,4109,0,0
burrows-wheeler-aligner,10240,15226,15241.106982590789,15241.106982590789,WittRegression,15.106982590788903,FALSE,4443,0,0
burrows-wheeler-aligner,10240,15361,15530.82114460937,15530.82114460937,WittRegression,169.8211446093701,FALSE,4540,0,0
burrows-wheeler-aligner,10240,15292,15359.112598861388,15359.112598861388,WittRegression,67.11259886,FALSE,4486,0,0
burrows-wheeler-aligner,10240,15255,15179.211493761843,30358.422987523685,WittRegression,15103.422987523685,FALSE,4343,3877,1
burrows-wheeler-aligner,10240,15244,15324.143367242212,15324.143367242212,WittRegression,80.14336724221175,FALSE,4398,0,0
burrows-wheeler-aligner,10240,15225,15402.08665119459,15402.08665119459,WittRegression,177.08665119458965,FALSE,4529,0,0
burrows-wheeler-aligner,10240,15210,15349.702672817488,15349.702672817488,WittRegression,139.70267281748784,FALSE,4484,0,0
burrows-wheeler-aligner,10240,15335,15363.026562111925,15363.026562111925,WittRegression,28.02656211192516,FALSE,4392,0,0
burrows-wheeler-aligner,15360,15446,15506.007896522562,15506.007896522562,WittRegression,60.00789652256208,FALSE,6374,0,0
burrows-wheeler-aligner,15360,15467,15569.45544781726,15569.45544781726,WittRegression,102.45544781725948,FALSE,6640,0,0
burrows-wheeler-aligner,15360,15409,15459.584617240862,15459.584617240862,WittRegression,50.58461724086192,FALSE,6350,0,0
burrows-wheeler-aligner,15360,15492,15525.333492523232,15525.333492523232,WittRegression,33.33349252323205,FALSE,6622,0,0
burrows-wheeler-aligner,15360,15499,15695.285515191703,15695.285515191703,WittRegression,196.28551519170287,FALSE,6552,0,0
burrows-wheeler-aligner,15360,15352,15426.21938096244,15426.21938096244,WittRegression,74.21938096244048,FALSE,6579,0,0
burrows-wheeler-aligner,15360,15334,15351.182180051386,15351.182180051386,WittRegression,17.18218005138624,FALSE,6610,0,0
burrows-wheeler-aligner,15360,15390,15345.463832825417,30690.927665650834,WittRegression,15300.927665650834,FALSE,6198,5534,1
burrows-wheeler-aligner,15360,15402,15579.962766405159,15579.962766405159,WittRegression,177.96276640515862,FALSE,6391,0,0
burrows-wheeler-aligner,15360,15394,15368.105445522853,30736.210891045706,WittRegression,15342.210891045706,FALSE,6548,5846,1
burrows-wheeler-aligner,15360,15445,15630.414626692087,15630.414626692087,WittRegression,185.41462669208704,FALSE,6288,0,0
burrows-wheeler-aligner,15360,15342,15433.431417427253,15433.431417427253,WittRegression,91.43141742725311,FALSE,6479,0,0
burrows-wheeler-aligner,15360,15353,15396.463654863757,15396.463654863757,WittRegression,43.463654863757256,FALSE,6378,0,0
burrows-wheeler-aligner,15360,15422,15487.76434833148,15487.76434833148,WittRegression,65.76434833,FALSE,6506,0,0
burrows-wheeler-aligner,15360,15510,15486.152703178268,30972.305406356536,WittRegression,15462.305406356536,FALSE,6492,5796,1
burrows-wheeler-aligner,15360,15421,15326.64780856685,30653.29562,WittRegression,15232.29562,FALSE,6270,5598,1
burrows-wheeler-aligner,15360,15429,15441.795418390255,15441.795418390255,WittRegression,12.795418390254781,FALSE,6639,0,0
burrows-wheeler-aligner,15360,15387,15425.096651223577,15425.096651223577,WittRegression,38.09665122357728,FALSE,6534,0,0
burrows-wheeler-aligner,15360,15397,15311.704181080282,30623.408362160564,WittRegression,15226.408362160564,FALSE,6647,5934,1
burrows-wheeler-aligner,15360,15377,15437.938705954346,15437.938705954346,WittRegression,60.938705954346005,FALSE,6080,0,0
burrows-wheeler-aligner,15360,15513,15628.486665929697,15628.486665929697,WittRegression,115.48666592969676,FALSE,6163,0,0
burrows-wheeler-aligner,15360,15439,15580.785205086006,15580.785205086006,WittRegression,141.7852050860056,FALSE,6594,0,0
burrows-wheeler-aligner,15360,15433,15522.02097258711,15522.02097258711,WittRegression,89.02097258711001,FALSE,6194,0,0
burrows-wheeler-aligner,15360,15432,15451.632627116498,15451.632627116498,WittRegression,19.632627116498043,FALSE,6649,0,0
burrows-wheeler-aligner,15360,15359,15439.739612387757,15439.739612387757,WittRegression,80.73961239,FALSE,6698,0,0
burrows-wheeler-aligner,15360,15353,15566.083067549444,15566.083067549444,WittRegression,213.0830675494435,FALSE,6761,0,0
burrows-wheeler-aligner,15360,15442,15468.79426884112,15468.79426884112,WittRegression,26.794268841120356,FALSE,6428,0,0
burrows-wheeler-aligner,15360,15436,15565.69927788481,15565.69927788481,WittRegression,129.69927788481073,FALSE,6560,0,0
burrows-wheeler-aligner,15360,15370,15360.74595076463,30721.49190152926,WittRegression,15351.491901529262,FALSE,6726,6005,1
burrows-wheeler-aligner,15360,15449,15558.06870846322,15558.06870846322,WittRegression,109.0687084632209,FALSE,6561,0,0
burrows-wheeler-aligner,18182,15472,15514.47481706592,15514.47481706592,WittRegression,42.47481706592043,FALSE,7274,0,0
burrows-wheeler-aligner,18182,15500,15522.418412444775,15522.418412444775,WittRegression,22.41841244477473,FALSE,7987,0,0
burrows-wheeler-aligner,18182,15371,15390.555022771367,15390.555022771367,WittRegression,19.555022771366566,FALSE,7899,0,0
burrows-wheeler-aligner,18182,15459,15382.198,30764.396,WittRegression,15305.396,FALSE,7857,7015,1
burrows-wheeler-aligner,18182,15457,15466.518864553529,15466.518864553529,WittRegression,9.518864553529056,FALSE,7950,0,0
burrows-wheeler-aligner,18182,15413,15563.121137810267,15563.121137810267,WittRegression,150.1211378102671,FALSE,7856,0,0
burrows-wheeler-aligner,18182,15567,15644.115172994763,15644.115172994763,WittRegression,77.11517299476327,FALSE,7759,0,0
burrows-wheeler-aligner,18182,15427,15494.705078644689,15494.705078644689,WittRegression,67.70507864468891,FALSE,7821,0,0
burrows-wheeler-aligner,18182,15444,15401.360011060444,30802.720022120888,WittRegression,15358.720022120888,FALSE,7875,7031,1
burrows-wheeler-aligner,18182,15431,15481.656838772387,15481.656838772387,WittRegression,50.656838772387346,FALSE,8143,0,0
burrows-wheeler-aligner,18182,15496,15606.943577031234,15606.943577031234,WittRegression,110.94357703123387,FALSE,8189,0,0
burrows-wheeler-aligner,18182,15538,15724.432606223461,15724.432606223461,WittRegression,186.43260622346133,FALSE,7772,0,0
burrows-wheeler-aligner,18182,15485,15458.451144441846,30916.90228888369,WittRegression,15431.902288883692,FALSE,7610,6794,1
burrows-wheeler-aligner,18182,15443,15419.255718580398,30838.511437160796,WittRegression,15395.511437160796,FALSE,7669,6847,1
burrows-wheeler-aligner,18182,15510,15783.156123323612,15783.156123323612,WittRegression,273.1561233236116,FALSE,7906,0,0
burrows-wheeler-aligner,18182,15500,15591.754913396706,15591.754913396706,WittRegression,91.75491339670589,FALSE,7903,0,0
burrows-wheeler-aligner,18182,15492,15530.675064486197,15530.675064486197,WittRegression,38.67506448619679,FALSE,7706,0,0
burrows-wheeler-aligner,18182,15448,15550.329589311503,15550.329589311503,WittRegression,102.32958931150279,FALSE,7818,0,0
burrows-wheeler-aligner,18182,15385,15294.594432933827,30589.188865867654,WittRegression,15204.188865867654,FALSE,7672,6850,1
burrows-wheeler-aligner,18182,15412,15529.692106425604,15529.692106425604,WittRegression,117.69210642560392,FALSE,7752,0,0
burrows-wheeler-aligner,18182,15533,15591.173090231248,15591.173090231248,WittRegression,58.17309023124835,FALSE,7892,0,0
burrows-wheeler-aligner,18182,15516,15544.357361443013,15544.357361443013,WittRegression,28.35736144301336,FALSE,7815,0,0
burrows-wheeler-aligner,18182,15442,15516.65448676537,15516.65448676537,WittRegression,74.65448676537017,FALSE,7638,0,0
burrows-wheeler-aligner,18182,15451,15449.812987340227,30899.625974680454,WittRegression,15448.625974680454,FALSE,7683,6859,1
burrows-wheeler-aligner,18182,15494,15509.372887709289,15509.372887709289,WittRegression,15.372887709288989,FALSE,7704,0,0
burrows-wheeler-aligner,18182,15423,15505.475957028604,15505.475957028604,WittRegression,82.47595702860417,FALSE,7855,0,0
burrows-wheeler-aligner,18182,15436,15601.65028314167,15601.65028314167,WittRegression,165.6502831416692,FALSE,7708,0,0
burrows-wheeler-aligner,18182,15384,15577.290852085009,15577.290852085009,WittRegression,193.29085208500874,FALSE,7894,0,0
burrows-wheeler-aligner,18182,15482,15543.354818598242,15543.354818598242,WittRegression,61.35481859824176,FALSE,7739,0,0
burrows-wheeler-aligner,18182,15490,15625.95514618471,15625.95514618471,WittRegression,135.95514618470952,FALSE,7568,0,0
picard-markduplicate,10240,57210,82701.90503726638,82701.90503726638,WittRegression,25491.905037266377,FALSE,5618,0,0
picard-markduplicate,10240,43045,61701.071214942596,61701.071214942596,WittRegression,18656.071214942596,FALSE,5593,0,0
picard-markduplicate,10240,50035,95693.90643387544,95693.90643387544,WittRegression,45658.90643387544,FALSE,5588,0,0
picard-markduplicate,10240,55042,83647.53688837684,83647.53688837684,WittRegression,28605.53688837684,FALSE,5516,0,0
picard-markduplicate,10240,60015,110048.85864361683,110048.85864361683,WittRegression,50033.858643616826,FALSE,5554,0,0
picard-markduplicate,10240,59382,93559.30103480924,93559.30103480924,WittRegression,34177.301034809236,FALSE,5036,0,0
picard-markduplicate,10240,45435,59916.399929816434,59916.399929816434,WittRegression,14481.399929816434,FALSE,6357,0,0
picard-markduplicate,10240,58006,106995.97182733202,106995.97182733202,WittRegression,48989.97182733202,FALSE,5887,0,0
picard-markduplicate,10240,52401,78171.58533978912,78171.58533978912,WittRegression,25770.58533978912,FALSE,6227,0,0
picard-markduplicate,10240,54090,80330.52276480633,80330.52276480633,WittRegression,26240.52276480633,FALSE,6705,0,0
picard-markduplicate,10240,56875,100707.80392904964,100707.80392904964,WittRegression,43832.80392904964,FALSE,6180,0,0
picard-markduplicate,10240,55649,82357.62660441389,82357.62660441389,WittRegression,26708.62660441389,FALSE,5446,0,0
picard-markduplicate,10240,47479,69439.78577,69439.78577,WittRegression,21960.78577,FALSE,6416,0,0
picard-markduplicate,10240,53733,107213.2863086673,107213.2863086673,WittRegression,53480.28631,FALSE,6282,0,0
picard-markduplicate,10240,56872,79082.21725464195,79082.21725464195,WittRegression,22210.217254641946,FALSE,8592,0,0
picard-markduplicate,10240,57557,83661.05568182739,83661.05568182739,WittRegression,26104.05568182739,FALSE,5917,0,0
picard-markduplicate,10240,41859,58384.77410761035,58384.77410761035,WittRegression,16525.77410761035,FALSE,5747,0,0
picard-markduplicate,10240,57840,92712.72664413377,92712.72664413377,WittRegression,34872.72664413377,FALSE,5926,0,0
picard-markduplicate,10240,57338,81344.24554824256,81344.24554824256,WittRegression,24006.245548242558,FALSE,8649,0,0
picard-markduplicate,10240,57639,85070.30088867186,85070.30088867186,WittRegression,27431.30088867186,FALSE,6005,0,0
picard-markduplicate,10240,58504,119043.99154006285,119043.99154006285,WittRegression,60539.99154006285,FALSE,5575,0,0
picard-markduplicate,10240,60182,81835.86608634662,81835.86608634662,WittRegression,21653.86608634662,FALSE,5456,0,0
picard-markduplicate,10240,49573,88232.35260523889,88232.35260523889,WittRegression,38659.35260523889,FALSE,6522,0,0
picard-markduplicate,10240,53844,80876.97510367994,80876.97510367994,WittRegression,27032.975103679943,FALSE,5879,0,0
picard-markduplicate,10240,47554,69018.36235189422,69018.36235189422,WittRegression,21464.36235189422,FALSE,5607,0,0
picard-markduplicate,10240,56624,96342.03565031823,96342.03565031823,WittRegression,39718.03565031823,FALSE,5575,0,0
picard-markduplicate,10240,57470,96017.79118878566,96017.79118878566,WittRegression,38547.79118878566,FALSE,6008,0,0
picard-markduplicate,10240,56070,80406.26977247612,80406.26977247612,WittRegression,24336.269772476124,FALSE,6417,0,0
picard-markduplicate,10240,46646,72375.48300641228,72375.48300641228,WittRegression,25729.48300641228,FALSE,5435,0,0
picard-markduplicate,10240,37774,54757.78573,54757.78573,WittRegression,16983.78573,FALSE,6328,0,0
picard-markduplicate,15360,55697,81983.68457699091,81983.68457699091,WittRegression,26286.684576990912,FALSE,7495,0,0
picard-markduplicate,15360,55684,80113.33841298852,80113.33841298852,WittRegression,24429.338412988523,FALSE,11357,0,0
picard-markduplicate,15360,58083,97041.95868484839,97041.95868484839,WittRegression,38958.95868484839,FALSE,7771,0,0
picard-markduplicate,15360,51141,73412.40072,73412.40072,WittRegression,22271.400721992904,FALSE,8121,0,0
picard-markduplicate,15360,55735,94292.20363543951,94292.20363543951,WittRegression,38557.20363543951,FALSE,7986,0,0
picard-markduplicate,15360,54584,81064.17553326288,81064.17553326288,WittRegression,26480.17553326288,FALSE,8252,0,0
picard-markduplicate,15360,55232,77425.22007848011,77425.22007848011,WittRegression,22193.22007848011,FALSE,8018,0,0
picard-markduplicate,15360,55800,98628.37199353191,98628.37199353191,WittRegression,42828.37199353191,FALSE,7762,0,0
picard-markduplicate,15360,45400,66459.50582243041,66459.50582243041,WittRegression,21059.50582243041,FALSE,8021,0,0
picard-markduplicate,15360,60968,88490.42001,88490.42001,WittRegression,27522.420010832706,FALSE,8165,0,0
picard-markduplicate,15360,49965,72382.95018630268,72382.95018630268,WittRegression,22417.95018630268,FALSE,7735,0,0
picard-markduplicate,15360,59404,84742.47250908955,84742.47250908955,WittRegression,25338.47250908955,FALSE,8210,0,0
picard-markduplicate,15360,38431,58805.20466420298,58805.20466420298,WittRegression,20374.20466420298,FALSE,8388,0,0
picard-markduplicate,15360,33206,68663.62667669609,68663.62667669609,WittRegression,35457.62667669609,FALSE,7697,0,0
picard-markduplicate,15360,46959,92543.03870360536,92543.03870360536,WittRegression,45584.03870360536,FALSE,7947,0,0
picard-markduplicate,15360,55513,99445.62588785148,99445.62588785148,WittRegression,43932.62588785148,FALSE,7866,0,0
picard-markduplicate,15360,59873,94294.03018379782,94294.03018379782,WittRegression,34421.03018379782,FALSE,9411,0,0
picard-markduplicate,15360,45874,76562.52202831388,76562.52202831388,WittRegression,30688.522028313877,FALSE,7662,0,0
picard-markduplicate,15360,56636,68464.81382441417,68464.81382441417,WittRegression,11828.813824414174,FALSE,8473,0,0
picard-markduplicate,15360,53626,108578.24813082004,108578.24813082004,WittRegression,54952.24813082004,FALSE,7712,0,0
picard-markduplicate,15360,41171,61148.238749043245,61148.238749043245,WittRegression,19977.238749043245,FALSE,8062,0,0
picard-markduplicate,15360,54633,99704.1841,99704.1841,WittRegression,45071.184102276995,FALSE,7976,0,0
picard-markduplicate,15360,53668,81392.73734733643,81392.73734733643,WittRegression,27724.737347336428,FALSE,8153,0,0
picard-markduplicate,15360,60484,88079.94839,88079.94839,WittRegression,27595.94839,FALSE,9423,0,0
picard-markduplicate,15360,61305,91598.05355683727,91598.05355683727,WittRegression,30293.053556837272,FALSE,8037,0,0
picard-markduplicate,15360,49393,72969.12015361476,72969.12015361476,WittRegression,23576.120153614756,FALSE,8290,0,0
picard-markduplicate,15360,59074,112341.70964316913,112341.70964316913,WittRegression,53267.70964316913,FALSE,7972,0,0
picard-markduplicate,15360,57401,78726.03321375966,78726.03321375966,WittRegression,21325.033213759656,FALSE,9410,0,0
picard-markduplicate,15360,61496,87590.81561365367,87590.81561365367,WittRegression,26094.81561365367,FALSE,11880,0,0
picard-markduplicate,15360,50712,70516.55298595797,70516.55298595797,WittRegression,19804.55298595797,FALSE,8168,0,0
picard-markduplicate,18182,56244,80234.59066,80234.59066,WittRegression,23990.59066,FALSE,8935,0,0
picard-markduplicate,18182,57401,102164.99449081796,102164.99449081796,WittRegression,44763.99449081796,FALSE,9820,0,0
picard-markduplicate,18182,46456,61014.136950981745,61014.136950981745,WittRegression,14558.136950981745,FALSE,9607,0,0
picard-markduplicate,18182,46867,66791.5017,66791.5017,WittRegression,19924.501701241606,FALSE,10126,0,0
picard-markduplicate,18182,55020,92373.16997064122,92373.16997064122,WittRegression,37353.16997064122,FALSE,10435,0,0
picard-markduplicate,18182,57267,91546.37911191722,91546.37911191722,WittRegression,34279.379111917224,FALSE,9779,0,0
picard-markduplicate,18182,42432,94935.69566636872,94935.69566636872,WittRegression,52503.695666368716,FALSE,10584,0,0
picard-markduplicate,18182,42963,63453.06011464025,63453.06011464025,WittRegression,20490.060114640248,FALSE,9220,0,0
picard-markduplicate,18182,60897,87517.90386804634,87517.90386804634,WittRegression,26620.90386804634,FALSE,10882,0,0
picard-markduplicate,18182,42992,66841.79687312368,66841.79687312368,WittRegression,23849.796873123676,FALSE,9428,0,0
picard-markduplicate,18182,47118,68615.68362122441,68615.68362122441,WittRegression,21497.68362122441,FALSE,13560,0,0
picard-markduplicate,18182,58667,86824.10968752626,86824.10968752626,WittRegression,28157.10968752626,FALSE,10571,0,0
picard-markduplicate,18182,46772,77794.21243948526,77794.21243948526,WittRegression,31022.212439485258,FALSE,8541,0,0
picard-markduplicate,18182,56244,83535.04991866091,83535.04991866091,WittRegression,27291.04991866091,FALSE,9030,0,0
picard-markduplicate,18182,56244,105016.7083,105016.7083,WittRegression,48772.70828,FALSE,9528,0,0
picard-markduplicate,18182,52806,80405.67597822739,80405.67597822739,WittRegression,27599.675978227388,FALSE,9147,0,0
picard-markduplicate,18182,43444,63596.18438215124,63596.18438215124,WittRegression,20152.184382151238,FALSE,8935,0,0
picard-markduplicate,18182,55412,77052.04358057074,77052.04358057074,WittRegression,21640.04358057074,FALSE,9566,0,0
picard-markduplicate,18182,45364,62292.25252785484,62292.25252785484,WittRegression,16928.252527854842,FALSE,9170,0,0
picard-markduplicate,18182,55124,79933.38808006467,79933.38808006467,WittRegression,24809.388080064673,FALSE,9331,0,0
picard-markduplicate,18182,55124,107124.1995625215,107124.1995625215,WittRegression,52000.199562521506,FALSE,10390,0,0
picard-markduplicate,18182,42132,62546.263918279954,62546.263918279954,WittRegression,20414.263918279954,FALSE,8871,0,0
picard-markduplicate,18182,52980,74139.22648911159,74139.22648911159,WittRegression,21159.226489111592,FALSE,8995,0,0
picard-markduplicate,18182,58040,104803.96405909497,104803.96405909497,WittRegression,46763.96405909497,FALSE,9478,0,0
picard-markduplicate,18182,60148,87002.42247799758,87002.42247799758,WittRegression,26854.422477997578,FALSE,9458,0,0
picard-markduplicate,18182,48084,69657.99613245628,69657.99613245628,WittRegression,21573.996132456276,FALSE,13748,0,0
picard-markduplicate,18182,56308,84553.56325331175,84553.56325331175,WittRegression,28245.563253311746,FALSE,13422,0,0
picard-markduplicate,18182,51051,103712.40534921359,103712.40534921359,WittRegression,52661.405349213586,FALSE,9421,0,0
picard-markduplicate,18182,55444,97036.52741153925,97036.52741153925,WittRegression,41592.52741153925,FALSE,10687,0,0
picard-markduplicate,18182,56308,95291.49078,95291.49078,WittRegression,38983.490777599596,FALSE,10324,0,0
samtools-sort-markduplicate,10240,20473,26700.75506438574,26700.75506438574,WittRegression,6227.755064385739,FALSE,1250,0,0
samtools-sort-markduplicate,10240,20392,137202.68968561458,137202.68968561458,WittRegression,116810.68968561458,FALSE,1213,0,0
samtools-sort-markduplicate,10240,20423,31587.533852980243,31587.533852980243,WittRegression,11164.533852980243,FALSE,1255,0,0
samtools-sort-markduplicate,10240,20498,45381.14523,45381.14523,WittRegression,24883.145234625903,FALSE,1676,0,0
samtools-sort-markduplicate,10240,20433,140798.2314763041,140798.2314763041,WittRegression,120365.23147630409,FALSE,1214,0,0
samtools-sort-markduplicate,10240,20387,27198.23260695518,27198.23260695518,WittRegression,6811.232606955178,FALSE,1256,0,0
samtools-sort-markduplicate,10240,20478,35590.15942050069,35590.15942050069,WittRegression,15112.159420500691,FALSE,1692,0,0
samtools-sort-markduplicate,10240,20489,26248.07668695151,26248.07668695151,WittRegression,5759.076687,FALSE,1539,0,0
samtools-sort-markduplicate,10240,20499,23288.81970263198,23288.81970263198,WittRegression,2789.8197026319795,FALSE,1510,0,0
samtools-sort-markduplicate,10240,20508,32669.121960181852,32669.121960181852,WittRegression,12161.121960181852,FALSE,1910,0,0
samtools-sort-markduplicate,10240,20445,27767.90948471449,27767.90948471449,WittRegression,7322.909484714492,FALSE,1731,0,0
samtools-sort-markduplicate,10240,20501,29480.52845864233,29480.52845864233,WittRegression,8979.528459,FALSE,1413,0,0
samtools-sort-markduplicate,10240,20461,30688.55155762738,30688.55155762738,WittRegression,10227.55155762738,FALSE,1497,0,0
samtools-sort-markduplicate,10240,20433,34487.81022604767,34487.81022604767,WittRegression,14054.810226047673,FALSE,1249,0,0
samtools-sort-markduplicate,10240,20412,26904.511649288816,26904.511649288816,WittRegression,6492.5116492888155,FALSE,1585,0,0
samtools-sort-markduplicate,10240,20467,30619.395019483003,30619.395019483003,WittRegression,10152.395019483003,FALSE,1352,0,0
samtools-sort-markduplicate,10240,20400,28660.354400634602,28660.354400634602,WittRegression,8260.354400634602,FALSE,1811,0,0
samtools-sort-markduplicate,10240,20419,72326.95951925435,72326.95951925435,WittRegression,51907.95951925435,FALSE,1739,0,0
samtools-sort-markduplicate,10240,20454,26284.23047683537,26284.23047683537,WittRegression,5830.2304768353715,FALSE,1656,0,0
samtools-sort-markduplicate,10240,20542,49809.97402454184,49809.97402454184,WittRegression,29267.974024541843,FALSE,1538,0,0
samtools-sort-markduplicate,10240,20491,25513.31406241041,25513.31406241041,WittRegression,5022.314062410409,FALSE,1557,0,0
samtools-sort-markduplicate,10240,20515,68753.40457763293,68753.40457763293,WittRegression,48238.40457763293,FALSE,1166,0,0
samtools-sort-markduplicate,10240,20415,27701.60546207946,27701.60546207946,WittRegression,7286.605462,FALSE,1420,0,0
samtools-sort-markduplicate,10240,20504,28133.504493157176,28133.504493157176,WittRegression,7629.504493157176,FALSE,1225,0,0
samtools-sort-markduplicate,10240,20425,29969.584038582114,29969.584038582114,WittRegression,9544.584038582114,FALSE,1283,0,0
samtools-sort-markduplicate,10240,20447,29162.170738533652,29162.170738533652,WittRegression,8715.170738533652,FALSE,1273,0,0
samtools-sort-markduplicate,10240,20449,27026.865855108656,27026.865855108656,WittRegression,6577.8658551086555,FALSE,1052,0,0
samtools-sort-markduplicate,10240,20470,49959.81491014561,49959.81491014561,WittRegression,29489.814910145607,FALSE,1811,0,0
samtools-sort-markduplicate,10240,20511,38350.054597520924,38350.054597520924,WittRegression,17839.054597520924,FALSE,1361,0,0
samtools-sort-markduplicate,10240,20493,29002.291512106156,29002.291512106156,WittRegression,8509.291512106156,FALSE,1415,0,0
samtools-sort-markduplicate,15360,20468,49629.93221967765,49629.93221967765,WittRegression,29161.93221967765,FALSE,1820,0,0
samtools-sort-markduplicate,15360,20487,30920.825776266363,30920.825776266363,WittRegression,10433.825776266363,FALSE,2338,0,0
samtools-sort-markduplicate,15360,20506,27443.078166041978,27443.078166041978,WittRegression,6937.078166041978,FALSE,2035,0,0
samtools-sort-markduplicate,15360,20467,27831.434380918374,27831.434380918374,WittRegression,7364.434380918374,FALSE,2034,0,0
samtools-sort-markduplicate,15360,20483,29706.343883638583,29706.343883638583,WittRegression,9223.343883638583,FALSE,1880,0,0
samtools-sort-markduplicate,15360,20418,30546.089192739724,30546.089192739724,WittRegression,10128.089192739724,FALSE,2076,0,0
samtools-sort-markduplicate,15360,20447,29162.170738533652,29162.170738533652,WittRegression,8715.170738533652,FALSE,2053,0,0
samtools-sort-markduplicate,15360,20471,35639.885655031976,35639.885655031976,WittRegression,15168.885655031976,FALSE,1821,0,0
samtools-sort-markduplicate,15360,20430,72764.98317910527,72764.98317910527,WittRegression,52334.98317910527,FALSE,1883,0,0
samtools-sort-markduplicate,15360,20467,26608.495955505394,26608.495955505394,WittRegression,6141.495955505394,FALSE,2013,0,0
samtools-sort-markduplicate,15360,20407,37971.17358715637,37971.17358715637,WittRegression,17564.173587156372,FALSE,1791,0,0
samtools-sort-markduplicate,15360,20465,26920.69761,26920.69761,WittRegression,6455.6976086122995,FALSE,2378,0,0
samtools-sort-markduplicate,15360,20453,25466.000318114297,25466.000318114297,WittRegression,5013.0003181142965,FALSE,2091,0,0
samtools-sort-markduplicate,15360,20445,32612.24776803362,32612.24776803362,WittRegression,12167.24776803362,FALSE,1832,0,0
samtools-sort-markduplicate,15360,20456,28949.92803,28949.92803,WittRegression,8493.928033,FALSE,2204,0,0
samtools-sort-markduplicate,15360,20497,28414.796477827767,28414.796477827767,WittRegression,7917.796477827767,FALSE,1806,0,0
samtools-sort-markduplicate,15360,20401,26054.819339304646,26054.819339304646,WittRegression,5653.819339304646,FALSE,2017,0,0
samtools-sort-markduplicate,15360,20499,71162.10784229283,71162.10784229283,WittRegression,50663.107842292826,FALSE,1731,0,0
samtools-sort-markduplicate,15360,20419,23197.932070249397,23197.932070249397,WittRegression,2778.932070249397,FALSE,1913,0,0
samtools-sort-markduplicate,15360,20421,27659.158067389668,27659.158067389668,WittRegression,7238.158067389668,FALSE,1804,0,0
samtools-sort-markduplicate,15360,20472,28085.617541566975,28085.617541566975,WittRegression,7613.617541566975,FALSE,1818,0,0
samtools-sort-markduplicate,15360,20400,70444.15233094887,70444.15233094887,WittRegression,50044.15233094887,FALSE,1693,0,0
samtools-sort-markduplicate,15360,20433,27082.42714161557,27082.42714161557,WittRegression,6649.427141615572,FALSE,1730,0,0
samtools-sort-markduplicate,15360,20467,139103.5219536226,139103.5219536226,WittRegression,118636.5219536226,FALSE,1977,0,0
samtools-sort-markduplicate,15360,20411,35441.88264101765,35441.88264101765,WittRegression,15030.882641017648,FALSE,2071,0,0
samtools-sort-markduplicate,15360,20486,63081.82718303689,63081.82718303689,WittRegression,42595.82718303689,FALSE,2329,0,0
samtools-sort-markduplicate,15360,20437,26416.57770436737,26416.57770436737,WittRegression,5979.577704,FALSE,1763,0,0
samtools-sort-markduplicate,15360,20498,30076.69687260006,30076.69687260006,WittRegression,9578.696873,FALSE,2073,0,0
samtools-sort-markduplicate,15360,20486,31667.285407757798,31667.285407757798,WittRegression,11181.285407757798,FALSE,2139,0,0
samtools-sort-markduplicate,15360,20415,38236.09440203575,38236.09440203575,WittRegression,17821.09440203575,FALSE,2157,0,0
samtools-sort-markduplicate,18182,20468,25013.837249681845,25013.837249681845,WittRegression,4545.837249681845,FALSE,2013,0,0
samtools-sort-markduplicate,18182,20480,70790.67713208159,70790.67713208159,WittRegression,50310.67713208159,FALSE,2526,0,0
samtools-sort-markduplicate,18182,20500,139581.57944946756,139581.57944946756,WittRegression,119081.57944946756,FALSE,2808,0,0
samtools-sort-markduplicate,18182,20444,31634.577112609117,31634.577112609117,WittRegression,11190.577112609117,FALSE,2718,0,0
samtools-sort-markduplicate,18182,20439,49617.64361000846,49617.64361000846,WittRegression,29178.64361000846,FALSE,2472,0,0
samtools-sort-markduplicate,18182,20454,27928.487030865777,27928.487030865777,WittRegression,7474.487030865777,FALSE,2390,0,0
samtools-sort-markduplicate,18182,20430,26570.83711591958,26570.83711591958,WittRegression,6140.837115919581,FALSE,2940,0,0
samtools-sort-markduplicate,18182,20496,29473.33843658032,29473.33843658032,WittRegression,8977.338436580321,FALSE,3152,0,0
samtools-sort-markduplicate,18182,20512,45749.799806247574,45749.799806247574,WittRegression,25237.799806247574,FALSE,2257,0,0
samtools-sort-markduplicate,18182,20425,38004.66607133184,38004.66607133184,WittRegression,17579.66607133184,FALSE,2468,0,0
samtools-sort-markduplicate,18182,20444,28722.170851302635,28722.170851302635,WittRegression,8278.170851302635,FALSE,2391,0,0
samtools-sort-markduplicate,18182,20468,27073.252252298847,27073.252252298847,WittRegression,6605.252252298847,FALSE,2463,0,0
samtools-sort-markduplicate,18182,20516,72670.54711283719,72670.54711283719,WittRegression,52154.54711283719,FALSE,2207,0,0
samtools-sort-markduplicate,18182,20468,27869.13925960333,27869.13925960333,WittRegression,7401.139259603329,FALSE,2134,0,0
samtools-sort-markduplicate,18182,20476,30632.85935500728,30632.85935500728,WittRegression,10156.85935500728,FALSE,2088,0,0
samtools-sort-markduplicate,18182,20482,130773.29905253495,130773.29905253495,WittRegression,110291.29905253495,FALSE,1989,0,0
samtools-sort-markduplicate,18182,20466,34544.20963,34544.20963,WittRegression,14078.209634714702,FALSE,2362,0,0
samtools-sort-markduplicate,18182,20448,26195.552349786933,26195.552349786933,WittRegression,5747.552349786933,FALSE,2562,0,0
samtools-sort-markduplicate,18182,20425,30883.433678725778,30883.433678725778,WittRegression,10458.433678725778,FALSE,2327,0,0
samtools-sort-markduplicate,18182,20492,35686.601548319675,35686.601548319675,WittRegression,15194.601548319675,FALSE,2380,0,0
samtools-sort-markduplicate,18182,20449,30695.44624896687,30695.44624896687,WittRegression,10246.44624896687,FALSE,2350,0,0
samtools-sort-markduplicate,18182,20486,45301.991019207155,45301.991019207155,WittRegression,24815.991019207155,FALSE,2345,0,0
samtools-sort-markduplicate,18182,20501,26344.627408115866,26344.627408115866,WittRegression,5843.627408115866,FALSE,1914,0,0
samtools-sort-markduplicate,18182,20431,29096.76043811696,29096.76043811696,WittRegression,8665.760438116959,FALSE,2414,0,0
samtools-sort-markduplicate,18182,20484,26970.469696098447,26970.469696098447,WittRegression,6486.4696960984475,FALSE,2704,0,0
samtools-sort-markduplicate,18182,20476,27694.775245420053,27694.775245420053,WittRegression,7218.775245420053,FALSE,2991,0,0
samtools-sort-markduplicate,18182,20468,28966.910782695984,28966.910782695984,WittRegression,8498.910782695984,FALSE,2019,0,0
samtools-sort-markduplicate,18182,20382,29575.417292584098,29575.417292584098,WittRegression,9193.417292584098,FALSE,2703,0,0
samtools-sort-markduplicate,18182,20483,27361.38226,27361.38226,WittRegression,6878.382255844601,FALSE,2477,0,0
samtools-sort-markduplicate,18182,20429,25513.22436911717,25513.22436911717,WittRegression,5084.224369117172,FALSE,2301,0,0
samtools-index-markduplicate,10240,34,54.665490921033275,54.665490921033275,WittRegression,20.665490921033275,FALSE,123,0,0
samtools-index-markduplicate,10240,34,60.42782608357037,60.42782608357037,WittRegression,26.427826083570373,FALSE,100,0,0
samtools-index-markduplicate,10240,34,40.938103385568624,40.938103385568624,WittRegression,6.938103385568624,FALSE,108,0,0
samtools-index-markduplicate,10240,34,76.08524357381705,76.08524357381705,WittRegression,42.08524357381705,FALSE,394,0,0
samtools-index-markduplicate,10240,34,50.89568699051748,50.89568699051748,WittRegression,16.895686990517483,FALSE,141,0,0
samtools-index-markduplicate,10240,34,51.74579169054166,51.74579169054166,WittRegression,17.745791690541658,FALSE,120,0,0
samtools-index-markduplicate,10240,34,46.22568366172969,46.22568366172969,WittRegression,12.22568366172969,FALSE,98,0,0
samtools-index-markduplicate,10240,34,61.37687179,61.37687179,WittRegression,27.37687179,FALSE,495,0,0
samtools-index-markduplicate,10240,34,73.36404476877703,73.36404476877703,WittRegression,39.364044768777035,FALSE,157,0,0
samtools-index-markduplicate,10240,34,62.140077285112184,62.140077285112184,WittRegression,28.140077285112184,FALSE,513,0,0
samtools-index-markduplicate,10240,34,78.67598736246487,78.67598736246487,WittRegression,44.675987362464866,FALSE,144,0,0
samtools-index-markduplicate,10240,34,76.88759296864923,76.88759296864923,WittRegression,42.88759296864923,FALSE,133,0,0
samtools-index-markduplicate,10240,34,128.6814474283316,128.6814474283316,WittRegression,94.68144742833161,FALSE,507,0,0
samtools-index-markduplicate,10240,34,66.81199827642595,66.81199827642595,WittRegression,32.81199827642595,FALSE,162,0,0
samtools-index-markduplicate,10240,34,52.314278624430955,52.314278624430955,WittRegression,18.314278624430955,FALSE,444,0,0
samtools-index-markduplicate,10240,34,98.85034065005772,98.85034065005772,WittRegression,64.85034065005772,FALSE,155,0,0
samtools-index-markduplicate,10240,34,48.96695710663108,48.96695710663108,WittRegression,14.966957106631078,FALSE,329,0,0
samtools-index-markduplicate,10240,34,47.87878016748208,47.87878016748208,WittRegression,13.878780167482077,FALSE,165,0,0
samtools-index-markduplicate,10240,34,81.87028100629226,81.87028100629226,WittRegression,47.87028100629226,FALSE,198,0,0
samtools-index-markduplicate,10240,34,54.24847973087071,54.24847973087071,WittRegression,20.248479730870713,FALSE,101,0,0
samtools-index-markduplicate,10240,34,63.82929359528482,63.82929359528482,WittRegression,29.829293595284817,FALSE,136,0,0
samtools-index-markduplicate,10240,34,70.52748866258607,70.52748866258607,WittRegression,36.527488662586066,FALSE,130,0,0
samtools-index-markduplicate,10240,34,51.51497363737211,51.51497363737211,WittRegression,17.51497363737211,FALSE,135,0,0
samtools-index-markduplicate,10240,34,59.03038263538486,59.03038263538486,WittRegression,25.03038263538486,FALSE,127,0,0
samtools-index-markduplicate,10240,34,62.47751164460016,62.47751164460016,WittRegression,28.477511644600163,FALSE,110,0,0
samtools-index-markduplicate,10240,34,57.36344082667306,57.36344082667306,WittRegression,23.363440826673063,FALSE,144,0,0
samtools-index-markduplicate,10240,34,62.07657048734968,62.07657048734968,WittRegression,28.076570487349677,FALSE,132,0,0
samtools-index-markduplicate,10240,34,100.59647890594724,100.59647890594724,WittRegression,66.59647890594724,FALSE,225,0,0
samtools-index-markduplicate,10240,34,57.30760081444164,57.30760081444164,WittRegression,23.307600814441642,FALSE,123,0,0
samtools-index-markduplicate,10240,34,94.86097360019714,94.86097360019714,WittRegression,60.86097360019714,FALSE,202,0,0
samtools-index-markduplicate,15360,34,45.80841624961501,45.80841624961501,WittRegression,11.808416249615007,FALSE,132,0,0
samtools-index-markduplicate,15360,34,58.247895528065506,58.247895528065506,WittRegression,24.247895528065506,FALSE,364,0,0
samtools-index-markduplicate,15360,34,54.95627178549275,54.95627178549275,WittRegression,20.956271785492753,FALSE,111,0,0
samtools-index-markduplicate,15360,34,55.89998795470122,55.89998795470122,WittRegression,21.899987954701217,FALSE,124,0,0
samtools-index-markduplicate,15360,34,76.30686036874286,76.30686036874286,WittRegression,42.30686036874286,FALSE,177,0,0
samtools-index-markduplicate,15360,34,57.723823861136076,57.723823861136076,WittRegression,23.723823861136076,FALSE,190,0,0
samtools-index-markduplicate,15360,34,92.03771949360201,92.03771949360201,WittRegression,58.03771949360201,FALSE,143,0,0
samtools-index-markduplicate,15360,34,88.15593536536838,88.15593536536838,WittRegression,54.15593536536838,FALSE,91,0,0
samtools-index-markduplicate,15360,34,77.32290563207518,77.32290563207518,WittRegression,43.32290563207518,FALSE,118,0,0
samtools-index-markduplicate,15360,34,51.03383319,51.03383319,WittRegression,17.033833188189398,FALSE,106,0,0
samtools-index-markduplicate,15360,34,60.899678210756626,60.899678210756626,WittRegression,26.899678210756626,FALSE,162,0,0
samtools-index-markduplicate,15360,34,51.90064860334679,51.90064860334679,WittRegression,17.900648603346788,FALSE,565,0,0
samtools-index-markduplicate,15360,34,78.67598736246487,78.67598736246487,WittRegression,44.675987362464866,FALSE,160,0,0
samtools-index-markduplicate,15360,34,43.90625356673764,43.90625356673764,WittRegression,9.906253567,FALSE,105,0,0
samtools-index-markduplicate,15360,34,47.87878016748208,47.87878016748208,WittRegression,13.878780167482077,FALSE,146,0,0
samtools-index-markduplicate,15360,34,52.314278624430955,52.314278624430955,WittRegression,18.314278624430955,FALSE,118,0,0
samtools-index-markduplicate,15360,34,62.10517905627012,62.10517905627012,WittRegression,28.105179056270117,FALSE,139,0,0
samtools-index-markduplicate,15360,34,73.44407922525924,73.44407922525924,WittRegression,39.444079225259244,FALSE,120,0,0
samtools-index-markduplicate,15360,34,61.66849459398812,61.66849459398812,WittRegression,27.66849459398812,FALSE,450,0,0
samtools-index-markduplicate,15360,34,51.51497363737211,51.51497363737211,WittRegression,17.51497363737211,FALSE,157,0,0
samtools-index-markduplicate,15360,34,48.4887928,48.4887928,WittRegression,14.488792798601203,FALSE,121,0,0
samtools-index-markduplicate,15360,34,62.05533477,62.05533477,WittRegression,28.05533477,FALSE,113,0,0
samtools-index-markduplicate,15360,34,99.26152364506727,99.26152364506727,WittRegression,65.26152364506727,FALSE,172,0,0
samtools-index-markduplicate,15360,34,66.81199827642595,66.81199827642595,WittRegression,32.81199827642595,FALSE,208,0,0
samtools-index-markduplicate,15360,33,97.63775893812526,97.63775893812526,WittRegression,64.63775893812526,FALSE,174,0,0
samtools-index-markduplicate,15360,34,220.57907803517665,220.57907803517665,WittRegression,186.57907803517665,FALSE,158,0,0
samtools-index-markduplicate,15360,34,63.82929359528482,63.82929359528482,WittRegression,29.829293595284817,FALSE,116,0,0
samtools-index-markduplicate,15360,34,71.70881522838683,71.70881522838683,WittRegression,37.708815228386825,FALSE,158,0,0
samtools-index-markduplicate,15360,34,62.77736642506219,62.77736642506219,WittRegression,28.77736642506219,FALSE,487,0,0
samtools-index-markduplicate,15360,34,54.28993917565791,54.28993917565791,WittRegression,20.289939175657913,FALSE,142,0,0
samtools-index-markduplicate,18182,34,51.748334330744974,51.748334330744974,WittRegression,17.748334330744974,FALSE,129,0,0
samtools-index-markduplicate,18182,34,74.63146792606359,74.63146792606359,WittRegression,40.63146792606359,FALSE,440,0,0
samtools-index-markduplicate,18182,34,59.87200259790835,59.87200259790835,WittRegression,25.87200259790835,FALSE,405,0,0
samtools-index-markduplicate,18182,34,61.15802491931851,61.15802491931851,WittRegression,27.158024919318507,FALSE,183,0,0
samtools-index-markduplicate,18182,34,71.94207921450725,71.94207921450725,WittRegression,37.942079214507245,FALSE,158,0,0
samtools-index-markduplicate,18182,34,61.73630980909301,61.73630980909301,WittRegression,27.736309809093008,FALSE,132,0,0
samtools-index-markduplicate,18182,34,173.29919785415115,173.29919785415115,WittRegression,139.29919785415115,FALSE,384,0,0
samtools-index-markduplicate,18182,34,49.272003143612785,49.272003143612785,WittRegression,15.272003143612785,FALSE,234,0,0
samtools-index-markduplicate,18182,34,62.850062630476096,62.850062630476096,WittRegression,28.850062630476096,FALSE,228,0,0
samtools-index-markduplicate,18182,34,40.938103385568624,40.938103385568624,WittRegression,6.938103385568624,FALSE,392,0,0
samtools-index-markduplicate,18182,34,54.665490921033275,54.665490921033275,WittRegression,20.665490921033275,FALSE,216,0,0
samtools-index-markduplicate,18182,34,49.24395543066451,49.24395543066451,WittRegression,15.243955430664514,FALSE,419,0,0
samtools-index-markduplicate,18182,34,46.67941850017455,46.67941850017455,WittRegression,12.679418500174549,FALSE,180,0,0
samtools-index-markduplicate,18182,34,94.86097360019714,94.86097360019714,WittRegression,60.86097360019714,FALSE,118,0,0
samtools-index-markduplicate,18182,34,52.25894990578788,52.25894990578788,WittRegression,18.25894990578788,FALSE,123,0,0
samtools-index-markduplicate,18182,34,77.32290563207518,77.32290563207518,WittRegression,43.32290563207518,FALSE,171,0,0
samtools-index-markduplicate,18182,34,62.140077285112184,62.140077285112184,WittRegression,28.140077285112184,FALSE,150,0,0
samtools-index-markduplicate,18182,34,51.67163748645517,51.67163748645517,WittRegression,17.671637486455168,FALSE,415,0,0
samtools-index-markduplicate,18182,34,57.798578178639715,57.798578178639715,WittRegression,23.798578178639715,FALSE,146,0,0
samtools-index-markduplicate,18182,34,59.03038263538486,59.03038263538486,WittRegression,25.03038263538486,FALSE,147,0,0
samtools-index-markduplicate,18182,34,77.42059749648084,77.42059749648084,WittRegression,43.42059749648084,FALSE,150,0,0
samtools-index-markduplicate,18182,34,63.82929359528482,63.82929359528482,WittRegression,29.829293595284817,FALSE,106,0,0
samtools-index-markduplicate,18182,34,55.89998795470122,55.89998795470122,WittRegression,21.899987954701217,FALSE,133,0,0
samtools-index-markduplicate,18182,34,99.94473692650662,99.94473692650662,WittRegression,65.94473692650662,FALSE,239,0,0
samtools-index-markduplicate,18182,34,65.51648329465901,65.51648329465901,WittRegression,31.51648329465901,FALSE,197,0,0
samtools-index-markduplicate,18182,34,53.558402665678216,53.558402665678216,WittRegression,19.558402665678216,FALSE,185,0,0
samtools-index-markduplicate,18182,33,68.86957519890633,68.86957519890633,WittRegression,35.86957519890633,FALSE,116,0,0
samtools-index-markduplicate,18182,34,104.46270940107505,104.46270940107505,WittRegression,70.46270940107505,FALSE,540,0,0
samtools-index-markduplicate,18182,34,81.32697435091424,81.32697435091424,WittRegression,47.32697435091424,FALSE,218,0,0
samtools-index-markduplicate,18182,34,47.87878016748208,47.87878016748208,WittRegression,13.878780167482077,FALSE,146,0,0
picard-validate-sam,10240,2870,3719.6249359969556,3719.6249359969556,WittRegression,849.6249359969556,FALSE,1127,0,0
picard-validate-sam,10240,3270,14441.024269108932,14441.024269108932,WittRegression,11171.024269108932,FALSE,1355,0,0
picard-validate-sam,10240,3494,4970.185765169153,4970.185765169153,WittRegression,1476.1857651691525,FALSE,1130,0,0
picard-validate-sam,10240,3646,17436.24632495167,17436.24632495167,WittRegression,13790.24632495167,FALSE,1293,0,0
picard-validate-sam,10240,3528,4177.676396431288,4177.676396431288,WittRegression,649.6763964312877,FALSE,1264,0,0
picard-validate-sam,10240,3257,4355.396829159874,4355.396829159874,WittRegression,1098.396829159874,FALSE,1149,0,0
picard-validate-sam,10240,3103,4625.065966,4625.065966,WittRegression,1522.065966,FALSE,1275,0,0
picard-validate-sam,10240,3048,6981.890287115271,6981.890287115271,WittRegression,3933.8902871152713,FALSE,1444,0,0
picard-validate-sam,10240,2856,11224.963078493014,11224.963078493014,WittRegression,8368.963078493014,FALSE,1701,0,0
picard-validate-sam,10240,2923,13677.07627099443,13677.07627099443,WittRegression,10754.07627099443,FALSE,1448,0,0
picard-validate-sam,10240,3303,14286.667658218783,14286.667658218783,WittRegression,10983.667658218783,FALSE,1355,0,0
picard-validate-sam,10240,3422,12256.439666135586,12256.439666135586,WittRegression,8834.439666135586,FALSE,1239,0,0
picard-validate-sam,10240,2911,17876.525161967507,17876.525161967507,WittRegression,14965.525161967507,FALSE,1864,0,0
picard-validate-sam,10240,3000,14484.44369520587,14484.44369520587,WittRegression,11484.44369520587,FALSE,1668,0,0
picard-validate-sam,10240,3168,14508.229531570702,14508.229531570702,WittRegression,11340.229531570702,FALSE,1572,0,0
picard-validate-sam,10240,2990,2794.5684251060043,5589.1368502120085,WittRegression,2599.1368502120085,FALSE,1548,1521,1
picard-validate-sam,10240,3604,16273.30323065404,16273.30323065404,WittRegression,12669.30323065404,FALSE,2017,0,0
picard-validate-sam,10240,3612,5486.740419916695,5486.740419916695,WittRegression,1874.740419916695,FALSE,1880,0,0
picard-validate-sam,10240,3632,16681.33871987068,16681.33871987068,WittRegression,13049.33871987068,FALSE,1892,0,0
picard-validate-sam,10240,3292,4048.8522206245343,4048.8522206245343,WittRegression,756.8522206245343,FALSE,1373,0,0
picard-validate-sam,10240,3115,13822.426375835696,13822.426375835696,WittRegression,10707.426375835696,FALSE,1406,0,0
picard-validate-sam,10240,3306,14521.303100670813,14521.303100670813,WittRegression,11215.303100670813,FALSE,1348,0,0
picard-validate-sam,10240,2842,13796.935399263537,13796.935399263537,WittRegression,10954.935399263537,FALSE,1510,0,0
picard-validate-sam,10240,3351,13679.172185750014,13679.172185750014,WittRegression,10328.172185750014,FALSE,1212,0,0
picard-validate-sam,10240,2808,13475.475721131634,13475.475721131634,WittRegression,10667.475721131634,FALSE,1443,0,0
picard-validate-sam,10240,3455,6241.249542406489,6241.249542406489,WittRegression,2786.249542406489,FALSE,1386,0,0
picard-validate-sam,10240,2922,12339.494342412228,12339.494342412228,WittRegression,9417.494342412228,FALSE,1307,0,0
picard-validate-sam,10240,3178,12232.379877388563,12232.379877388563,WittRegression,9054.379877388563,FALSE,1628,0,0
picard-validate-sam,10240,3438,17761.512831317537,17761.512831317537,WittRegression,14323.512831317537,FALSE,1302,0,0
picard-validate-sam,10240,3158,15742.369129175207,15742.369129175207,WittRegression,12584.369129175207,FALSE,1255,0,0
picard-validate-sam,15360,3585,13773.222057247001,13773.222057247001,WittRegression,10188.222057247001,FALSE,1873,0,0
picard-validate-sam,15360,4271,5054.2216531118665,5054.2216531118665,WittRegression,783.2216531118665,FALSE,2629,0,0
picard-validate-sam,15360,3315,3021.7568166631936,6043.513633326387,WittRegression,2728.513633326387,FALSE,2112,2075,1
picard-validate-sam,15360,3514,4698.886451211066,4698.886451211066,WittRegression,1184.8864512110658,FALSE,1837,0,0
picard-validate-sam,15360,3299,12277.165526046454,12277.165526046454,WittRegression,8978.165526046454,FALSE,2407,0,0
picard-validate-sam,15360,3689,5900.454712780302,5900.454712780302,WittRegression,2211.4547127803016,FALSE,1763,0,0
picard-validate-sam,15360,3701,17178.29262927977,17178.29262927977,WittRegression,13477.292629279771,FALSE,2089,0,0
picard-validate-sam,15360,3418,15653.134008493897,15653.134008493897,WittRegression,12235.134008493897,FALSE,1588,0,0
picard-validate-sam,15360,3891,16629.96248778075,16629.96248778075,WittRegression,12738.962487780751,FALSE,1907,0,0
picard-validate-sam,15360,4201,20496.765627680787,20496.765627680787,WittRegression,16295.765627680787,FALSE,1842,0,0
picard-validate-sam,15360,3567,15962.397966224338,15962.397966224338,WittRegression,12395.397966224338,FALSE,1746,0,0
picard-validate-sam,15360,3291,14661.391709416264,14661.391709416264,WittRegression,11370.391709416264,FALSE,2169,0,0
picard-validate-sam,15360,3950,18549.653582154828,18549.653582154828,WittRegression,14599.653582154828,FALSE,1882,0,0
picard-validate-sam,15360,4114,19725.747847261315,19725.747847261315,WittRegression,15611.747847261315,FALSE,1623,0,0
picard-validate-sam,15360,3809,15940.638724892287,15940.638724892287,WittRegression,12131.638724892287,FALSE,2135,0,0
picard-validate-sam,15360,3917,17334.175065007763,17334.175065007763,WittRegression,13417.175065007763,FALSE,1639,0,0
picard-validate-sam,15360,4051,5147.407982865675,5147.407982865675,WittRegression,1096.407982865675,FALSE,2343,0,0
picard-validate-sam,15360,3317,19945.26361221695,19945.26361221695,WittRegression,16628.26361221695,FALSE,1712,0,0
picard-validate-sam,15360,3777,14956.119846277721,14956.119846277721,WittRegression,11179.119846277721,FALSE,2687,0,0
picard-validate-sam,15360,3788,13464.528431755618,13464.528431755618,WittRegression,9676.528431755618,FALSE,1953,0,0
picard-validate-sam,15360,3536,17082.39134121252,17082.39134121252,WittRegression,13546.391341212518,FALSE,1732,0,0
picard-validate-sam,15360,3738,16142.329837333578,16142.329837333578,WittRegression,12404.329837333578,FALSE,1733,0,0
picard-validate-sam,15360,3927,18780.071123994843,18780.071123994843,WittRegression,14853.071123994843,FALSE,1767,0,0
picard-validate-sam,15360,3758,6832.580004459524,6832.580004459524,WittRegression,3074.5800044595244,FALSE,2655,0,0
picard-validate-sam,15360,4160,5422.054763370295,5422.054763370295,WittRegression,1262.0547633702954,FALSE,1953,0,0
picard-validate-sam,15360,3680,5371.294407021456,5371.294407021456,WittRegression,1691.2944070214562,FALSE,2350,0,0
picard-validate-sam,15360,3537,17505.292976882964,17505.292976882964,WittRegression,13968.292976882964,FALSE,1790,0,0
picard-validate-sam,15360,4007,20354.319523382037,20354.319523382037,WittRegression,16347.319523382037,FALSE,1419,0,0
picard-validate-sam,15360,4100,6098.757707352533,6098.757707352533,WittRegression,1998.7577073525326,FALSE,2213,0,0
picard-validate-sam,15360,4111,17982.663017947532,17982.663017947532,WittRegression,13871.663017947532,FALSE,1923,0,0
picard-validate-sam,18182,4372,5180.894687145634,5180.894687145634,WittRegression,808.8946871456337,FALSE,2048,0,0
picard-validate-sam,18182,4096,4319.346663765798,4319.346663765798,WittRegression,223.34666376579844,FALSE,2867,0,0
picard-validate-sam,18182,4364,5767.848657785685,5767.848657785685,WittRegression,1403.8486577856847,FALSE,2334,0,0
picard-validate-sam,18182,4318,17626.578781876622,17626.578781876622,WittRegression,13308.578781876622,FALSE,2712,0,0
picard-validate-sam,18182,4248,6348.052439433567,6348.052439433567,WittRegression,2100.052439433567,FALSE,2123,0,0
picard-validate-sam,18182,3764,16215.554693711723,16215.554693711723,WittRegression,12451.554693711723,FALSE,2021,0,0
picard-validate-sam,18182,4297,16195.821852642082,16195.821852642082,WittRegression,11898.821852642082,FALSE,2699,0,0
picard-validate-sam,18182,3956,5170.216199547638,5170.216199547638,WittRegression,1214.216199547638,FALSE,2340,0,0
picard-validate-sam,18182,3919,18086.84540323166,18086.84540323166,WittRegression,14167.845403231659,FALSE,2000,0,0
picard-validate-sam,18182,3982,19237.014230969526,19237.014230969526,WittRegression,15255.014230969526,FALSE,2603,0,0
picard-validate-sam,18182,4253,18714.111893197634,18714.111893197634,WittRegression,14461.111893197634,FALSE,2974,0,0
picard-validate-sam,18182,3630,17107.326244784585,17107.326244784585,WittRegression,13477.326244784585,FALSE,2644,0,0
picard-validate-sam,18182,4020,20164.03525351292,20164.03525351292,WittRegression,16144.03525351292,FALSE,2265,0,0
picard-validate-sam,18182,3956,18984.68018261992,18984.68018261992,WittRegression,15028.680182619919,FALSE,2063,0,0
picard-validate-sam,18182,3796,17761.95057,17761.95057,WittRegression,13965.95057,FALSE,1945,0,0
picard-validate-sam,18182,3610,5106.338768020842,5106.338768020842,WittRegression,1496.3387680208416,FALSE,1781,0,0
picard-validate-sam,18182,4436,22533.506714679996,22533.506714679996,WittRegression,18097.506714679996,FALSE,2037,0,0
picard-validate-sam,18182,4148,18219.711210400037,18219.711210400037,WittRegression,14071.711210400037,FALSE,2305,0,0
picard-validate-sam,18182,3657,16236.50960947822,16236.50960947822,WittRegression,12579.50960947822,FALSE,2004,0,0
picard-validate-sam,18182,4868,23695.199117741617,23695.199117741617,WittRegression,18827.199117741617,FALSE,2112,0,0
picard-validate-sam,18182,4132,7436.900548296898,7436.900548296898,WittRegression,3304.900548296898,FALSE,2098,0,0
picard-validate-sam,18182,4830,17135.60977,17135.60977,WittRegression,12305.609765844401,FALSE,2301,0,0
picard-validate-sam,18182,4546,18338.304845016315,18338.304845016315,WittRegression,13792.304845016315,FALSE,2316,0,0
picard-validate-sam,18182,4000,17167.21873673504,17167.21873673504,WittRegression,13167.218736735042,FALSE,2138,0,0
picard-validate-sam,18182,4236,22902.304393450046,22902.304393450046,WittRegression,18666.304393450046,FALSE,2517,0,0
picard-validate-sam,18182,3828,14701.307089091206,14701.307089091206,WittRegression,10873.307089091206,FALSE,2903,0,0
picard-validate-sam,18182,3780,6670.647280001553,6670.647280001553,WittRegression,2890.6472800015526,FALSE,2003,0,0
picard-validate-sam,18182,4260,19497.686583354167,19497.686583354167,WittRegression,15237.686583354167,FALSE,2721,0,0
picard-validate-sam,18182,3620,3690.4508370284075,3690.4508370284075,WittRegression,70.45083702840748,FALSE,2816,0,0
picard-validate-sam,18182,4292,19301.959073432143,19301.959073432143,WittRegression,15009.959073432143,FALSE,2582,0,0
picard-collect-wgs-metrics,10240,1743,1782.586139,1782.586139,WittRegression,39.586139465079896,FALSE,1257,0,0
picard-collect-wgs-metrics,10240,1698,4577.886339908527,4577.886339908527,WittRegression,2879.8863399085267,FALSE,1195,0,0
picard-collect-wgs-metrics,10240,1576,4538.144676349142,4538.144676349142,WittRegression,2962.144676349142,FALSE,1332,0,0
picard-collect-wgs-metrics,10240,1452,1667.2662074390546,1667.2662074390546,WittRegression,215.2662074390546,FALSE,1404,0,0
picard-collect-wgs-metrics,10240,1751,2068.761819745823,2068.761819745823,WittRegression,317.7618197458228,FALSE,1245,0,0
picard-collect-wgs-metrics,10240,1581,3992.7091957801736,3992.7091957801736,WittRegression,2411.7091957801736,FALSE,1198,0,0
picard-collect-wgs-metrics,10240,1584,2591.0545548296363,2591.0545548296363,WittRegression,1007.0545548296363,FALSE,1338,0,0
picard-collect-wgs-metrics,10240,1442,1609.508874625075,1609.508874625075,WittRegression,167.5088746250749,FALSE,1282,0,0
picard-collect-wgs-metrics,10240,1518,1269.966476225066,2539.932952450132,WittRegression,1021.9329524501318,FALSE,1304,1299,1
picard-collect-wgs-metrics,10240,1673,1519.0761907796004,3038.152381559201,WittRegression,1365.1523815592009,FALSE,1370,1365,1
picard-collect-wgs-metrics,10240,1583,2109.247706101893,2109.247706101893,WittRegression,526.2477061018931,FALSE,1379,0,0
picard-collect-wgs-metrics,10240,1696,2351.610622154586,2351.610622154586,WittRegression,655.6106222,FALSE,1267,0,0
picard-collect-wgs-metrics,10240,1597,1504.6147315153648,3009.2294630307297,WittRegression,1412.2294630307297,FALSE,1314,1309,1
picard-collect-wgs-metrics,10240,1713,4175.754965303045,4175.754965303045,WittRegression,2462.7549653030446,FALSE,1252,0,0
picard-collect-wgs-metrics,10240,1440,1520.096684189487,1520.096684189487,WittRegression,80.09668418948695,FALSE,1353,0,0
picard-collect-wgs-metrics,10240,1687,3562.147339423608,3562.147339423608,WittRegression,1875.1473394236082,FALSE,1360,0,0
picard-collect-wgs-metrics,10240,1767,2095.618974572004,2095.618974572004,WittRegression,328.61897457200394,FALSE,1384,0,0
picard-collect-wgs-metrics,10240,1409,1262.0054466915847,2524.0108933831693,WittRegression,1115.0108933831693,FALSE,1313,1308,1
picard-collect-wgs-metrics,10240,1579,1994.7153246247037,1994.7153246247037,WittRegression,415.7153246247037,FALSE,1256,0,0
picard-collect-wgs-metrics,10240,1706,1686.7522058364177,3373.5044116728354,WittRegression,1667.5044116728354,FALSE,1292,1287,1
picard-collect-wgs-metrics,10240,1883,27939.83538920684,27939.83538920684,WittRegression,26056.83538920684,FALSE,1279,0,0
picard-collect-wgs-metrics,10240,1752,2139.800095982469,2139.800095982469,WittRegression,387.800096,FALSE,1250,0,0
picard-collect-wgs-metrics,10240,1751,3091.5432491426573,3091.5432491426573,WittRegression,1340.5432491426573,FALSE,1282,0,0
picard-collect-wgs-metrics,10240,1765,1817.960488327998,1817.960488327998,WittRegression,52.960488327998064,FALSE,1249,0,0
picard-collect-wgs-metrics,10240,1452,2058.8632934453203,2058.8632934453203,WittRegression,606.8632934453203,FALSE,1251,0,0
picard-collect-wgs-metrics,10240,1842,4258.8172033739775,4258.8172033739775,WittRegression,2416.8172033739775,FALSE,1270,0,0
picard-collect-wgs-metrics,10240,1504,1447.2108635831826,2894.421727166365,WittRegression,1390.4217271663651,FALSE,1194,1190,1
picard-collect-wgs-metrics,10240,1630,3887.302210836969,3887.302210836969,WittRegression,2257.302210836969,FALSE,1360,0,0
picard-collect-wgs-metrics,10240,1648,1877.9154332326275,1877.9154332326275,WittRegression,229.9154332326275,FALSE,1340,0,0
picard-collect-wgs-metrics,10240,1369,882.8538411275215,1765.707682255043,WittRegression,396.7076823,FALSE,1225,1220,1
picard-collect-wgs-metrics,15360,1555,1342.950205070142,2685.900410140284,WittRegression,1130.9004101402838,FALSE,1627,1621,1
picard-collect-wgs-metrics,15360,1713,6319.158964862318,6319.158964862318,WittRegression,4606.158964862318,FALSE,1811,0,0
picard-collect-wgs-metrics,15360,1551,3408.2488433392286,3408.2488433392286,WittRegression,1857.2488433392286,FALSE,1683,0,0
picard-collect-wgs-metrics,15360,1466,1689.0861130484982,1689.0861130484982,WittRegression,223.0861130484982,FALSE,1672,0,0
picard-collect-wgs-metrics,15360,1601,1649.0395137751416,1649.0395137751416,WittRegression,48.039513775141586,FALSE,1709,0,0
picard-collect-wgs-metrics,15360,1740,2071.9224273266855,2071.9224273266855,WittRegression,331.92242732668547,FALSE,1655,0,0
picard-collect-wgs-metrics,15360,1823,1717.5407987179149,3435.0815974358297,WittRegression,1612.0815974358297,FALSE,1665,1659,1
picard-collect-wgs-metrics,15360,1748,2982.818359050956,2982.818359050956,WittRegression,1234.8183590509561,FALSE,1667,0,0
picard-collect-wgs-metrics,15360,1684,1989.9608284297562,1989.9608284297562,WittRegression,305.96082842975625,FALSE,1606,0,0
picard-collect-wgs-metrics,15360,1759,1447.3500301932731,2894.7000603865463,WittRegression,1135.7000603865463,FALSE,1687,1681,1
picard-collect-wgs-metrics,15360,1541,1716.0371016674223,1716.0371016674223,WittRegression,175.03710166742235,FALSE,1615,0,0
picard-collect-wgs-metrics,15360,1642,1639.400291493877,3278.800582987754,WittRegression,1636.8005829877538,FALSE,1841,1834,1
picard-collect-wgs-metrics,15360,1549,3835.231679791337,3835.231679791337,WittRegression,2286.231679791337,FALSE,1709,0,0
picard-collect-wgs-metrics,15360,1454,1991.541917958767,1991.541917958767,WittRegression,537.541918,FALSE,1780,0,0
picard-collect-wgs-metrics,15360,1750,3067.212192651462,3067.212192651462,WittRegression,1317.212192651462,FALSE,1673,0,0
picard-collect-wgs-metrics,15360,1657,4532.577472847808,4532.577472847808,WittRegression,2875.577472847808,FALSE,1623,0,0
picard-collect-wgs-metrics,15360,1803,2668.5139498530816,2668.5139498530816,WittRegression,865.5139498530816,FALSE,1660,0,0
picard-collect-wgs-metrics,15360,1692,2208.0058700117042,2208.0058700117042,WittRegression,516.0058700117042,FALSE,1579,0,0
picard-collect-wgs-metrics,15360,1585,3574.4788677323318,3574.4788677323318,WittRegression,1989.4788677323318,FALSE,1755,0,0
picard-collect-wgs-metrics,15360,1497,965.3997079,1930.799415877136,WittRegression,433.79941587713597,FALSE,1615,1609,1
picard-collect-wgs-metrics,15360,1662,4276.983436705036,4276.983436705036,WittRegression,2614.983436705036,FALSE,1650,0,0
picard-collect-wgs-metrics,15360,1579,1657.8820761827674,1657.8820761827674,WittRegression,78.88207618276738,FALSE,1631,0,0
picard-collect-wgs-metrics,15360,1637,2009.21927,2009.21927,WittRegression,372.21926962577004,FALSE,1649,0,0
picard-collect-wgs-metrics,15360,1630,3784.0495635826264,3784.0495635826264,WittRegression,2154.0495635826264,FALSE,1815,0,0
picard-collect-wgs-metrics,15360,1599,1538.6237838228117,3077.2475676456233,WittRegression,1478.2475676456233,FALSE,1827,1820,1
picard-collect-wgs-metrics,15360,1655,4918.9116962999005,4918.9116962999005,WittRegression,3263.9116962999005,FALSE,1746,0,0
picard-collect-wgs-metrics,15360,1677,2111.794394,2111.794394,WittRegression,434.7943942,FALSE,1629,0,0
picard-collect-wgs-metrics,15360,1421,1300.3808173020986,2600.7616346041973,WittRegression,1179.7616346041973,FALSE,1668,1662,1
picard-collect-wgs-metrics,15360,1705,1932.093078732901,1932.093078732901,WittRegression,227.09307873290095,FALSE,1789,0,0
picard-collect-wgs-metrics,15360,1674,1712.019046164397,1712.019046164397,WittRegression,38.01904616439697,FALSE,1700,0,0
picard-collect-wgs-metrics,18182,1450,1118.3812831971004,2236.762566394201,WittRegression,786.7625663942008,FALSE,1896,1889,1
picard-collect-wgs-metrics,18182,1500,1254.9075852026342,2509.8151704052684,WittRegression,1009.8151704052684,FALSE,1936,1929,1
picard-collect-wgs-metrics,18182,1550,1431.1371008474314,2862.2742016948628,WittRegression,1312.2742016948628,FALSE,2053,2045,1
picard-collect-wgs-metrics,18182,1540,1579.730389499466,1579.730389499466,WittRegression,39.7303895,FALSE,1990,0,0
picard-collect-wgs-metrics,18182,1602,1599.463621786352,3198.927243572704,WittRegression,1596.927243572704,FALSE,1921,1914,1
picard-collect-wgs-metrics,18182,1706,1959.4217935197896,1959.4217935197896,WittRegression,253.42179351978962,FALSE,1841,0,0
picard-collect-wgs-metrics,18182,1696,4583.737667581125,4583.737667581125,WittRegression,2887.7376675811247,FALSE,1914,0,0
picard-collect-wgs-metrics,18182,1773,4014.085164028079,4014.085164028079,WittRegression,2241.085164028079,FALSE,2003,0,0
picard-collect-wgs-metrics,18182,1753,4065.0320320081278,4065.0320320081278,WittRegression,2312.0320320081278,FALSE,1901,0,0
picard-collect-wgs-metrics,18182,1660,1550.1046171466307,3100.2092342932615,WittRegression,1440.2092342932615,FALSE,2123,2115,1
picard-collect-wgs-metrics,18182,1708,2860.5272656513757,2860.5272656513757,WittRegression,1152.5272656513757,FALSE,2104,0,0
picard-collect-wgs-metrics,18182,1622,4025.6326044194852,4025.6326044194852,WittRegression,2403.6326044194852,FALSE,2002,0,0
picard-collect-wgs-metrics,18182,1833,1746.041671535102,3492.083343070204,WittRegression,1659.0833430702041,FALSE,1866,1859,1
picard-collect-wgs-metrics,18182,1687,4488.363557,4488.363557,WittRegression,2801.3635574502196,FALSE,1912,0,0
picard-collect-wgs-metrics,18182,1580,2152.1565985157627,2152.1565985157627,WittRegression,572.1565985157627,FALSE,1864,0,0
picard-collect-wgs-metrics,18182,1668,1890.164959135765,1890.164959135765,WittRegression,222.1649591,FALSE,1954,0,0
picard-collect-wgs-metrics,18182,1700,1816.0728356051904,1816.0728356051904,WittRegression,116.07283560519045,FALSE,1958,0,0
picard-collect-wgs-metrics,18182,1496,1852.4374177812465,1852.4374177812465,WittRegression,356.4374177812465,FALSE,2058,0,0
picard-collect-wgs-metrics,18182,1713,6319.158964862318,6319.158964862318,WittRegression,4606.158964862318,FALSE,1909,0,0
picard-collect-wgs-metrics,18182,1620,1754.594376,1754.594376,WittRegression,134.5943759562299,FALSE,2039,0,0
picard-collect-wgs-metrics,18182,1681,2010.8495849033702,2010.8495849033702,WittRegression,329.8495849033702,FALSE,1876,0,0
picard-collect-wgs-metrics,18182,1598,2015.172544667124,2015.172544667124,WittRegression,417.17254466712393,FALSE,1855,0,0
picard-collect-wgs-metrics,18182,1885,2213.6427953012467,2213.6427953012467,WittRegression,328.6427953012467,FALSE,1899,0,0
picard-collect-wgs-metrics,18182,1762,3557.3708636030715,3557.3708636030715,WittRegression,1795.3708636030715,FALSE,1913,0,0
picard-collect-wgs-metrics,18182,1624,1684.1029330850383,1684.1029330850383,WittRegression,60.10293308503833,FALSE,1883,0,0
picard-collect-wgs-metrics,18182,1762,5144.762005,5144.762005,WittRegression,3382.7620045123804,FALSE,1906,0,0
picard-collect-wgs-metrics,18182,1697,2458.941466852397,2458.941466852397,WittRegression,761.9414668523968,FALSE,1875,0,0
picard-collect-wgs-metrics,18182,1872,3196.723038493139,3196.723038493139,WittRegression,1324.723038493139,FALSE,1871,0,0
picard-collect-wgs-metrics,18182,1722,1551.0222817165052,3102.0445634330104,WittRegression,1380.0445634330104,FALSE,2034,2026,1
picard-collect-wgs-metrics,18182,1515,2008.3974684071202,2008.3974684071202,WittRegression,493.3974684071202,FALSE,1880,0,0
fastqc,5113,666,933.9536547433902,933.9536547433902,Statistical_P95,267.9536547433902,FALSE,441,0,0
fastqc,5128,625,988.9418907,988.9418907,Statistical_P95,363.9418907,FALSE,432,0,0
fastqc,5113,796,906.8999999999999,906.8999999999999,Statistical_P95,110.89999999999986,FALSE,445,0,0
fastqc,5128,645,1035.3740191804707,1035.3740191804707,Statistical_P95,390.37401918047067,FALSE,439,0,0
fastqc,5113,669,1076.867585301837,1076.867585301837,Statistical_P95,407.8675853018369,FALSE,387,0,0
fastqc,5128,638,989.3072340425533,989.3072340425533,Statistical_P95,351.3072340425533,FALSE,429,0,0
fastqc,5113,580,952.2311111,952.2311111,Statistical_P95,372.2311111,FALSE,449,0,0
fastqc,5128,674,845.4721845318857,845.4721845318857,Statistical_P95,171.47218453188566,FALSE,460,0,0
fastqc,5113,626,794.8657042253519,794.8657042253519,Statistical_P95,168.86570422535192,FALSE,441,0,0
fastqc,5128,781,1092.5602150537634,1092.5602150537634,Statistical_P95,311.5602150537634,FALSE,437,0,0
fastqc,5113,706,1125.0441880341873,1125.0441880341873,Statistical_P95,419.0441880341873,FALSE,434,0,0
fastqc,5128,826,1244.1876012965963,1244.1876012965963,Statistical_P95,418.1876012965963,FALSE,419,0,0
fastqc,5113,674,1324.6636559139777,1324.6636559139777,Statistical_P95,650.6636559139777,FALSE,447,0,0
fastqc,5128,630,927.8181818181814,927.8181818181814,Statistical_P95,297.8181818181814,FALSE,474,0,0
fastqc,5113,671,914.9276501111934,914.9276501111934,Statistical_P95,243.92765011119343,FALSE,452,0,0
fastqc,5128,730,974.6741863905323,974.6741863905323,Statistical_P95,244.67418639053233,FALSE,476,0,0
fastqc,5113,555,788.6974981046246,788.6974981046246,Statistical_P95,233.69749810462463,FALSE,468,0,0
fastqc,5128,724,1085.7049714751424,1085.7049714751424,Statistical_P95,361.70497147514243,FALSE,445,0,0
fastqc,5113,748,1309.6350943396214,1309.6350943396214,Statistical_P95,561.6350943396214,FALSE,462,0,0
fastqc,5128,804,1265.175762711864,1265.175762711864,Statistical_P95,461.1757627118641,FALSE,480,0,0
fastqc,5113,785,1923.665343915344,1923.665343915344,Statistical_P95,1138.665343915344,FALSE,457,0,0
fastqc,5128,723,877.1784129119028,877.1784129119028,Statistical_P95,154.1784129119028,FALSE,446,0,0
fastqc,5113,737,968.7502890173404,968.7502890173404,Statistical_P95,231.75028901734038,FALSE,490,0,0
fastqc,5128,637,908.4927682737167,908.4927682737167,Statistical_P95,271.4927682737167,FALSE,458,0,0
fastqc,5113,707,1001.2173913043478,1001.2173913043478,Statistical_P95,294.21739130434776,FALSE,480,0,0
fastqc,5128,675,903.0338921,903.0338921,Statistical_P95,228.03389212827994,FALSE,474,0,0
fastqc,5113,638,1043.324272,1043.324272,Statistical_P95,405.32427184465996,FALSE,441,0,0
fastqc,5128,688,1234.2546161321668,1234.2546161321668,Statistical_P95,546.2546161321668,FALSE,456,0,0
fastqc,5113,669,1273.3413197969542,1273.3413197969542,Statistical_P95,604.3413197969542,FALSE,489,0,0
fastqc,5128,701,1035.9722311396467,1035.9722311396467,Statistical_P95,334.97223113964674,FALSE,481,0,0
fastqc,5113,738,998.5095808383232,998.5095808383232,Statistical_P95,260.50958083832325,FALSE,449,0,0
fastqc,5128,689,1183.3944911297851,1183.3944911297851,Statistical_P95,494.39449112978514,FALSE,449,0,0
fastqc,5113,706,1078.6782396088017,1078.6782396088017,Statistical_P95,372.67823960880173,FALSE,486,0,0
fastqc,5128,725,1397.4034446764085,1397.4034446764085,Statistical_P95,672.4034446764085,FALSE,494,0,0
fastqc,5113,571,730.9246093749997,730.9246093749997,Statistical_P95,159.9246093749997,FALSE,474,0,0
fastqc,5128,759,1427.6210843373492,1427.6210843373492,Statistical_P95,668.6210843373492,FALSE,488,0,0
fastqc,5113,723,1044.2528141865841,1044.2528141865841,Statistical_P95,321.25281418658415,FALSE,465,0,0
fastqc,5128,706,1212.9764925373133,1212.9764925373133,Statistical_P95,506.97649253731333,FALSE,461,0,0
fastqc,5113,742,1268.1579925650556,1268.1579925650556,Statistical_P95,526.1579925650556,FALSE,465,0,0
fastqc,5128,645,979.2962287104617,979.2962287104617,Statistical_P95,334.2962287104617,FALSE,463,0,0
fastqc,5113,722,1304.5259259259262,1304.5259259259262,Statistical_P95,582.5259259259262,FALSE,463,0,0
fastqc,5128,750,1046.447669977081,1046.447669977081,Statistical_P95,296.44767,FALSE,435,0,0
fastqc,5113,739,1283.8838440111417,1283.8838440111417,Statistical_P95,544.8838440111417,FALSE,452,0,0
fastqc,5128,710,1051.9591836734694,1051.9591836734694,Statistical_P95,341.9591836734694,FALSE,456,0,0
fastqc,5113,642,1072.4490463215259,1072.4490463215259,Statistical_P95,430.4490463215259,FALSE,461,0,0
fastqc,5128,687,1526.4744604316543,1526.4744604316543,Statistical_P95,839.4744604316543,FALSE,449,0,0
fastqc,5113,717,1308.7219780219777,1308.7219780219777,Statistical_P95,591.7219780219777,FALSE,402,0,0
fastqc,5128,656,1219.0666666666666,1219.0666666666666,Statistical_P95,563.0666666666666,FALSE,424,0,0
fastqc,5113,649,858.3397988505748,858.3397988505748,Statistical_P95,209.33979885057477,FALSE,431,0,0
fastqc,5128,782,1254.3637642919964,1254.3637642919964,Statistical_P95,472.3637642919964,FALSE,456,0,0
fastqc,5113,735,1064.189858490566,1064.189858490566,Statistical_P95,329.18985849056594,FALSE,451,0,0
fastqc,5128,658,808.6426630434784,808.6426630434784,Statistical_P95,150.64266304347836,FALSE,467,0,0
fastqc,5113,651,951.2848436246992,951.2848436246992,Statistical_P95,300.2848436246992,FALSE,447,0,0
fastqc,5128,674,1118.8217509025271,1118.8217509025271,Statistical_P95,444.8217509025271,FALSE,490,0,0
fastqc,5113,638,877.3228310502282,877.3228310502282,Statistical_P95,239.32283105022816,FALSE,456,0,0
fastqc,5128,685,1064.7564543889841,1064.7564543889841,Statistical_P95,379.75645438898414,FALSE,469,0,0
fastqc,5113,706,1192.8293071161042,1192.8293071161042,Statistical_P95,486.82930711610425,FALSE,466,0,0
fastqc,5128,712,1287.71875,1287.71875,Statistical_P95,575.71875,FALSE,457,0,0
fastqc,5113,711,1080.3120491803277,1080.3120491803277,Statistical_P95,369.3120491803277,FALSE,455,0,0
fastqc,5128,656,889.1308092056419,889.1308092056419,Statistical_P95,233.13080920564187,FALSE,473,0,0
fastqc,7669,678,1113.1253333333334,1113.1253333333334,Statistical_P95,435.1253333333334,FALSE,632,0,0
fastqc,7692,721,1147.7762949956095,1147.7762949956095,Statistical_P95,426.77629499560953,FALSE,573,0,0
fastqc,7669,654,875.3789999999999,875.3789999999999,Statistical_P95,221.3789999999999,FALSE,694,0,0
fastqc,7692,679,1308.7406054279743,1308.7406054279743,Statistical_P95,629.7406054279743,FALSE,646,0,0
fastqc,7669,637,868.5676797627873,868.5676797627873,Statistical_P95,231.5676797627873,FALSE,701,0,0
fastqc,7692,666,932.1947611710323,932.1947611710323,Statistical_P95,266.19476117103227,FALSE,662,0,0
fastqc,7669,542,1019.460642570281,1019.460642570281,Statistical_P95,477.46064257028104,FALSE,671,0,0
fastqc,7692,683,970.5952994692949,970.5952994692949,Statistical_P95,287.5952994692949,FALSE,639,0,0
fastqc,7669,631,953.9730396119636,953.9730396119636,Statistical_P95,322.9730396119636,FALSE,641,0,0
fastqc,7692,617,1071.9300835654592,1071.9300835654592,Statistical_P95,454.9300835654592,FALSE,664,0,0
fastqc,7669,719,886.0731493943467,886.0731493943467,Statistical_P95,167.07314939434673,FALSE,632,0,0
fastqc,7692,709,1200.569012797075,1200.569012797075,Statistical_P95,491.56901279707495,FALSE,655,0,0
fastqc,7669,789,1428.6619662363453,1428.6619662363453,Statistical_P95,639.6619662363453,FALSE,618,0,0
fastqc,7692,765,1011.7564655172414,1011.7564655172414,Statistical_P95,246.7564655172414,FALSE,622,0,0
fastqc,7669,672,924.3392670157068,924.3392670157068,Statistical_P95,252.3392670157068,FALSE,643,0,0
fastqc,7692,678,891.1976878612711,891.1976878612711,Statistical_P95,213.1976878612711,FALSE,653,0,0
fastqc,7669,718,1127.761499148211,1127.761499148211,Statistical_P95,409.7614991,FALSE,620,0,0
fastqc,7692,650,1116.4098972922502,1116.4098972922502,Statistical_P95,466.4098972922502,FALSE,615,0,0
fastqc,7669,707,1291.3785926660053,1291.3785926660053,Statistical_P95,584.3785926660053,FALSE,586,0,0
fastqc,7692,696,1007.0750198255352,1007.0750198255352,Statistical_P95,311.07501982553515,FALSE,651,0,0
fastqc,7669,664,1065.6732394366195,1065.6732394366195,Statistical_P95,401.6732394366195,FALSE,609,0,0
fastqc,7692,759,1117.18728,1117.18728,Statistical_P95,358.1872800000001,FALSE,640,0,0
fastqc,7669,619,996.6224650349649,996.6224650349649,Statistical_P95,377.6224650349649,FALSE,686,0,0
fastqc,7692,740,1128.7454394693202,1128.7454394693202,Statistical_P95,388.7454394693202,FALSE,724,0,0
fastqc,7669,708,1002.6335403726708,1002.6335403726708,Statistical_P95,294.63354037267084,FALSE,674,0,0
fastqc,7692,711,1300.7907554671967,1300.7907554671967,Statistical_P95,589.7907554671967,FALSE,652,0,0
fastqc,7669,752,1166.8209825145714,1166.8209825145714,Statistical_P95,414.82098251457137,FALSE,619,0,0
fastqc,7692,707,1042.4974214343263,1042.4974214343263,Statistical_P95,335.49742143432627,FALSE,616,0,0
fastqc,7669,668,967.1820754716982,967.1820754716982,Statistical_P95,299.1820754716982,FALSE,664,0,0
fastqc,7692,668,1312.8713978494618,1312.8713978494618,Statistical_P95,644.8713978494618,FALSE,705,0,0
fastqc,7669,642,960.9240097,960.9240097,Statistical_P95,318.9240097,FALSE,685,0,0
fastqc,7692,657,903.4499999999998,903.4499999999998,Statistical_P95,246.44999999999982,FALSE,634,0,0
fastqc,7669,641,856.1105679367357,856.1105679367357,Statistical_P95,215.11056793673572,FALSE,692,0,0
fastqc,7692,678,852.7441988950275,852.7441988950275,Statistical_P95,174.74419889502747,FALSE,690,0,0
fastqc,7669,771,897.5077519379845,897.5077519379845,Statistical_P95,126.5077519379845,FALSE,628,0,0
fastqc,7692,783,1061.2643652561244,1061.2643652561244,Statistical_P95,278.2643652561244,FALSE,663,0,0
fastqc,7669,660,1079.3009708737864,1079.3009708737864,Statistical_P95,419.30097087378635,FALSE,668,0,0
fastqc,7692,606,816.7681318681321,816.7681318681321,Statistical_P95,210.76813186813206,FALSE,692,0,0
fastqc,7669,652,989.7370767960357,989.7370767960357,Statistical_P95,337.7370767960357,FALSE,550,0,0
fastqc,7692,715,1284.159399224806,1284.159399224806,Statistical_P95,569.1593992248061,FALSE,556,0,0
fastqc,7669,700,1043.074407195421,1043.074407195421,Statistical_P95,343.0744071954209,FALSE,631,0,0
fastqc,7692,763,1113.005828707375,1113.005828707375,Statistical_P95,350.00582870737503,FALSE,641,0,0
fastqc,7669,762,1191.9766277128547,1191.9766277128547,Statistical_P95,429.9766277128547,FALSE,634,0,0
fastqc,7692,742,1191.0814298169134,1191.0814298169134,Statistical_P95,449.08142981691344,FALSE,632,0,0
fastqc,7669,630,1304.9701657458563,1304.9701657458563,Statistical_P95,674.9701657458563,FALSE,651,0,0
fastqc,7692,590,749.1545774647885,749.1545774647885,Statistical_P95,159.15457746478853,FALSE,648,0,0
fastqc,7669,655,1094.1653042688463,1094.1653042688463,Statistical_P95,439.1653042688463,FALSE,693,0,0
fastqc,7692,676,1216.007813,1216.007813,Statistical_P95,540.0078125,FALSE,677,0,0
fastqc,7669,646,997.0492875104777,997.0492875104777,Statistical_P95,351.0492875104777,FALSE,648,0,0
fastqc,7692,648,1938.870436187399,1938.870436187399,Statistical_P95,1290.870436187399,FALSE,682,0,0
fastqc,7669,700,1114.2782608695652,1114.2782608695652,Statistical_P95,414.2782608695652,FALSE,668,0,0
fastqc,7692,707,1203.4696577243292,1203.4696577243292,Statistical_P95,496.4696577243292,FALSE,722,0,0
fastqc,7669,695,1157.592,1157.592,Statistical_P95,462.5920000000001,FALSE,632,0,0
fastqc,7692,658,1133.3988847583644,1133.3988847583644,Statistical_P95,475.3988847583644,FALSE,617,0,0
fastqc,7669,645,904.6776009316768,904.6776009316768,Statistical_P95,259.6776009316768,FALSE,675,0,0
fastqc,7692,692,885.8140624999999,885.8140624999999,Statistical_P95,193.81406249999986,FALSE,673,0,0
fastqc,7669,671,1262.8179043743637,1262.8179043743637,Statistical_P95,591.8179043743637,FALSE,683,0,0
fastqc,7692,669,954.1313374805596,954.1313374805596,Statistical_P95,285.13133748055964,FALSE,661,0,0
fastqc,7669,654,1146.9314585319353,1146.9314585319353,Statistical_P95,492.9314585319353,FALSE,678,0,0
fastqc,7692,769,927.4546039922731,927.4546039922731,Statistical_P95,158.45460399227306,FALSE,631,0,0
fastqc,9078,622,1288.3991160220994,1288.3991160220994,Statistical_P95,666.3991160220994,FALSE,747,0,0
fastqc,9105,695,1157.592,1157.592,Statistical_P95,462.5920000000001,FALSE,728,0,0
fastqc,9078,636,1074.560112,1074.560112,Statistical_P95,438.5601124,FALSE,817,0,0
fastqc,9105,649,1117.896468401487,1117.896468401487,Statistical_P95,468.8964684,FALSE,803,0,0
fastqc,9078,642,915.6237947122861,915.6237947122861,Statistical_P95,273.6237947122861,FALSE,814,0,0
fastqc,9105,676,1088.3954545454544,1088.3954545454544,Statistical_P95,412.3954545454544,FALSE,791,0,0
fastqc,9078,673,1071.3640035118517,1071.3640035118517,Statistical_P95,398.3640035118517,FALSE,825,0,0
fastqc,9105,681,986.6155731225293,986.6155731225293,Statistical_P95,305.6155731225293,FALSE,763,0,0
fastqc,9078,719,901.9206242,901.9206242,Statistical_P95,182.9206242,FALSE,827,0,0
fastqc,9105,786,1064.5991169977924,1064.5991169977924,Statistical_P95,278.5991169977924,FALSE,792,0,0
fastqc,9078,653,890.3841363973313,890.3841363973313,Statistical_P95,237.3841363973313,FALSE,814,0,0
fastqc,9105,617,788.5417197452227,788.5417197452227,Statistical_P95,171.54171974522274,FALSE,789,0,0
fastqc,9078,546,669.5195552648789,669.5195552648789,Statistical_P95,123.51955526487893,FALSE,824,0,0
fastqc,9105,696,976.0236391912905,976.0236391912905,Statistical_P95,280.0236391912905,FALSE,799,0,0
fastqc,9078,642,1726.0388969521046,1726.0388969521046,Statistical_P95,1084.0388969521046,FALSE,817,0,0
fastqc,9105,670,800.9266055,800.9266055,Statistical_P95,130.92660550458697,FALSE,784,0,0
fastqc,9078,659,1074.3679328621904,1074.3679328621904,Statistical_P95,415.3679328621904,FALSE,814,0,0
fastqc,9105,698,973.8939648586701,973.8939648586701,Statistical_P95,275.8939648586701,FALSE,772,0,0
fastqc,9078,693,1188.6273998136066,1188.6273998136066,Statistical_P95,495.62739981360664,FALSE,810,0,0
fastqc,9105,642,882.4209567198172,882.4209567198172,Statistical_P95,240.42095671981724,FALSE,806,0,0
fastqc,9078,677,1288.6754385964914,1288.6754385964914,Statistical_P95,611.6754385964914,FALSE,832,0,0
fastqc,9105,634,1017.7164777680906,1017.7164777680906,Statistical_P95,383.7164777680906,FALSE,780,0,0
fastqc,9078,706,1305.9252475247522,1305.9252475247522,Statistical_P95,599.9252475247522,FALSE,817,0,0
fastqc,9105,713,1301.4208791208791,1301.4208791208791,Statistical_P95,588.4208791208791,FALSE,792,0,0
fastqc,9078,719,1378.3319502074683,1378.3319502074683,Statistical_P95,659.3319502074683,FALSE,650,0,0
fastqc,9105,685,1367.5832414553472,1367.5832414553472,Statistical_P95,682.5832414553472,FALSE,652,0,0
fastqc,9078,694,1104.727304347826,1104.727304347826,Statistical_P95,410.7273043,FALSE,667,0,0
fastqc,9105,750,1237.666963,1237.666963,Statistical_P95,487.6669635,FALSE,633,0,0
fastqc,9078,704,1234.617349857007,1234.617349857007,Statistical_P95,530.6173499,FALSE,752,0,0
fastqc,9105,716,1082.4797089733213,1082.4797089733213,Statistical_P95,366.4797089733213,FALSE,701,0,0
fastqc,9078,756,1148.6862295081967,1148.6862295081967,Statistical_P95,392.6862295081967,FALSE,737,0,0
fastqc,9105,738,1094.857945425361,1094.857945425361,Statistical_P95,356.8579454253611,FALSE,721,0,0
fastqc,9078,675,897.9276315789472,897.9276315789472,Statistical_P95,222.92763157894717,FALSE,742,0,0
fastqc,9105,790,1341.5261194029845,1341.5261194029845,Statistical_P95,551.5261194029845,FALSE,717,0,0
fastqc,9078,662,1027.1748542880932,1027.1748542880932,Statistical_P95,365.17485428809323,FALSE,773,0,0
fastqc,9105,689,1043.0131535947712,1043.0131535947712,Statistical_P95,354.0131535947712,FALSE,731,0,0
fastqc,9078,709,948.9964999999999,948.9964999999999,Statistical_P95,239.99649999999986,FALSE,779,0,0
fastqc,9105,739,1280.0935606060602,1280.0935606060602,Statistical_P95,541.0935606060602,FALSE,746,0,0
fastqc,9078,696,1024.45632,1024.45632,Statistical_P95,328.45632,FALSE,774,0,0
fastqc,9105,729,830.5654522613065,830.5654522613065,Statistical_P95,101.56545226130652,FALSE,739,0,0
fastqc,9078,649,922.2786959818044,922.2786959818044,Statistical_P95,273.2786959818044,FALSE,783,0,0
fastqc,9105,731,977.7057960381512,977.7057960381512,Statistical_P95,246.70579603815122,FALSE,732,0,0
fastqc,9078,657,857.0906791907514,857.0906791907514,Statistical_P95,200.09067919075142,FALSE,772,0,0
fastqc,9105,761,1063.0602613374322,1063.0602613374322,Statistical_P95,302.06026133743217,FALSE,736,0,0
fastqc,9078,663,988.6172661870495,988.6172661870495,Statistical_P95,325.6172661870495,FALSE,774,0,0
fastqc,9105,650,879.4461077844311,879.4461077844311,Statistical_P95,229.4461077844311,FALSE,739,0,0
fastqc,9078,708,1135.6643799472292,1135.6643799472292,Statistical_P95,427.66437994722924,FALSE,778,0,0
fastqc,9105,650,822.4262182566918,822.4262182566918,Statistical_P95,172.42621825669175,FALSE,749,0,0
fastqc,9078,697,1027.7520547945196,1027.7520547945196,Statistical_P95,330.7520547945196,FALSE,774,0,0
fastqc,9105,730,1034.7392156862745,1034.7392156862745,Statistical_P95,304.7392156862745,FALSE,761,0,0
fastqc,9078,651,1163.1737845567209,1163.1737845567209,Statistical_P95,512.1737845567209,FALSE,790,0,0
fastqc,9105,704,1026.9411578112608,1026.9411578112608,Statistical_P95,322.94115781126084,FALSE,752,0,0
fastqc,9078,675,1219.2814667988107,1219.2814667988107,Statistical_P95,544.2814667988107,FALSE,774,0,0
fastqc,9105,773,1401.9890410958903,1401.9890410958903,Statistical_P95,628.9890410958903,FALSE,741,0,0
fastqc,9078,582,911.4030690537078,911.4030690537078,Statistical_P95,329.4030690537078,FALSE,782,0,0
fastqc,9105,695,1161.0792461398728,1161.0792461398728,Statistical_P95,466.0792461398728,FALSE,736,0,0
fastqc,9078,696,1307.4245901639335,1307.4245901639335,Statistical_P95,611.4245901639335,FALSE,759,0,0
fastqc,9105,769,1210.0997033898302,1210.0997033898302,Statistical_P95,441.0997033898302,FALSE,745,0,0
fastqc,9078,724,1035.5015673981193,1035.5015673981193,Statistical_P95,311.5015673981193,FALSE,779,0,0
fastqc,9105,725,1107.707824,1107.707824,Statistical_P95,382.707824,FALSE,744,0,0
fastq-cleaner,10240,1683,1684.4360068259389,1684.4360068259389,Statistical_P95,1.4360068259388754,FALSE,2149,0,0
fastq-cleaner,10240,1683,1683,1683,Statistical_P95,0,FALSE,2230,0,0
fastq-cleaner,10240,1684,1686.876174210077,1686.876174210077,Statistical_P95,2.876174210076897,FALSE,2207,0,0
fastq-cleaner,10240,1684,1722.172624,1722.172624,Statistical_P95,38.17262424,FALSE,2299,0,0
fastq-cleaner,10240,1684,1689.7621899059022,1689.7621899059022,Statistical_P95,5.762189905902233,FALSE,2175,0,0
fastq-cleaner,10240,1683,1694.5570815450644,1694.5570815450644,Statistical_P95,11.55708154506442,FALSE,2192,0,0
fastq-cleaner,10240,1684,1697.020618556701,1697.020618556701,Statistical_P95,13.020618556701038,FALSE,2307,0,0
fastq-cleaner,10240,1684,1692.6580976863756,1692.6580976863756,Statistical_P95,8.658097686,FALSE,2325,0,0
fastq-cleaner,10240,1684,1708.764705882353,1708.764705882353,Statistical_P95,24.764705882352928,FALSE,2316,0,0
fastq-cleaner,10240,1683,1693.1037735849056,1693.1037735849056,Statistical_P95,10.103773584905639,FALSE,2296,0,0
fastq-cleaner,10240,1684,1685.4368600682596,1685.4368600682596,Statistical_P95,1.436860068259648,FALSE,2181,0,0
fastq-cleaner,10240,1683,1694.5570815450644,1694.5570815450644,Statistical_P95,11.55708154506442,FALSE,2133,0,0
fastq-cleaner,10240,1683,1688.7587681779296,1688.7587681779296,Statistical_P95,5.758768177929596,FALSE,2328,0,0
fastq-cleaner,10240,1684,1691.2089041095892,1691.2089041095892,Statistical_P95,7.208904109589184,FALSE,2184,0,0
fastq-cleaner,10240,1684,1694.1097770154377,1694.1097770154377,Statistical_P95,10.109777015437658,FALSE,2279,0,0
fastq-cleaner,10240,1684,1699.9414802065405,1699.9414802065405,Statistical_P95,15.941480206540518,FALSE,2298,0,0
fastq-cleaner,10240,1684,1688.3179487179489,1688.3179487179489,Statistical_P95,4.317948717948866,FALSE,2298,0,0
fastq-cleaner,10240,1684,1692.6580976863756,1692.6580976863756,Statistical_P95,8.658097686,FALSE,2273,0,0
fastq-cleaner,10240,1683,1684.4360068259389,1684.4360068259389,Statistical_P95,1.4360068259388754,FALSE,2250,0,0
fastq-cleaner,10240,1684,1695.5639484978544,1695.5639484978544,Statistical_P95,11.563948497854426,FALSE,2199,0,0
fastq-cleaner,10240,1683,1687.3153846153848,1687.3153846153848,Statistical_P95,4.315384615384801,FALSE,2221,0,0
fastq-cleaner,10240,1683,1697.4711951848667,1697.4711951848667,Statistical_P95,14.471195184866701,FALSE,2193,0,0
fastq-cleaner,10240,1683,1690.2046232876714,1690.2046232876714,Statistical_P95,7.2046232876714384,FALSE,2270,0,0
fastq-cleaner,10240,1683,1722.6518324607332,1722.6518324607332,Statistical_P95,39.65183246,FALSE,2309,0,0
fastq-cleaner,10240,1684,1686.876174210077,1686.876174210077,Statistical_P95,2.876174210076897,FALSE,2167,0,0
fastq-cleaner,10240,1684,1697.020618556701,1697.020618556701,Statistical_P95,13.020618556701038,FALSE,2158,0,0
fastq-cleaner,10240,1683,1696.0128865979382,1696.0128865979382,Statistical_P95,13.012886597938177,FALSE,2197,0,0
fastq-cleaner,10240,1683,1690.2046232876714,1690.2046232876714,Statistical_P95,7.2046232876714384,FALSE,2295,0,0
fastq-cleaner,10240,1683,1690.2046232876714,1690.2046232876714,Statistical_P95,7.2046232876714384,FALSE,2181,0,0
fastq-cleaner,10240,1684,1684,1684,Statistical_P95,0,FALSE,2277,0,0
fastq-cleaner,15360,1748,1758.4939965694684,1758.4939965694684,Statistical_P95,10.493996569468436,FALSE,3221,0,0
fastq-cleaner,15360,1747,1748.490614334471,1748.490614334471,Statistical_P95,1.4906143344710472,FALSE,3397,0,0
fastq-cleaner,15360,1748,1763.0300945829752,1763.0300945829752,Statistical_P95,15.030094582975153,FALSE,3196,0,0
fastq-cleaner,15360,1747,1760.5077319587629,1760.5077319587629,Statistical_P95,13.50773195876286,FALSE,3161,0,0
fastq-cleaner,15360,1748,1750.9854824935953,1750.9854824935953,Statistical_P95,2.9854824935953275,FALSE,3286,0,0
fastq-cleaner,15360,1748,1755.4828767123292,1755.4828767123292,Statistical_P95,7.482876712329244,FALSE,3102,0,0
fastq-cleaner,15360,1748,1749.491467576792,1749.491467576792,Statistical_P95,1.4914675767920471,FALSE,3244,0,0
fastq-cleaner,15360,1748,1760.003433476395,1760.003433476395,Statistical_P95,12.003433476395003,FALSE,3093,0,0
fastq-cleaner,15360,1747,1788.1596858638743,1788.1596858638743,Statistical_P95,41.15968586,FALSE,3146,0,0
fastq-cleaner,15360,1747,1746.9999999999998,1746.9999999999998,Statistical_P95,0,FALSE,3303,0,0
fastq-cleaner,15360,1748,1756.987146529563,1756.987146529563,Statistical_P95,8.987146529563006,FALSE,3233,0,0
fastq-cleaner,15360,1747,1757.4879931389364,1757.4879931389364,Statistical_P95,10.487993138936417,FALSE,3381,0,0
fastq-cleaner,15360,1748,1752.4820512820515,1752.4820512820515,Statistical_P95,4.482051282051543,FALSE,3400,0,0
fastq-cleaner,15360,1747,1755.982005141388,1755.982005141388,Statistical_P95,8.982005141388072,FALSE,3139,0,0
fastq-cleaner,15360,1748,1756.987146529563,1756.987146529563,Statistical_P95,8.987146529563006,FALSE,3277,0,0
fastq-cleaner,15360,1747,1746.9999999999998,1746.9999999999998,Statistical_P95,0,FALSE,3207,0,0
fastq-cleaner,15360,1748,1753.9811804961503,1753.9811804961503,Statistical_P95,5.981180496150273,FALSE,3240,0,0
fastq-cleaner,15360,1748,1761.515463917526,1761.515463917526,Statistical_P95,13.515463917525949,FALSE,3193,0,0
fastq-cleaner,15360,1748,1760.003433476395,1760.003433476395,Statistical_P95,12.003433476395003,FALSE,3288,0,0
fastq-cleaner,15360,1748,1775.2415584415585,1775.2415584415585,Statistical_P95,27.24155844155848,FALSE,3186,0,0
fastq-cleaner,15360,1748,1750.9854824935953,1750.9854824935953,Statistical_P95,2.9854824935953275,FALSE,3117,0,0
fastq-cleaner,15360,1747,1752.9777587681776,1752.9777587681776,Statistical_P95,5.977758768177637,FALSE,3148,0,0
fastq-cleaner,15360,1747,1757.4879931389364,1757.4879931389364,Statistical_P95,10.487993138936417,FALSE,3158,0,0
fastq-cleaner,15360,1747,1760.5077319587629,1760.5077319587629,Statistical_P95,13.50773195876286,FALSE,3278,0,0
fastq-cleaner,15360,1748,1753.9811804961503,1753.9811804961503,Statistical_P95,5.981180496150273,FALSE,3208,0,0
fastq-cleaner,15360,1748,1753.9811804961503,1753.9811804961503,Statistical_P95,5.981180496150273,FALSE,3400,0,0
fastq-cleaner,15360,1747,1754.478595890411,1754.478595890411,Statistical_P95,7.478595890411043,FALSE,3155,0,0
fastq-cleaner,15360,1748,1784.511749347259,1784.511749347259,Statistical_P95,36.511749347258956,FALSE,3183,0,0
fastq-cleaner,15360,1747,1748.490614334471,1748.490614334471,Statistical_P95,1.4906143344710472,FALSE,3297,0,0
fastq-cleaner,15360,1748,1764.5473321858865,1764.5473321858865,Statistical_P95,16.54733218588649,FALSE,3228,0,0
fastq-cleaner,18182,1775,1785.6560891938252,1785.6560891938252,Statistical_P95,10.65608919382521,FALSE,3604,0,0
fastq-cleaner,18182,1775,1778.0315969257044,1778.0315969257044,Statistical_P95,3.0315969257044344,FALSE,3949,0,0
fastq-cleaner,18182,1775,1782.5984589041097,1782.5984589041097,Statistical_P95,7.598458904109748,FALSE,3952,0,0
fastq-cleaner,18182,1775,1782.5984589041097,1782.5984589041097,Statistical_P95,7.598458904109748,FALSE,3934,0,0
fastq-cleaner,18182,1775,1787.188841201717,1787.188841201717,Statistical_P95,12.188841201716968,FALSE,3933,0,0
fastq-cleaner,18182,1775,1819.9956293706296,1819.9956293706296,Statistical_P95,44.99562937062956,FALSE,3953,0,0
fastq-cleaner,18182,1775,1778.0315969257044,1778.0315969257044,Statistical_P95,3.0315969257044344,FALSE,3939,0,0
fastq-cleaner,18182,1775,1812.075718015666,1812.075718015666,Statistical_P95,37.07571802,FALSE,3948,0,0
fastq-cleaner,18182,1775,1776.5145051194543,1776.5145051194543,Statistical_P95,1.5145051194542702,FALSE,3945,0,0
fastq-cleaner,18182,1775,1787.188841201717,1787.188841201717,Statistical_P95,12.188841201716968,FALSE,3960,0,0
fastq-cleaner,18182,1775,1781.0735671514112,1781.0735671514112,Statistical_P95,6.0735671514112255,FALSE,3931,0,0
fastq-cleaner,18182,1775,1790.2622527944968,1790.2622527944968,Statistical_P95,15.262252794496817,FALSE,3943,0,0
fastq-cleaner,18182,1776,1782.0769888793839,1782.0769888793839,Statistical_P95,6.076988879383862,FALSE,3658,0,0
fastq-cleaner,18182,1775,1788.7242268041234,1788.7242268041234,Statistical_P95,13.724226804123418,FALSE,3624,0,0
fastq-cleaner,18182,1775,1782.5984589041097,1782.5984589041097,Statistical_P95,7.598458904109748,FALSE,3740,0,0
fastq-cleaner,18182,1775,1791.802925989673,1791.802925989673,Statistical_P95,16.802925989672985,FALSE,3757,0,0
fastq-cleaner,18182,1775,1790.2622527944968,1790.2622527944968,Statistical_P95,15.262252794496817,FALSE,3759,0,0
fastq-cleaner,18182,1775,1788.7242268041234,1788.7242268041234,Statistical_P95,13.724226804123418,FALSE,3730,0,0
fastq-cleaner,18182,1775,1784.125964010283,1784.125964010283,Statistical_P95,9.125964010283042,FALSE,3736,0,0
fastq-cleaner,18182,1775,1773.4880749574108,3546.9761499148217,Statistical_P95,1771.9761499148217,FALSE,3734,3373,1
fastq-cleaner,18182,1775,1775,1775,Statistical_P95,0,FALSE,3716,0,0
fastq-cleaner,18182,1774,1777.0298889837745,1777.0298889837745,Statistical_P95,3.0298889837745264,FALSE,3725,0,0
fastq-cleaner,18182,1774,1775.513651877133,1775.513651877133,Statistical_P95,1.513651877133043,FALSE,3737,0,0
fastq-cleaner,18182,1775,1813.654181184669,1813.654181184669,Statistical_P95,38.654181184668914,FALSE,3751,0,0
fastq-cleaner,18182,1774,1786.1819742489272,1786.1819742489272,Statistical_P95,12.18197424892719,FALSE,3760,0,0
fastq-cleaner,18182,1775,1781.0735671514112,1781.0735671514112,Statistical_P95,6.0735671514112255,FALSE,3760,0,0
fastq-cleaner,18182,1775,1784.125964010283,1784.125964010283,Statistical_P95,9.125964010283042,FALSE,3747,0,0
fastq-cleaner,18182,1775,1779.551282051282,1779.551282051282,Statistical_P95,4.551282051281987,FALSE,3748,0,0
fastq-cleaner,18182,1775,1782.5984589041097,1782.5984589041097,Statistical_P95,7.598458904109748,FALSE,3765,0,0
fastq-cleaner,18182,1775,1785.6560891938252,1785.6560891938252,Statistical_P95,10.65608919382521,FALSE,3781,0,0
burrows-wheeler-aligner,10240,15243,15255.182704603581,15255.182704603581,Statistical_P95,12.182704603581442,FALSE,4144,0,0
burrows-wheeler-aligner,10240,15342,15499.436489980608,15499.436489980608,Statistical_P95,157.4364899806078,FALSE,4152,0,0
burrows-wheeler-aligner,10240,15308,15711.476398228635,15711.476398228635,Statistical_P95,403.47639822863493,FALSE,4343,0,0
burrows-wheeler-aligner,10240,15395,15564.175824175825,15564.175824175825,Statistical_P95,169.17582417582526,FALSE,4477,0,0
burrows-wheeler-aligner,10240,15224,15692.932301103609,15692.932301103609,Statistical_P95,468.93230110360855,FALSE,4079,0,0
burrows-wheeler-aligner,10240,15276,15909.109853528627,15909.109853528627,Statistical_P95,633.1098535286274,FALSE,4430,0,0
burrows-wheeler-aligner,10240,15244,15268.406019852704,15268.406019852704,Statistical_P95,24.40601985270405,FALSE,4291,0,0
burrows-wheeler-aligner,10240,15395,15745.619109947645,15745.619109947645,Statistical_P95,350.6191099476455,FALSE,4473,0,0
burrows-wheeler-aligner,10240,15248,15955.951965211572,15955.951965211572,Statistical_P95,707.9519652115723,FALSE,4444,0,0
burrows-wheeler-aligner,10240,15208,15505.176355642403,15505.176355642403,Statistical_P95,297.1763556,FALSE,4504,0,0
burrows-wheeler-aligner,10240,15137,15704.323714759536,15704.323714759536,Statistical_P95,567.3237147595355,FALSE,4278,0,0
burrows-wheeler-aligner,10240,15257,15712.174280072404,15712.174280072404,Statistical_P95,455.17428007240414,FALSE,4508,0,0
burrows-wheeler-aligner,10240,15299,15848.649503311259,15848.649503311259,Statistical_P95,549.6495033112587,FALSE,4504,0,0
burrows-wheeler-aligner,10240,15240,15683.591514553527,15683.591514553527,Statistical_P95,443.5915145535273,FALSE,4439,0,0
burrows-wheeler-aligner,10240,15231,15833.255856454558,15833.255856454558,Statistical_P95,602.2558564545579,FALSE,4510,0,0
burrows-wheeler-aligner,10240,15312,15978.516344229485,15978.516344229485,Statistical_P95,666.5163442294852,FALSE,4479,0,0
burrows-wheeler-aligner,10240,15182,15378.130512861999,15378.130512861999,Statistical_P95,196.1305128619988,FALSE,4458,0,0
burrows-wheeler-aligner,10240,15247,15512.100584985375,15512.100584985375,Statistical_P95,265.10058498537546,FALSE,4507,0,0
burrows-wheeler-aligner,10240,15251,15987.228736595172,15987.228736595172,Statistical_P95,736.2287365951724,FALSE,4370,0,0
burrows-wheeler-aligner,10240,15345,15553.95636334197,15553.95636334197,Statistical_P95,208.95636334196934,FALSE,4340,0,0
burrows-wheeler-aligner,10240,15226,15204.599456955759,30409.198913911518,Statistical_P95,15183.198913911518,FALSE,4351,3885,1
burrows-wheeler-aligner,10240,15293,15961.351292743951,15961.351292743951,Statistical_P95,668.3512927439515,FALSE,4109,0,0
burrows-wheeler-aligner,10240,15226,15707.930761622156,15707.930761622156,Statistical_P95,481.93076162215584,FALSE,4443,0,0
burrows-wheeler-aligner,10240,15361,15892.043004795765,15892.043004795765,Statistical_P95,531.0430047957652,FALSE,4540,0,0
burrows-wheeler-aligner,10240,15292,15662.533071381793,15662.533071381793,Statistical_P95,370.5330714,FALSE,4486,0,0
burrows-wheeler-aligner,10240,15255,15845.042330677292,15845.042330677292,Statistical_P95,590.0423306772918,FALSE,4343,0,0
burrows-wheeler-aligner,10240,15244,15626.036363636364,15626.036363636364,Statistical_P95,382.0363636363636,FALSE,4398,0,0
burrows-wheeler-aligner,10240,15225,15587.256870603633,15587.256870603633,Statistical_P95,362.2568706036327,FALSE,4529,0,0
burrows-wheeler-aligner,10240,15210,15537.73751,15537.73751,Statistical_P95,327.73751224290027,FALSE,4484,0,0
burrows-wheeler-aligner,10240,15335,15471.014352523787,15471.014352523787,Statistical_P95,136.01435252378724,FALSE,4392,0,0
burrows-wheeler-aligner,15360,15446,16024.80882109103,16024.80882109103,Statistical_P95,578.8088211,FALSE,6374,0,0
burrows-wheeler-aligner,15360,15467,16142.31063386155,16142.31063386155,Statistical_P95,675.3106338615507,FALSE,6640,0,0
burrows-wheeler-aligner,15360,15409,15865.487820934823,15865.487820934823,Statistical_P95,456.4878209348226,FALSE,6350,0,0
burrows-wheeler-aligner,15360,15492,15629.40687,15629.40687,Statistical_P95,137.40686985970024,FALSE,6622,0,0
burrows-wheeler-aligner,15360,15499,15979.193144363877,15979.193144363877,Statistical_P95,480.19314436387685,FALSE,6552,0,0
burrows-wheeler-aligner,15360,15352,16022.929774812344,16022.929774812344,Statistical_P95,670.9297748123445,FALSE,6579,0,0
burrows-wheeler-aligner,15360,15334,15368.392181992953,15368.392181992953,Statistical_P95,34.39218199295283,FALSE,6610,0,0
burrows-wheeler-aligner,15360,15390,16009.565835411471,16009.565835411471,Statistical_P95,619.5658354114712,FALSE,6198,0,0
burrows-wheeler-aligner,15360,15402,15767.334532962537,15767.334532962537,Statistical_P95,365.3345329625372,FALSE,6391,0,0
burrows-wheeler-aligner,15360,15394,15720.337732463297,15720.337732463297,Statistical_P95,326.33773246329656,FALSE,6548,0,0
burrows-wheeler-aligner,15360,15445,15716.229268292682,15716.229268292682,Statistical_P95,271.2292682926818,FALSE,6288,0,0
burrows-wheeler-aligner,15360,15342,15837.331766452251,15837.331766452251,Statistical_P95,495.33176645225103,FALSE,6479,0,0
burrows-wheeler-aligner,15360,15353,16094.15269772118,16094.15269772118,Statistical_P95,741.1526977211797,FALSE,6378,0,0
burrows-wheeler-aligner,15360,15422,15865.67088607595,15865.67088607595,Statistical_P95,443.67088607594997,FALSE,6506,0,0
burrows-wheeler-aligner,15360,15510,15819.315158924208,15819.315158924208,Statistical_P95,309.31515892420794,FALSE,6492,0,0
burrows-wheeler-aligner,15360,15421,15676.513645224171,15676.513645224171,Statistical_P95,255.51364522417134,FALSE,6270,0,0
burrows-wheeler-aligner,15360,15429,15818.391347099312,15818.391347099312,Statistical_P95,389.39134709931204,FALSE,6639,0,0
burrows-wheeler-aligner,15360,15387,15389.459558823528,15389.459558823528,Statistical_P95,2.4595588235279138,FALSE,6534,0,0
burrows-wheeler-aligner,15360,15397,15987.226850315299,15987.226850315299,Statistical_P95,590.2268503152991,FALSE,6647,0,0
burrows-wheeler-aligner,15360,15377,15971.761122177957,15971.761122177957,Statistical_P95,594.7611221779571,FALSE,6080,0,0
burrows-wheeler-aligner,15360,15513,15942.034192806701,15942.034192806701,Statistical_P95,429.03419280670096,FALSE,6163,0,0
burrows-wheeler-aligner,15360,15439,16170.497907249288,16170.497907249288,Statistical_P95,731.4979072492879,FALSE,6594,0,0
burrows-wheeler-aligner,15360,15433,15966.53210682983,15966.53210682983,Statistical_P95,533.5321068298308,FALSE,6194,0,0
burrows-wheeler-aligner,15360,15432,15590.36005171299,15590.36005171299,Statistical_P95,158.36005171299075,FALSE,6649,0,0
burrows-wheeler-aligner,15360,15359,15974.279089095744,15974.279089095744,Statistical_P95,615.2790891,FALSE,6698,0,0
burrows-wheeler-aligner,15360,15353,15326.060615728187,30652.121231456375,Statistical_P95,15299.121231456375,FALSE,6761,6036,1
burrows-wheeler-aligner,15360,15442,15816.554401178011,15816.554401178011,Statistical_P95,374.5544011780112,FALSE,6428,0,0
burrows-wheeler-aligner,15360,15436,15784.066666666664,15784.066666666664,Statistical_P95,348.0666666666639,FALSE,6560,0,0
burrows-wheeler-aligner,15360,15370,15576.659646849184,15576.659646849184,Statistical_P95,206.65964684918436,FALSE,6726,0,0
burrows-wheeler-aligner,15360,15449,15646.583130969726,15646.583130969726,Statistical_P95,197.58313096972597,FALSE,6561,0,0
burrows-wheeler-aligner,18182,15472,15980.15778181218,15980.15778181218,Statistical_P95,508.1577818121805,FALSE,7274,0,0
burrows-wheeler-aligner,18182,15500,15904.215187797277,15904.215187797277,Statistical_P95,404.2151877972774,FALSE,7987,0,0
burrows-wheeler-aligner,18182,15371,15699.751183673468,15699.751183673468,Statistical_P95,328.7511836734684,FALSE,7899,0,0
burrows-wheeler-aligner,18182,15459,15972.002971768203,15972.002971768203,Statistical_P95,513.0029717682028,FALSE,7857,0,0
burrows-wheeler-aligner,18182,15457,15760.777007655968,15760.777007655968,Statistical_P95,303.7770076559682,FALSE,7950,0,0
burrows-wheeler-aligner,18182,15413,15869.606319947332,15869.606319947332,Statistical_P95,456.60631994733194,FALSE,7856,0,0
burrows-wheeler-aligner,18182,15567,16150.439800995024,16150.439800995024,Statistical_P95,583.4398009950237,FALSE,7759,0,0
burrows-wheeler-aligner,18182,15427,15588.839089735313,15588.839089735313,Statistical_P95,161.83908973531288,FALSE,7821,0,0
burrows-wheeler-aligner,18182,15444,15818.216110019644,15818.216110019644,Statistical_P95,374.2161100196445,FALSE,7875,0,0
burrows-wheeler-aligner,18182,15431,15428.412146621944,30856.824293243888,Statistical_P95,15425.824293243888,FALSE,8143,7270,1
burrows-wheeler-aligner,18182,15496,16135.799900149777,16135.799900149777,Statistical_P95,639.7999001497774,FALSE,8189,0,0
burrows-wheeler-aligner,18182,15538,16291.7245,16291.7245,Statistical_P95,753.7245014,FALSE,7772,0,0
burrows-wheeler-aligner,18182,15485,15710.83859990277,15710.83859990277,Statistical_P95,225.8385999027705,FALSE,7610,0,0
burrows-wheeler-aligner,18182,15443,15579.86190783113,15579.86190783113,Statistical_P95,136.86190783112943,FALSE,7669,0,0
burrows-wheeler-aligner,18182,15510,16054.480874316941,16054.480874316941,Statistical_P95,544.4808743169415,FALSE,7906,0,0
burrows-wheeler-aligner,18182,15500,15708.407581402886,15708.407581402886,Statistical_P95,208.40758140288563,FALSE,7903,0,0
burrows-wheeler-aligner,18182,15492,15662.241758241758,15662.241758241758,Statistical_P95,170.24175824175836,FALSE,7706,0,0
burrows-wheeler-aligner,18182,15448,16048.271006310197,16048.271006310197,Statistical_P95,600.2710063101968,FALSE,7818,0,0
burrows-wheeler-aligner,18182,15385,16048.442855951982,16048.442855951982,Statistical_P95,663.442856,FALSE,7672,0,0
burrows-wheeler-aligner,18182,15412,15839.900114999178,15839.900114999178,Statistical_P95,427.9001149991782,FALSE,7752,0,0
burrows-wheeler-aligner,18182,15533,15831.37115415921,15831.37115415921,Statistical_P95,298.37115415920925,FALSE,7892,0,0
burrows-wheeler-aligner,18182,15516,16232.722343096231,16232.722343096231,Statistical_P95,716.7223430962313,FALSE,7815,0,0
burrows-wheeler-aligner,18182,15442,15420.295863280624,30840.591726561248,Statistical_P95,15398.591726561248,FALSE,7638,6819,1
burrows-wheeler-aligner,18182,15451,15835.756225425952,15835.756225425952,Statistical_P95,384.7562254259519,FALSE,7683,0,0
burrows-wheeler-aligner,18182,15494,15520.315718634834,15520.315718634834,Statistical_P95,26.31571863483441,FALSE,7704,0,0
burrows-wheeler-aligner,18182,15423,15783.164251839742,15783.164251839742,Statistical_P95,360.16425183974206,FALSE,7855,0,0
burrows-wheeler-aligner,18182,15436,16152.680648937949,16152.680648937949,Statistical_P95,716.6806489379487,FALSE,7708,0,0
burrows-wheeler-aligner,18182,15384,15726.564809671623,15726.564809671623,Statistical_P95,342.56480967162315,FALSE,7894,0,0
burrows-wheeler-aligner,18182,15482,16096.855101362575,16096.855101362575,Statistical_P95,614.8551013625747,FALSE,7739,0,0
burrows-wheeler-aligner,18182,15490,15964.496047430828,15964.496047430828,Statistical_P95,474.4960474308282,FALSE,7568,0,0
picard-markduplicate,10240,57210,68575.29602443888,68575.29602443888,Statistical_P95,11365.296024438881,FALSE,5618,0,0
picard-markduplicate,10240,43045,69268.5299,69268.5299,Statistical_P95,26223.529898797497,FALSE,5593,0,0
picard-markduplicate,10240,50035,62492.65324933688,62492.65324933688,Statistical_P95,12457.65324933688,FALSE,5588,0,0
picard-markduplicate,10240,55042,79900.73597363968,79900.73597363968,Statistical_P95,24858.735973639676,FALSE,5516,0,0
picard-markduplicate,10240,60015,106602.42627560638,106602.42627560638,Statistical_P95,46587.42627560638,FALSE,5554,0,0
picard-markduplicate,10240,59382,60061.42572885906,60061.42572885906,Statistical_P95,679.4257288590597,FALSE,5036,0,0
picard-markduplicate,10240,45435,78494.73437,78494.73437,Statistical_P95,33059.734370703096,FALSE,6357,0,0
picard-markduplicate,10240,58006,65527.69656644655,65527.69656644655,Statistical_P95,7521.696566446553,FALSE,5887,0,0
picard-markduplicate,10240,52401,61794.11493,61794.11493,Statistical_P95,9393.114930917902,FALSE,6227,0,0
picard-markduplicate,10240,54090,53459.68677,96837.44523726145,Statistical_P95,42747.44523726145,FALSE,6705,3960,1
picard-markduplicate,10240,56875,57601.18525021948,57601.18525021948,Statistical_P95,726.1852502194815,FALSE,6180,0,0
picard-markduplicate,10240,55649,73726.33638808344,73726.33638808344,Statistical_P95,18077.336388083437,FALSE,5446,0,0
picard-markduplicate,10240,47479,74496.91843593225,74496.91843593225,Statistical_P95,27017.918435932253,FALSE,6416,0,0
picard-markduplicate,10240,53733,72184.63244820958,72184.63244820958,Statistical_P95,18451.63244820958,FALSE,6282,0,0
picard-markduplicate,10240,56872,68993.64252066558,68993.64252066558,Statistical_P95,12121.642520665584,FALSE,8592,0,0
picard-markduplicate,10240,57557,64111.876318067356,64111.876318067356,Statistical_P95,6554.876318067356,FALSE,5917,0,0
picard-markduplicate,10240,41859,41935.49589815748,41935.49589815748,Statistical_P95,76.49589815748186,FALSE,5747,0,0
picard-markduplicate,10240,57840,65925.12249210151,65925.12249210151,Statistical_P95,8085.122492101509,FALSE,5926,0,0
picard-markduplicate,10240,57338,59160.54910432226,59160.54910432226,Statistical_P95,1822.5491043222573,FALSE,8649,0,0
picard-markduplicate,10240,57639,71107.83708985143,71107.83708985143,Statistical_P95,13468.837089851426,FALSE,6005,0,0
picard-markduplicate,10240,58504,81595.61924110554,81595.61924110554,Statistical_P95,23091.619241105538,FALSE,5575,0,0
picard-markduplicate,10240,60182,63585.82077197305,63585.82077197305,Statistical_P95,3403.820771973049,FALSE,5456,0,0
picard-markduplicate,10240,49573,51265.006600925735,51265.006600925735,Statistical_P95,1692.0066009257353,FALSE,6522,0,0
picard-markduplicate,10240,53844,61091.00291643299,61091.00291643299,Statistical_P95,7247.002916,FALSE,5879,0,0
picard-markduplicate,10240,47554,51367.96294746097,51367.96294746097,Statistical_P95,3813.9629474609683,FALSE,5607,0,0
picard-markduplicate,10240,56624,61802.75302820159,61802.75302820159,Statistical_P95,5178.753028201587,FALSE,5575,0,0
picard-markduplicate,10240,57470,87194.64045455765,87194.64045455765,Statistical_P95,29724.64045455765,FALSE,6008,0,0
picard-markduplicate,10240,56070,71159.00134498991,71159.00134498991,Statistical_P95,15089.001344989912,FALSE,6417,0,0
picard-markduplicate,10240,46646,46645.79360907579,96837.44523726145,Statistical_P95,50191.44523726145,FALSE,5435,3210,1
picard-markduplicate,10240,37774,85853.19088495577,85853.19088495577,Statistical_P95,48079.190884955766,FALSE,6328,0,0
picard-markduplicate,15360,55697,55800.61819068563,55800.61819068563,Statistical_P95,103.61819068562909,FALSE,7495,0,0
picard-markduplicate,15360,55684,85549.57466149295,85549.57466149295,Statistical_P95,29865.574661492952,FALSE,11357,0,0
picard-markduplicate,15360,58083,59315.85573930488,59315.85573930488,Statistical_P95,1232.8557393048832,FALSE,7771,0,0
picard-markduplicate,15360,51141,58094.30058377467,58094.30058377467,Statistical_P95,6953.300583774668,FALSE,8121,0,0
picard-markduplicate,15360,55735,60814.58506773814,60814.58506773814,Statistical_P95,5079.585067738139,FALSE,7986,0,0
picard-markduplicate,15360,54584,66674.94130058802,66674.94130058802,Statistical_P95,12090.94130058802,FALSE,8252,0,0
picard-markduplicate,15360,55232,92658.76208,92658.76208,Statistical_P95,37426.762075303894,FALSE,8018,0,0
picard-markduplicate,15360,55800,67212.20640796528,67212.20640796528,Statistical_P95,11412.206407965277,FALSE,7762,0,0
picard-markduplicate,15360,45400,53347.57283976292,53347.57283976292,Statistical_P95,7947.572839762921,FALSE,8021,0,0
picard-markduplicate,15360,60968,84682.24553901977,84682.24553901977,Statistical_P95,23714.245539019772,FALSE,8165,0,0
picard-markduplicate,15360,49965,56462.59313715711,56462.59313715711,Statistical_P95,6497.593137157113,FALSE,7735,0,0
picard-markduplicate,15360,59404,66169.22182876928,66169.22182876928,Statistical_P95,6765.221828769281,FALSE,8210,0,0
picard-markduplicate,15360,38431,38359.03564930132,96837.44523726145,Statistical_P95,58406.44523726145,FALSE,8388,4954,1
picard-markduplicate,15360,33206,33281.55637992705,33281.55637992705,Statistical_P95,75.55637992705306,FALSE,7697,0,0
picard-markduplicate,15360,46959,55858.284604534645,55858.284604534645,Statistical_P95,8899.284604534645,FALSE,7947,0,0
picard-markduplicate,15360,55513,89332.18492907297,89332.18492907297,Statistical_P95,33819.18492907297,FALSE,7866,0,0
picard-markduplicate,15360,59873,78636.34523229653,78636.34523229653,Statistical_P95,18763.34523229653,FALSE,9411,0,0
picard-markduplicate,15360,45874,61917.02420275662,61917.02420275662,Statistical_P95,16043.02420275662,FALSE,7662,0,0
picard-markduplicate,15360,56636,57434.576225029115,57434.576225029115,Statistical_P95,798.5762250291154,FALSE,8473,0,0
picard-markduplicate,15360,53626,49261.720284258685,96837.44523726145,Statistical_P95,43211.44523726145,FALSE,7712,4555,1
picard-markduplicate,15360,41171,42914.583503501664,42914.583503501664,Statistical_P95,1743.5835035016644,FALSE,8062,0,0
picard-markduplicate,15360,54633,97456.58598524264,97456.58598524264,Statistical_P95,42823.58598524264,FALSE,7976,0,0
picard-markduplicate,15360,53668,66955.50712,66955.50712,Statistical_P95,13287.507117359302,FALSE,8153,0,0
picard-markduplicate,15360,60484,88322.85082288603,88322.85082288603,Statistical_P95,27838.85082288603,FALSE,9423,0,0
picard-markduplicate,15360,61305,93039.78800268097,93039.78800268097,Statistical_P95,31734.788002680973,FALSE,8037,0,0
picard-markduplicate,15360,49393,52756.66461,52756.66461,Statistical_P95,3363.6646070389033,FALSE,8290,0,0
picard-markduplicate,15360,59074,104229.10111062582,104229.10111062582,Statistical_P95,45155.10111062582,FALSE,7972,0,0
picard-markduplicate,15360,57401,66185.41284170246,66185.41284170246,Statistical_P95,8784.412841702462,FALSE,9410,0,0
picard-markduplicate,15360,61496,78189.7737,78189.7737,Statistical_P95,16693.773700992504,FALSE,11880,0,0
picard-markduplicate,15360,50712,53311.41148545745,53311.41148545745,Statistical_P95,2599.411485457451,FALSE,8168,0,0
picard-markduplicate,18182,56244,62778.91238591916,62778.91238591916,Statistical_P95,6534.912386,FALSE,8935,0,0
picard-markduplicate,18182,57401,59360.18889112497,59360.18889112497,Statistical_P95,1959.1888911249698,FALSE,9820,0,0
picard-markduplicate,18182,46456,67341.65363025296,67341.65363025296,Statistical_P95,20885.653630252957,FALSE,9607,0,0
picard-markduplicate,18182,46867,83278.40879555514,83278.40879555514,Statistical_P95,36411.40879555514,FALSE,10126,0,0
picard-markduplicate,18182,55020,60034.421286928366,60034.421286928366,Statistical_P95,5014.421286928366,FALSE,10435,0,0
picard-markduplicate,18182,57267,71272.87416,71272.87416,Statistical_P95,14005.874162426495,FALSE,9779,0,0
picard-markduplicate,18182,42432,55729.58430171874,55729.58430171874,Statistical_P95,13297.584301718744,FALSE,10584,0,0
picard-markduplicate,18182,42963,69009.70001703869,69009.70001703869,Statistical_P95,26046.70001703869,FALSE,9220,0,0
picard-markduplicate,18182,60897,61009.43819,61009.43819,Statistical_P95,112.43819194410025,FALSE,10882,0,0
picard-markduplicate,18182,42992,58027.13311516136,58027.13311516136,Statistical_P95,15035.133115161363,FALSE,9428,0,0
picard-markduplicate,18182,47118,50922.85787,50922.85787,Statistical_P95,3804.8578709271023,FALSE,13560,0,0
picard-markduplicate,18182,58667,61255.192591771105,61255.192591771105,Statistical_P95,2588.192591771105,FALSE,10571,0,0
picard-markduplicate,18182,46772,47384.78264,47384.78264,Statistical_P95,612.7826364141001,FALSE,8541,0,0
picard-markduplicate,18182,56244,57978.07204289309,57978.07204289309,Statistical_P95,1734.0720428930872,FALSE,9030,0,0
picard-markduplicate,18182,56244,94356.52184,94356.52184,Statistical_P95,38112.52184,FALSE,9528,0,0
picard-markduplicate,18182,52806,62029.02953074433,62029.02953074433,Statistical_P95,9223.029531,FALSE,9147,0,0
picard-markduplicate,18182,43444,50092.49099,50092.49099,Statistical_P95,6648.4909930997965,FALSE,8935,0,0
picard-markduplicate,18182,55412,55331.185530546616,96837.44523726145,Statistical_P95,41425.44523726145,FALSE,9566,5650,1
picard-markduplicate,18182,45364,68846.86310991958,68846.86310991958,Statistical_P95,23482.863109919577,FALSE,9170,0,0
picard-markduplicate,18182,55124,62292.484420947636,62292.484420947636,Statistical_P95,7168.484420947636,FALSE,9331,0,0
picard-markduplicate,18182,55124,62324.49821927653,62324.49821927653,Statistical_P95,7200.498219276531,FALSE,10390,0,0
picard-markduplicate,18182,42132,53958.09575623219,53958.09575623219,Statistical_P95,11826.095756232193,FALSE,8871,0,0
picard-markduplicate,18182,52980,108265.72988111153,108265.72988111153,Statistical_P95,55285.72988111153,FALSE,8995,0,0
picard-markduplicate,18182,58040,94087.74396786687,94087.74396786687,Statistical_P95,36047.743967866874,FALSE,9478,0,0
picard-markduplicate,18182,60148,71962.42257628264,71962.42257628264,Statistical_P95,11814.422576282639,FALSE,9458,0,0
picard-markduplicate,18182,48084,48634.15841073826,48634.15841073826,Statistical_P95,550.1584107382587,FALSE,13748,0,0
picard-markduplicate,18182,56308,49448.736615317655,96837.44523726145,Statistical_P95,40529.44523726145,FALSE,13422,7927,1
picard-markduplicate,18182,51051,62866.91883881092,62866.91883881092,Statistical_P95,11815.918838810918,FALSE,9421,0,0
picard-markduplicate,18182,55444,76601.68749,76601.68749,Statistical_P95,21157.68749,FALSE,10687,0,0
picard-markduplicate,18182,56308,68750.70116507792,68750.70116507792,Statistical_P95,12442.701165077917,FALSE,10324,0,0
samtools-sort-markduplicate,10240,20473,60872.567615658365,60872.567615658365,Statistical_P95,40399.567615658365,FALSE,1250,0,0
samtools-sort-markduplicate,10240,20392,30349.616566466262,30349.616566466262,Statistical_P95,9957.616566466262,FALSE,1213,0,0
samtools-sort-markduplicate,10240,20423,20425.903164746374,20425.903164746374,Statistical_P95,2.9031647463743866,FALSE,1255,0,0
samtools-sort-markduplicate,10240,20498,20496.006627767805,20871.067514078368,Statistical_P95,373.0675140783678,FALSE,1676,487,1
samtools-sort-markduplicate,10240,20433,20433,20433,Statistical_P95,0,FALSE,1214,0,0
samtools-sort-markduplicate,10240,20387,20417.546898411747,20417.546898411747,Statistical_P95,30.54689841174695,FALSE,1256,0,0
samtools-sort-markduplicate,10240,20478,20487.195330040413,20487.195330040413,Statistical_P95,9.195330040412955,FALSE,1692,0,0
samtools-sort-markduplicate,10240,20489,20492.06584,20492.06584,Statistical_P95,3.065838695198181,FALSE,1539,0,0
samtools-sort-markduplicate,10240,20499,30272.937693327443,30272.937693327443,Statistical_P95,9773.937693327443,FALSE,1510,0,0
samtools-sort-markduplicate,10240,20508,30380.202127659573,30380.202127659573,Statistical_P95,9872.202127659573,FALSE,1910,0,0
samtools-sort-markduplicate,10240,20445,20457.24251497006,20457.24251497006,Statistical_P95,12.242514970061166,FALSE,1731,0,0
samtools-sort-markduplicate,10240,20501,46293.47432432433,46293.47432432433,Statistical_P95,25792.47432432433,FALSE,1413,0,0
samtools-sort-markduplicate,10240,20461,20479.38364779874,20479.38364779874,Statistical_P95,18.38364779873882,FALSE,1497,0,0
samtools-sort-markduplicate,10240,20433,20448.296451564605,20448.296451564605,Statistical_P95,15.296451564605377,FALSE,1249,0,0
samtools-sort-markduplicate,10240,20412,20415.054774019754,20415.054774019754,Statistical_P95,3.0547740197544044,FALSE,1585,0,0
samtools-sort-markduplicate,10240,20467,20489.380032953868,20489.380032953868,Statistical_P95,22.380032953868067,FALSE,1352,0,0
samtools-sort-markduplicate,10240,20400,20441.13643178411,20441.13643178411,Statistical_P95,41.136431784110755,FALSE,1811,0,0
samtools-sort-markduplicate,10240,20419,40230.00501179245,40230.00501179245,Statistical_P95,19811.005011792447,FALSE,1739,0,0
samtools-sort-markduplicate,10240,20454,20460.12211912601,20460.12211912601,Statistical_P95,6.122119126008329,FALSE,1656,0,0
samtools-sort-markduplicate,10240,20542,20535.85522,20871.067514078368,Statistical_P95,329.0675140783678,FALSE,1538,447,1
samtools-sort-markduplicate,10240,20491,20501.27618,20501.27618,Statistical_P95,10.276175149698247,FALSE,1557,0,0
samtools-sort-markduplicate,10240,20515,20542.660674157305,20542.660674157305,Statistical_P95,27.66067415730504,FALSE,1166,0,0
samtools-sort-markduplicate,10240,20415,40299.42705256941,40299.42705256941,Statistical_P95,19884.42705256941,FALSE,1420,0,0
samtools-sort-markduplicate,10240,20504,20519.349603234015,20519.349603234015,Statistical_P95,15.349603234015376,FALSE,1225,0,0
samtools-sort-markduplicate,10240,20425,20461.73561151079,20461.73561151079,Statistical_P95,36.73561151079048,FALSE,1283,0,0
samtools-sort-markduplicate,10240,20447,20526.847101231597,20526.847101231597,Statistical_P95,79.84710123159675,FALSE,1273,0,0
samtools-sort-markduplicate,10240,20449,125741.59705611775,125741.59705611775,Statistical_P95,105292.59705611775,FALSE,1052,0,0
samtools-sort-markduplicate,10240,20470,20485.32644504343,20485.32644504343,Statistical_P95,15.326445043428976,FALSE,1811,0,0
samtools-sort-markduplicate,10240,20511,125182.66027397261,125182.66027397261,Statistical_P95,104671.66027397261,FALSE,1361,0,0
samtools-sort-markduplicate,10240,20493,60715.96276595745,60715.96276595745,Statistical_P95,40222.96276595745,FALSE,1415,0,0
samtools-sort-markduplicate,15360,20468,20514.036887089518,20514.036887089518,Statistical_P95,46.03688708951813,FALSE,1820,0,0
samtools-sort-markduplicate,15360,20487,20616.547425474255,20616.547425474255,Statistical_P95,129.54742547425485,FALSE,2338,0,0
samtools-sort-markduplicate,15360,20506,20504.00584979055,20871.067514078368,Statistical_P95,365.0675140783678,FALSE,2035,592,1
samtools-sort-markduplicate,15360,20467,40557.79069077972,40557.79069077972,Statistical_P95,20090.790690779722,FALSE,2034,0,0
samtools-sort-markduplicate,15360,20483,20492.19895209581,20492.19895209581,Statistical_P95,9.198952095808636,FALSE,1880,0,0
samtools-sort-markduplicate,15360,20418,20418.76380368098,20418.76380368098,Statistical_P95,0.7638036809803452,FALSE,2076,0,0
samtools-sort-markduplicate,15360,20447,20459.243712574847,20459.243712574847,Statistical_P95,12.24371257484745,FALSE,2053,0,0
samtools-sort-markduplicate,15360,20471,20486.324898936964,20486.324898936964,Statistical_P95,15.324898936964019,FALSE,1821,0,0
samtools-sort-markduplicate,15360,20430,30365.603735823883,30365.603735823883,Statistical_P95,9935.603735823883,FALSE,1883,0,0
samtools-sort-markduplicate,15360,20467,124914.1196347032,124914.1196347032,Statistical_P95,104447.1196347032,FALSE,2013,0,0
samtools-sort-markduplicate,15360,20407,20407.763392189136,20407.763392189136,Statistical_P95,0.7633921891356295,FALSE,1791,0,0
samtools-sort-markduplicate,15360,20465,20518.879500450046,20518.879500450046,Statistical_P95,53.87950045004618,FALSE,2378,0,0
samtools-sort-markduplicate,15360,20453,20462.79784431137,20462.79784431137,Statistical_P95,9.797844311371591,FALSE,2091,0,0
samtools-sort-markduplicate,15360,20445,60708.29853398492,60708.29853398492,Statistical_P95,40263.29853398492,FALSE,1832,0,0
samtools-sort-markduplicate,15360,20456,20459.060900793058,20459.060900793058,Statistical_P95,3.0609007930579537,FALSE,2204,0,0
samtools-sort-markduplicate,15360,20497,20493.93388182498,20871.067514078368,Statistical_P95,374.0675140783678,FALSE,1806,525,1
samtools-sort-markduplicate,15360,20401,30282.09726848768,30282.09726848768,Statistical_P95,9881.097268,FALSE,2017,0,0
samtools-sort-markduplicate,15360,20499,20517.417789757408,20517.417789757408,Statistical_P95,18.417789757408173,FALSE,1731,0,0
samtools-sort-markduplicate,15360,20419,125557.12603495861,125557.12603495861,Statistical_P95,105138.12603495861,FALSE,1913,0,0
samtools-sort-markduplicate,15360,20421,60502.64361702128,60502.64361702128,Statistical_P95,40081.64361702128,FALSE,1804,0,0
samtools-sort-markduplicate,15360,20472,20484.26051804162,20484.26051804162,Statistical_P95,12.260518041621253,FALSE,1818,0,0
samtools-sort-markduplicate,15360,20400,20403.35827596528,20403.35827596528,Statistical_P95,3.3582759652817913,FALSE,1693,0,0
samtools-sort-markduplicate,15360,20433,20438.65714606405,20438.65714606405,Statistical_P95,5.657146064051631,FALSE,1730,0,0
samtools-sort-markduplicate,15360,20467,40342.503096431734,40342.503096431734,Statistical_P95,19875.503096431734,FALSE,1977,0,0
samtools-sort-markduplicate,15360,20411,20435.458957459556,20435.458957459556,Statistical_P95,24.458957459555677,FALSE,2071,0,0
samtools-sort-markduplicate,15360,20486,20508.093948472135,20508.093948472135,Statistical_P95,22.093948472134798,FALSE,2329,0,0
samtools-sort-markduplicate,15360,20437,40366.69858156028,40366.69858156028,Statistical_P95,19929.698581560282,FALSE,1763,0,0
samtools-sort-markduplicate,15360,20498,20513.347409404018,20513.347409404018,Statistical_P95,15.347409404017526,FALSE,2073,0,0
samtools-sort-markduplicate,15360,20486,20516.695235241234,20516.695235241234,Statistical_P95,30.695235241233604,FALSE,2139,0,0
samtools-sort-markduplicate,15360,20415,20451.71762589928,20451.71762589928,Statistical_P95,36.71762589928039,FALSE,2157,0,0
samtools-sort-markduplicate,18182,20468,20471.062696393838,20471.062696393838,Statistical_P95,3.062696393837541,FALSE,2013,0,0
samtools-sort-markduplicate,18182,20480,20490.270658682635,20490.270658682635,Statistical_P95,10.270658682635258,FALSE,2526,0,0
samtools-sort-markduplicate,18182,20500,20515.348906858344,20515.348906858344,Statistical_P95,15.34890685834398,FALSE,2808,0,0
samtools-sort-markduplicate,18182,20444,20520.753266256197,20520.753266256197,Statistical_P95,76.75326626,FALSE,2718,0,0
samtools-sort-markduplicate,18182,20439,40370.648936170204,40370.648936170204,Statistical_P95,19931.648936170204,FALSE,2472,0,0
samtools-sort-markduplicate,18182,20454,61252.03225806452,61252.03225806452,Statistical_P95,40798.03225806452,FALSE,2390,0,0
samtools-sort-markduplicate,18182,20430,125164.1796516957,125164.1796516957,Statistical_P95,104734.1796516957,FALSE,2940,0,0
samtools-sort-markduplicate,18182,20496,20532.863309352517,20532.863309352517,Statistical_P95,36.86330935251681,FALSE,3152,0,0
samtools-sort-markduplicate,18182,20512,60772.255319148935,60772.255319148935,Statistical_P95,40260.255319148935,FALSE,2257,0,0
samtools-sort-markduplicate,18182,20425,20449.47573397244,20449.47573397244,Statistical_P95,24.47573397243832,FALSE,2468,0,0
samtools-sort-markduplicate,18182,20444,20441.40014961101,20871.067514078368,Statistical_P95,427.0675140783678,FALSE,2391,695,1
samtools-sort-markduplicate,18182,20468,20509.27355322339,20509.27355322339,Statistical_P95,41.27355322338917,FALSE,2463,0,0
samtools-sort-markduplicate,18182,20516,20519.07033822209,20519.07033822209,Statistical_P95,3.070338222089049,FALSE,2207,0,0
samtools-sort-markduplicate,18182,20468,20471.062696393838,20471.062696393838,Statistical_P95,3.062696393837541,FALSE,2134,0,0
samtools-sort-markduplicate,18182,20476,20494.397124887688,20494.397124887688,Statistical_P95,18.397124887687824,FALSE,2088,0,0
samtools-sort-markduplicate,18182,20482,30247.832081307995,30247.832081307995,Statistical_P95,9765.832081307995,FALSE,1989,0,0
samtools-sort-markduplicate,18182,20466,20472.12571086501,20472.12571086501,Statistical_P95,6.125710865009751,FALSE,2362,0,0
samtools-sort-markduplicate,18182,20448,20448,20448,Statistical_P95,0,FALSE,2562,0,0
samtools-sort-markduplicate,18182,20425,120814.77876106194,120814.77876106194,Statistical_P95,100389.77876106194,FALSE,2327,0,0
samtools-sort-markduplicate,18182,20492,20504.270658682635,20504.270658682635,Statistical_P95,12.270658682635258,FALSE,2380,0,0
samtools-sort-markduplicate,18182,20449,20464.310721772985,20464.310721772985,Statistical_P95,15.310721772984834,FALSE,2350,0,0
samtools-sort-markduplicate,18182,20486,20508.093948472135,20508.093948472135,Statistical_P95,22.093948472134798,FALSE,2345,0,0
samtools-sort-markduplicate,18182,20501,30430.531645569623,30430.531645569623,Statistical_P95,9929.531645569623,FALSE,1914,0,0
samtools-sort-markduplicate,18182,20431,20461.612825891516,20461.612825891516,Statistical_P95,30.612825891515968,FALSE,2414,0,0
samtools-sort-markduplicate,18182,20484,30554.576210667263,30554.576210667263,Statistical_P95,10070.576210667263,FALSE,2704,0,0
samtools-sort-markduplicate,18182,20476,50335.26443545422,50335.26443545422,Statistical_P95,29859.26443545422,FALSE,2991,0,0
samtools-sort-markduplicate,18182,20468,20464.93776181927,20871.067514078368,Statistical_P95,403.0675140783678,FALSE,2019,587,1
samtools-sort-markduplicate,18182,20382,20388.101481814105,20388.101481814105,Statistical_P95,6.101481814104773,FALSE,2703,0,0
samtools-sort-markduplicate,18182,20483,20495.267105854167,20495.267105854167,Statistical_P95,12.267105854167312,FALSE,2477,0,0
samtools-sort-markduplicate,18182,20429,30391.14978855998,30391.14978855998,Statistical_P95,9962.149788559978,FALSE,2301,0,0
samtools-index-markduplicate,10240,34,75.55555555555556,75.55555555555556,Statistical_P95,41.55555555555556,FALSE,123,0,0
samtools-index-markduplicate,10240,34,43.06666666666667,43.06666666666667,Statistical_P95,9.066666667,FALSE,100,0,0
samtools-index-markduplicate,10240,34,43.06666666666667,43.06666666666667,Statistical_P95,9.066666667,FALSE,108,0,0
samtools-index-markduplicate,10240,34,30.761904761904763,47.46225924669655,Statistical_P95,13.462259246696547,FALSE,394,378,1
samtools-index-markduplicate,10240,34,35.88888888888889,35.88888888888889,Statistical_P95,1.8888888888888928,FALSE,141,0,0
samtools-index-markduplicate,10240,34,34,34,Statistical_P95,0,FALSE,120,0,0
samtools-index-markduplicate,10240,34,56.24166666666665,56.24166666666665,Statistical_P95,22.241666666666653,FALSE,98,0,0
samtools-index-markduplicate,10240,34,43.06666666666667,43.06666666666667,Statistical_P95,9.066666667,FALSE,495,0,0
samtools-index-markduplicate,10240,34,46.142857142857146,46.142857142857146,Statistical_P95,12.142857142857146,FALSE,157,0,0
samtools-index-markduplicate,10240,34,113.33333333333337,113.33333333333337,Statistical_P95,79.33333333333337,FALSE,513,0,0
samtools-index-markduplicate,10240,34,35.88888888888889,35.88888888888889,Statistical_P95,1.8888888888888928,FALSE,144,0,0
samtools-index-markduplicate,10240,34,53.833333333333336,53.833333333333336,Statistical_P95,19.833333333333336,FALSE,133,0,0
samtools-index-markduplicate,10240,34,38.00000000000001,38.00000000000001,Statistical_P95,4.000000000000007,FALSE,507,0,0
samtools-index-markduplicate,10240,34,35.78947368421053,35.78947368421053,Statistical_P95,1.7894736842105274,FALSE,162,0,0
samtools-index-markduplicate,10240,34,61.81818181818182,61.81818181818182,Statistical_P95,27.81818181818182,FALSE,444,0,0
samtools-index-markduplicate,10240,34,61.81818181818182,61.81818181818182,Statistical_P95,27.81818181818182,FALSE,155,0,0
samtools-index-markduplicate,10240,34,48.57142857142858,48.57142857142858,Statistical_P95,14.571428571428577,FALSE,329,0,0
samtools-index-markduplicate,10240,34,40,40,Statistical_P95,6,FALSE,165,0,0
samtools-index-markduplicate,10240,34,33.404999999999966,47.46225924669655,Statistical_P95,13.462259246696547,FALSE,198,190,1
samtools-index-markduplicate,10240,34,75.55555555555556,75.55555555555556,Statistical_P95,41.55555555555556,FALSE,101,0,0
samtools-index-markduplicate,10240,34,38.00000000000001,38.00000000000001,Statistical_P95,4.000000000000007,FALSE,136,0,0
samtools-index-markduplicate,10240,34,49.69230769230769,49.69230769230769,Statistical_P95,15.692307692307693,FALSE,130,0,0
samtools-index-markduplicate,10240,34,56.66666666666667,56.66666666666667,Statistical_P95,22.66666666666667,FALSE,135,0,0
samtools-index-markduplicate,10240,34,43.06666666666667,43.06666666666667,Statistical_P95,9.066666667,FALSE,127,0,0
samtools-index-markduplicate,10240,34,49.69230769230769,49.69230769230769,Statistical_P95,15.692307692307693,FALSE,110,0,0
samtools-index-markduplicate,10240,34,75.55555555555556,75.55555555555556,Statistical_P95,41.55555555555556,FALSE,144,0,0
samtools-index-markduplicate,10240,34,35.88888888888889,35.88888888888889,Statistical_P95,1.8888888888888928,FALSE,132,0,0
samtools-index-markduplicate,10240,34,40.37500000000001,40.37500000000001,Statistical_P95,6.375000000000007,FALSE,225,0,0
samtools-index-markduplicate,10240,34,41.96875,41.96875,Statistical_P95,7.96875,FALSE,123,0,0
samtools-index-markduplicate,10240,34,43.06666666666667,43.06666666666667,Statistical_P95,9.066666667,FALSE,202,0,0
samtools-index-markduplicate,15360,34,50.86923076923075,50.86923076923075,Statistical_P95,16.869230769230747,FALSE,132,0,0
samtools-index-markduplicate,15360,34,34,34,Statistical_P95,0,FALSE,364,0,0
samtools-index-markduplicate,15360,34,35.78947368421053,35.78947368421053,Statistical_P95,1.7894736842105274,FALSE,111,0,0
samtools-index-markduplicate,15360,34,43.06666666666667,43.06666666666667,Statistical_P95,9.066666667,FALSE,124,0,0
samtools-index-markduplicate,15360,34,37.77777777777778,37.77777777777778,Statistical_P95,3.7777777777777786,FALSE,177,0,0
samtools-index-markduplicate,15360,34,42.5,42.5,Statistical_P95,8.5,FALSE,190,0,0
samtools-index-markduplicate,15360,34,40,40,Statistical_P95,6,FALSE,143,0,0
samtools-index-markduplicate,15360,34,56.66666666666667,56.66666666666667,Statistical_P95,22.66666666666667,FALSE,91,0,0
samtools-index-markduplicate,15360,34,35.88888888888889,35.88888888888889,Statistical_P95,1.8888888888888928,FALSE,118,0,0
samtools-index-markduplicate,15360,34,34,34,Statistical_P95,0,FALSE,106,0,0
samtools-index-markduplicate,15360,34,38.00000000000001,38.00000000000001,Statistical_P95,4.000000000000007,FALSE,162,0,0
samtools-index-markduplicate,15360,34,49.69230769230769,49.69230769230769,Statistical_P95,15.692307692307693,FALSE,565,0,0
samtools-index-markduplicate,15360,34,32.3,47.46225924669655,Statistical_P95,13.462259246696547,FALSE,160,153,1
samtools-index-markduplicate,15360,34,56.66666666666667,56.66666666666667,Statistical_P95,22.66666666666667,FALSE,105,0,0
samtools-index-markduplicate,15360,34,61.81818181818182,61.81818181818182,Statistical_P95,27.81818181818182,FALSE,146,0,0
samtools-index-markduplicate,15360,34,43.06666666666667,43.06666666666667,Statistical_P95,9.066666667,FALSE,118,0,0
samtools-index-markduplicate,15360,34,75.55555555555556,75.55555555555556,Statistical_P95,41.55555555555556,FALSE,139,0,0
samtools-index-markduplicate,15360,34,48.57142857142858,48.57142857142858,Statistical_P95,14.571428571428577,FALSE,120,0,0
samtools-index-markduplicate,15360,34,113.33333333333337,113.33333333333337,Statistical_P95,79.33333333333337,FALSE,450,0,0
samtools-index-markduplicate,15360,34,53.833333333333336,53.833333333333336,Statistical_P95,19.833333333333336,FALSE,157,0,0
samtools-index-markduplicate,15360,34,45.33333333333333,45.33333333333333,Statistical_P95,11.333333333333329,FALSE,121,0,0
samtools-index-markduplicate,15360,34,75.55555555555556,75.55555555555556,Statistical_P95,41.55555555555556,FALSE,113,0,0
samtools-index-markduplicate,15360,34,35.78947368421053,35.78947368421053,Statistical_P95,1.7894736842105274,FALSE,172,0,0
samtools-index-markduplicate,15360,34,43.06666666666667,43.06666666666667,Statistical_P95,9.066666667,FALSE,208,0,0
samtools-index-markduplicate,15360,33,36.88235294117647,36.88235294117647,Statistical_P95,3.882352941176471,FALSE,174,0,0
samtools-index-markduplicate,15360,34,75.55555555555556,75.55555555555556,Statistical_P95,41.55555555555556,FALSE,158,0,0
samtools-index-markduplicate,15360,34,43.06666666666667,43.06666666666667,Statistical_P95,9.066666667,FALSE,116,0,0
samtools-index-markduplicate,15360,34,40.37500000000001,40.37500000000001,Statistical_P95,6.375000000000007,FALSE,158,0,0
samtools-index-markduplicate,15360,34,56.66666666666667,56.66666666666667,Statistical_P95,22.66666666666667,FALSE,487,0,0
samtools-index-markduplicate,15360,34,42.393749999999976,42.393749999999976,Statistical_P95,8.393749999999976,FALSE,142,0,0
samtools-index-markduplicate,18182,34,30.761904761904763,47.46225924669655,Statistical_P95,13.462259246696547,FALSE,129,124,1
samtools-index-markduplicate,18182,34,38.00000000000001,38.00000000000001,Statistical_P95,4.000000000000007,FALSE,440,0,0
samtools-index-markduplicate,18182,34,52.30769230769231,52.30769230769231,Statistical_P95,18.307692307692307,FALSE,405,0,0
samtools-index-markduplicate,18182,34,75.55555555555556,75.55555555555556,Statistical_P95,41.55555555555556,FALSE,183,0,0
samtools-index-markduplicate,18182,34,43.06666666666667,43.06666666666667,Statistical_P95,9.066666667,FALSE,158,0,0
samtools-index-markduplicate,18182,34,33.404999999999966,47.46225924669655,Statistical_P95,13.462259246696547,FALSE,132,127,1
samtools-index-markduplicate,18182,34,41.756250000000016,41.756250000000016,Statistical_P95,7.756250000000016,FALSE,384,0,0
samtools-index-markduplicate,18182,34,55.39166666666662,55.39166666666662,Statistical_P95,21.391666666666623,FALSE,234,0,0
samtools-index-markduplicate,18182,34,56.66666666666667,56.66666666666667,Statistical_P95,22.66666666666667,FALSE,228,0,0
samtools-index-markduplicate,18182,34,43.06666666666667,43.06666666666667,Statistical_P95,9.066666667,FALSE,392,0,0
samtools-index-markduplicate,18182,34,61.81818181818182,61.81818181818182,Statistical_P95,27.81818181818182,FALSE,216,0,0
samtools-index-markduplicate,18182,34,48.57142857142858,48.57142857142858,Statistical_P95,14.571428571428577,FALSE,419,0,0
samtools-index-markduplicate,18182,34,49.69230769230769,49.69230769230769,Statistical_P95,15.692307692307693,FALSE,180,0,0
samtools-index-markduplicate,18182,34,40,40,Statistical_P95,6,FALSE,118,0,0
samtools-index-markduplicate,18182,34,42.5,42.5,Statistical_P95,8.5,FALSE,123,0,0
samtools-index-markduplicate,18182,34,38.00000000000001,38.00000000000001,Statistical_P95,4.000000000000007,FALSE,171,0,0
samtools-index-markduplicate,18182,34,35.88888888888889,35.88888888888889,Statistical_P95,1.8888888888888928,FALSE,150,0,0
samtools-index-markduplicate,18182,34,34,34,Statistical_P95,0,FALSE,415,0,0
samtools-index-markduplicate,18182,34,113.33333333333337,113.33333333333337,Statistical_P95,79.33333333333337,FALSE,146,0,0
samtools-index-markduplicate,18182,34,45.33333333333333,45.33333333333333,Statistical_P95,11.333333333333329,FALSE,147,0,0
samtools-index-markduplicate,18182,34,35.78947368421053,35.78947368421053,Statistical_P95,1.7894736842105274,FALSE,150,0,0
samtools-index-markduplicate,18182,34,64.6,64.6,Statistical_P95,30.599999999999994,FALSE,106,0,0
samtools-index-markduplicate,18182,34,97.14285714285712,97.14285714285712,Statistical_P95,63.142857142857125,FALSE,133,0,0
samtools-index-markduplicate,18182,34,55.816666666666634,55.816666666666634,Statistical_P95,21.816666666666634,FALSE,239,0,0
samtools-index-markduplicate,18182,34,40.37500000000001,40.37500000000001,Statistical_P95,6.375000000000007,FALSE,197,0,0
samtools-index-markduplicate,18182,34,43.06666666666667,43.06666666666667,Statistical_P95,9.066666667,FALSE,185,0,0
samtools-index-markduplicate,18182,33,34.833333333333336,34.833333333333336,Statistical_P95,1.8333333333333357,FALSE,116,0,0
samtools-index-markduplicate,18182,34,61.81818181818182,61.81818181818182,Statistical_P95,27.81818181818182,FALSE,540,0,0
samtools-index-markduplicate,18182,34,35.88888888888889,35.88888888888889,Statistical_P95,1.8888888888888928,FALSE,218,0,0
samtools-index-markduplicate,18182,34,43.06666666666667,43.06666666666667,Statistical_P95,9.066666667,FALSE,146,0,0
picard-validate-sam,10240,2870,14517.95498392283,14517.95498392283,Statistical_P95,11647.95498392283,FALSE,1127,0,0
picard-validate-sam,10240,3270,15318.392857142853,15318.392857142853,Statistical_P95,12048.392857142853,FALSE,1355,0,0
picard-validate-sam,10240,3494,28442.99894736842,28442.99894736842,Statistical_P95,24948.99894736842,FALSE,1130,0,0
picard-validate-sam,10240,3646,40731.408759124075,40731.408759124075,Statistical_P95,37085.408759124075,FALSE,1293,0,0
picard-validate-sam,10240,3528,4642.152591333898,4642.152591333898,Statistical_P95,1114.1525913338983,FALSE,1264,0,0
picard-validate-sam,10240,3257,5611.665376,5611.665376,Statistical_P95,2354.6653762268197,FALSE,1149,0,0
picard-validate-sam,10240,3103,29334.842592592595,29334.842592592595,Statistical_P95,26231.842592592595,FALSE,1275,0,0
picard-validate-sam,10240,3048,21693.930275229355,21693.930275229355,Statistical_P95,18645.930275229355,FALSE,1444,0,0
picard-validate-sam,10240,2856,14684.133333333331,14684.133333333331,Statistical_P95,11828.133333333331,FALSE,1701,0,0
picard-validate-sam,10240,2923,18738.799999999992,18738.799999999992,Statistical_P95,15815.799999999992,FALSE,1448,0,0
picard-validate-sam,10240,3303,6921.976872536132,6921.976872536132,Statistical_P95,3618.976872536132,FALSE,1355,0,0
picard-validate-sam,10240,3422,30180.46666666666,30180.46666666666,Statistical_P95,26758.46666666666,FALSE,1239,0,0
picard-validate-sam,10240,2911,4080.827288135593,4080.827288135593,Statistical_P95,1169.8272881355929,FALSE,1864,0,0
picard-validate-sam,10240,3000,3339.285714285714,3339.285714285714,Statistical_P95,339.2857142857142,FALSE,1668,0,0
picard-validate-sam,10240,3168,14712.042477876106,14712.042477876106,Statistical_P95,11544.042477876106,FALSE,1572,0,0
picard-validate-sam,10240,2990,15669.999999999998,15669.999999999998,Statistical_P95,12679.999999999998,FALSE,1548,0,0
picard-validate-sam,10240,3604,28400.494054054056,28400.494054054056,Statistical_P95,24796.494054054056,FALSE,2017,0,0
picard-validate-sam,10240,3612,19292.764505119452,19292.764505119452,Statistical_P95,15680.764505119452,FALSE,1880,0,0
picard-validate-sam,10240,3632,22892.67317,22892.67317,Statistical_P95,19260.67317,FALSE,1892,0,0
picard-validate-sam,10240,3292,4050.494594594592,4050.494594594592,Statistical_P95,758.4945946,FALSE,1373,0,0
picard-validate-sam,10240,3115,4571.199186991869,4571.199186991869,Statistical_P95,1456.1991869918693,FALSE,1406,0,0
picard-validate-sam,10240,3306,28376.500000000004,28376.500000000004,Statistical_P95,25070.500000000004,FALSE,1348,0,0
picard-validate-sam,10240,2842,20007.679999999997,20007.679999999997,Statistical_P95,17165.679999999997,FALSE,1510,0,0
picard-validate-sam,10240,3351,29882.91132075472,29882.91132075472,Statistical_P95,26531.91132075472,FALSE,1212,0,0
picard-validate-sam,10240,2808,11753.01238938053,11753.01238938053,Statistical_P95,8945.012389,FALSE,1443,0,0
picard-validate-sam,10240,3455,29114.331896551703,29114.331896551703,Statistical_P95,25659.331896551703,FALSE,1386,0,0
picard-validate-sam,10240,2922,3154.4787835926445,3154.4787835926445,Statistical_P95,232.4787835926445,FALSE,1307,0,0
picard-validate-sam,10240,3178,3674.1618155619594,3674.1618155619594,Statistical_P95,496.16181556195943,FALSE,1628,0,0
picard-validate-sam,10240,3438,34065.03483870967,34065.03483870967,Statistical_P95,30627.034838709667,FALSE,1302,0,0
picard-validate-sam,10240,3158,2620.953687315634,5626.319036646549,Statistical_P95,2468.3190366465487,FALSE,1255,1233,1
picard-validate-sam,15360,3585,32706.23076923076,32706.23076923076,Statistical_P95,29121.23076923076,FALSE,1873,0,0
picard-validate-sam,15360,4271,5987.362881355932,5987.362881355932,Statistical_P95,1716.3628813559317,FALSE,2629,0,0
picard-validate-sam,15360,3315,17512.575757575745,17512.575757575745,Statistical_P95,14197.575757575745,FALSE,2112,0,0
picard-validate-sam,15360,3514,28270.728977272734,28270.728977272734,Statistical_P95,24756.728977272734,FALSE,1837,0,0
picard-validate-sam,15360,3299,35028.965277777774,35028.965277777774,Statistical_P95,31729.965277777774,FALSE,2407,0,0
picard-validate-sam,15360,3689,17131.541887905605,17131.541887905605,Statistical_P95,13442.541887905605,FALSE,1763,0,0
picard-validate-sam,15360,3701,3989.610091743119,3989.610091743119,Statistical_P95,288.6100917,FALSE,2089,0,0
picard-validate-sam,15360,3418,4853.621641118125,4853.621641118125,Statistical_P95,1435.621641118125,FALSE,1588,0,0
picard-validate-sam,15360,3891,31848.248936170206,31848.248936170206,Statistical_P95,27957.248936170206,FALSE,1907,0,0
picard-validate-sam,15360,4201,36650.75819209039,36650.75819209039,Statistical_P95,32449.75819209039,FALSE,1842,0,0
picard-validate-sam,15360,3567,20802.161632653046,20802.161632653046,Statistical_P95,17235.161632653046,FALSE,1746,0,0
picard-validate-sam,15360,3291,22816.62053571429,22816.62053571429,Statistical_P95,19525.62053571429,FALSE,2169,0,0
picard-validate-sam,15360,3950,16893.84615384615,16893.84615384615,Statistical_P95,12943.846153846149,FALSE,1882,0,0
picard-validate-sam,15360,4114,35102.099999999955,35102.099999999955,Statistical_P95,30988.099999999955,FALSE,1623,0,0
picard-validate-sam,15360,3809,4276.430241051862,4276.430241051862,Statistical_P95,467.43024105186214,FALSE,2135,0,0
picard-validate-sam,15360,3917,19881.933870967743,19881.933870967743,Statistical_P95,15964.933870967743,FALSE,1639,0,0
picard-validate-sam,15360,4051,33840.08324324323,33840.08324324323,Statistical_P95,29789.08324324323,FALSE,2343,0,0
picard-validate-sam,15360,3317,31826.614999999998,31826.614999999998,Statistical_P95,28509.614999999998,FALSE,1712,0,0
picard-validate-sam,15360,3777,18036.764646464646,18036.764646464646,Statistical_P95,14259.764646464646,FALSE,2687,0,0
picard-validate-sam,15360,3788,15719.654178674351,15719.654178674351,Statistical_P95,11931.654178674351,FALSE,1953,0,0
picard-validate-sam,15360,3536,33368.55950920245,33368.55950920245,Statistical_P95,29832.559509202452,FALSE,1732,0,0
picard-validate-sam,15360,3738,18882.929032258067,18882.929032258067,Statistical_P95,15144.929032258067,FALSE,1733,0,0
picard-validate-sam,15360,3927,5015.154741744283,5015.154741744283,Statistical_P95,1088.1547417442825,FALSE,1767,0,0
picard-validate-sam,15360,3758,4749.208298052495,4749.208298052495,Statistical_P95,991.2082980524947,FALSE,2655,0,0
picard-validate-sam,15360,4160,29848.962962962967,29848.962962962967,Statistical_P95,25688.962962962967,FALSE,1953,0,0
picard-validate-sam,15360,3680,24007.361344537814,24007.361344537814,Statistical_P95,20327.361344537814,FALSE,2350,0,0
picard-validate-sam,15360,3537,3830.704045422285,3830.704045422285,Statistical_P95,293.70404542228516,FALSE,1790,0,0
picard-validate-sam,15360,4007,3325.5735988200586,5626.319036646549,Statistical_P95,1619.3190366465487,FALSE,1419,1394,1
picard-validate-sam,15360,4100,25950.803571428572,25950.803571428572,Statistical_P95,21850.803571428572,FALSE,2213,0,0
picard-validate-sam,15360,4111,6718.312080536902,6718.312080536902,Statistical_P95,2607.3120805369017,FALSE,1923,0,0
picard-validate-sam,18182,4372,35590.38105263158,35590.38105263158,Statistical_P95,31218.38105263158,FALSE,2048,0,0
picard-validate-sam,18182,4096,34817.12527472526,34817.12527472526,Statistical_P95,30721.12527472526,FALSE,2867,0,0
picard-validate-sam,18182,4364,20263.63539823009,20263.63539823009,Statistical_P95,15899.63539823009,FALSE,2334,0,0
picard-validate-sam,18182,4318,6120.988478847886,6120.988478847886,Statistical_P95,1802.9884788478857,FALSE,2712,0,0
picard-validate-sam,18182,4248,3342.5704292527803,5626.2875593610415,Statistical_P95,1378.2875593610415,FALSE,2123,2086,1
picard-validate-sam,18182,3764,22510.943459915612,22510.943459915612,Statistical_P95,18746.943459915612,FALSE,2021,0,0
picard-validate-sam,18182,4297,28092.99159663865,28092.99159663865,Statistical_P95,23795.99159663865,FALSE,2699,0,0
picard-validate-sam,18182,3956,19353.02482758621,19353.02482758621,Statistical_P95,15397.02482758621,FALSE,2340,0,0
picard-validate-sam,18182,3919,20145.70915,20145.70915,Statistical_P95,16226.709150326798,FALSE,2000,0,0
picard-validate-sam,18182,3982,5096.826487845767,5096.826487845767,Statistical_P95,1114.8264878457667,FALSE,2603,0,0
picard-validate-sam,18182,4253,28579.79177489177,28579.79177489177,Statistical_P95,24326.79177489177,FALSE,2974,0,0
picard-validate-sam,18182,3630,37781.63265306122,37781.63265306122,Statistical_P95,34151.63265306122,FALSE,2644,0,0
picard-validate-sam,18182,4020,40186.862745098035,40186.862745098035,Statistical_P95,36166.862745098035,FALSE,2265,0,0
picard-validate-sam,18182,3956,5397.593220338983,5397.593220338983,Statistical_P95,1441.593220338983,FALSE,2063,0,0
picard-validate-sam,18182,3796,31637.076923076915,31637.076923076915,Statistical_P95,27841.076923076915,FALSE,1945,0,0
picard-validate-sam,18182,3610,6294.722163308586,6294.722163308586,Statistical_P95,2684.7221633085856,FALSE,1781,0,0
picard-validate-sam,18182,4436,5128.565706051873,5128.565706051873,Statistical_P95,692.5657060518733,FALSE,2037,0,0
picard-validate-sam,18182,4148,31444.94545454544,31444.94545454544,Statistical_P95,27296.94545454544,FALSE,2305,0,0
picard-validate-sam,18182,3657,19028.589999999997,19028.589999999997,Statistical_P95,15371.589999999997,FALSE,2004,0,0
picard-validate-sam,18182,4868,31023.524590163935,31023.524590163935,Statistical_P95,26155.524590163935,FALSE,2112,0,0
picard-validate-sam,18182,4132,38347.946987951815,38347.946987951815,Statistical_P95,34215.946987951815,FALSE,2098,0,0
picard-validate-sam,18182,4830,38858.17329545455,38858.17329545455,Statistical_P95,34028.17329545455,FALSE,2301,0,0
picard-validate-sam,18182,4546,39625.04268292682,39625.04268292682,Statistical_P95,35079.04268292682,FALSE,2316,0,0
picard-validate-sam,18182,4000,4318.246110325318,4318.246110325318,Statistical_P95,318.2461103253181,FALSE,2138,0,0
picard-validate-sam,18182,4236,4697.421428571424,4697.421428571424,Statistical_P95,461.42142857142426,FALSE,2517,0,0
picard-validate-sam,18182,3828,6918.547058823528,6918.547058823528,Statistical_P95,3090.5470588235275,FALSE,2903,0,0
picard-validate-sam,18182,3780,18051.090909090908,18051.090909090908,Statistical_P95,14271.090909090908,FALSE,2003,0,0
picard-validate-sam,18182,4260,40002.43902439025,40002.43902439025,Statistical_P95,35742.43902439025,FALSE,2721,0,0
picard-validate-sam,18182,3620,15524.643916913947,15524.643916913947,Statistical_P95,11904.643916913947,FALSE,2816,0,0
picard-validate-sam,18182,4292,5457.593908629436,5457.593908629436,Statistical_P95,1165.5939086294356,FALSE,2582,0,0
picard-collect-wgs-metrics,10240,1743,2640.188165322579,2640.188165322579,Statistical_P95,897.1881653225792,FALSE,1257,0,0
picard-collect-wgs-metrics,10240,1698,3089.6484410077305,3089.6484410077305,Statistical_P95,1391.6484410077305,FALSE,1195,0,0
picard-collect-wgs-metrics,10240,1576,3510.9949119373773,3510.9949119373773,Statistical_P95,1934.9949119373773,FALSE,1332,0,0
picard-collect-wgs-metrics,10240,1452,6191.503307086611,6191.503307086611,Statistical_P95,4739.503307086611,FALSE,1404,0,0
picard-collect-wgs-metrics,10240,1751,2010.8960104342484,2010.8960104342484,Statistical_P95,259.8960104342484,FALSE,1245,0,0
picard-collect-wgs-metrics,10240,1581,2940.5656722778604,2940.5656722778604,Statistical_P95,1359.5656722778604,FALSE,1198,0,0
picard-collect-wgs-metrics,10240,1584,2761.252020942407,2761.252020942407,Statistical_P95,1177.252020942407,FALSE,1338,0,0
picard-collect-wgs-metrics,10240,1442,4925.734157395961,4925.734157395961,Statistical_P95,3483.734157395961,FALSE,1282,0,0
picard-collect-wgs-metrics,10240,1518,3809.4571428571435,3809.4571428571435,Statistical_P95,2291.4571428571435,FALSE,1304,0,0
picard-collect-wgs-metrics,10240,1673,2065.8776265270494,2065.8776265270494,Statistical_P95,392.8776265270494,FALSE,1370,0,0
picard-collect-wgs-metrics,10240,1583,2365.2508744954816,2365.2508744954816,Statistical_P95,782.2508744954816,FALSE,1379,0,0
picard-collect-wgs-metrics,10240,1696,6824.943670264964,6824.943670264964,Statistical_P95,5128.943670264964,FALSE,1267,0,0
picard-collect-wgs-metrics,10240,1597,7133.543347193346,7133.543347193346,Statistical_P95,5536.543347193346,FALSE,1314,0,0
picard-collect-wgs-metrics,10240,1713,2900.725955734406,2900.725955734406,Statistical_P95,1187.725955734406,FALSE,1252,0,0
picard-collect-wgs-metrics,10240,1440,2302.8486140724945,2302.8486140724945,Statistical_P95,862.8486140724945,FALSE,1353,0,0
picard-collect-wgs-metrics,10240,1687,3446.8945723684214,3446.8945723684214,Statistical_P95,1759.8945723684214,FALSE,1360,0,0
picard-collect-wgs-metrics,10240,1767,28996.714285714283,28996.714285714283,Statistical_P95,27229.714285714283,FALSE,1384,0,0
picard-collect-wgs-metrics,10240,1409,1333.174444300013,4020.200716552997,Statistical_P95,2611.200716552997,FALSE,1313,1308,1
picard-collect-wgs-metrics,10240,1579,2837.565355847687,2837.565355847687,Statistical_P95,1258.565355847687,FALSE,1256,0,0
picard-collect-wgs-metrics,10240,1706,1953.4809901618517,1953.4809901618517,Statistical_P95,247.48099016185165,FALSE,1292,0,0
picard-collect-wgs-metrics,10240,1883,2017.0996349340082,2017.0996349340082,Statistical_P95,134.09963493400824,FALSE,1279,0,0
picard-collect-wgs-metrics,10240,1752,1600.1909158284802,4020.200716552997,Statistical_P95,2268.200716552997,FALSE,1250,1245,1
picard-collect-wgs-metrics,10240,1751,2492.2669606114036,2492.2669606114036,Statistical_P95,741.2669606114036,FALSE,1282,0,0
picard-collect-wgs-metrics,10240,1765,2792.573082763857,2792.573082763857,Statistical_P95,1027.5730827638572,FALSE,1249,0,0
picard-collect-wgs-metrics,10240,1452,2387.7270164447928,2387.7270164447928,Statistical_P95,935.7270164447928,FALSE,1251,0,0
picard-collect-wgs-metrics,10240,1842,2410.1955779255795,2410.1955779255795,Statistical_P95,568.1955779255795,FALSE,1270,0,0
picard-collect-wgs-metrics,10240,1504,2406.446003262642,2406.446003262642,Statistical_P95,902.4460032626421,FALSE,1194,0,0
picard-collect-wgs-metrics,10240,1630,5249.209774738535,5249.209774738535,Statistical_P95,3619.209774738535,FALSE,1360,0,0
picard-collect-wgs-metrics,10240,1648,2274.946330362223,2274.946330362223,Statistical_P95,626.9463303622229,FALSE,1340,0,0
picard-collect-wgs-metrics,10240,1369,2325.047632423755,2325.047632423755,Statistical_P95,956.0476324237552,FALSE,1225,0,0
picard-collect-wgs-metrics,15360,1555,2725.0489194268234,2725.0489194268234,Statistical_P95,1170.0489194268234,FALSE,1627,0,0
picard-collect-wgs-metrics,15360,1713,3660.4201766122555,3660.4201766122555,Statistical_P95,1947.4201766122555,FALSE,1811,0,0
picard-collect-wgs-metrics,15360,1551,1740.1056197562127,1740.1056197562127,Statistical_P95,189.10561975621272,FALSE,1683,0,0
picard-collect-wgs-metrics,15360,1466,1597.7932466756301,1597.7932466756301,Statistical_P95,131.79324667563014,FALSE,1672,0,0
picard-collect-wgs-metrics,15360,1601,2533.0932042520876,2533.0932042520876,Statistical_P95,932.0932042520876,FALSE,1709,0,0
picard-collect-wgs-metrics,15360,1740,2635.643951612902,2635.643951612902,Statistical_P95,895.6439516129021,FALSE,1655,0,0
picard-collect-wgs-metrics,15360,1823,4854.17003,4854.17003,Statistical_P95,3031.1700299700296,FALSE,1665,0,0
picard-collect-wgs-metrics,15360,1748,2966.998205928237,2966.998205928237,Statistical_P95,1218.998205928237,FALSE,1667,0,0
picard-collect-wgs-metrics,15360,1684,2738.6174302586032,2738.6174302586032,Statistical_P95,1054.6174302586032,FALSE,1606,0,0
picard-collect-wgs-metrics,15360,1759,1231.5039026275103,4020.200716552997,Statistical_P95,2261.200716552997,FALSE,1687,1681,1
picard-collect-wgs-metrics,15360,1541,2232.6785616034567,2232.6785616034567,Statistical_P95,691.6785616034567,FALSE,1615,0,0
picard-collect-wgs-metrics,15360,1642,2795.980825147348,2795.980825147348,Statistical_P95,1153.9808251473478,FALSE,1841,0,0
picard-collect-wgs-metrics,15360,1549,2000.5487627796708,2000.5487627796708,Statistical_P95,451.5487627796708,FALSE,1709,0,0
picard-collect-wgs-metrics,15360,1454,2920.364438902742,2920.364438902742,Statistical_P95,1466.3644389027422,FALSE,1780,0,0
picard-collect-wgs-metrics,15360,1750,7462.211286089235,7462.211286089235,Statistical_P95,5712.211286089235,FALSE,1673,0,0
picard-collect-wgs-metrics,15360,1657,2287.3701877489098,2287.3701877489098,Statistical_P95,630.3701877489098,FALSE,1623,0,0
picard-collect-wgs-metrics,15360,1803,2646.798004987531,2646.798004987531,Statistical_P95,843.7980049875309,FALSE,1660,0,0
picard-collect-wgs-metrics,15360,1692,1755.5518459069017,1755.5518459069017,Statistical_P95,63.55184590690169,FALSE,1579,0,0
picard-collect-wgs-metrics,15360,1585,7201.885198744769,7201.885198744769,Statistical_P95,5616.885198744769,FALSE,1755,0,0
picard-collect-wgs-metrics,15360,1497,5449.721949602121,5449.721949602121,Statistical_P95,3952.7219496021207,FALSE,1615,0,0
picard-collect-wgs-metrics,15360,1662,6242.578578066915,6242.578578066915,Statistical_P95,4580.578578066915,FALSE,1650,0,0
picard-collect-wgs-metrics,15360,1579,5084.970695897022,5084.970695897022,Statistical_P95,3505.970695897022,FALSE,1631,0,0
picard-collect-wgs-metrics,15360,1637,1879.9753107257936,1879.9753107257936,Statistical_P95,242.97531072579363,FALSE,1649,0,0
picard-collect-wgs-metrics,15360,1630,3039.198716452742,3039.198716452742,Statistical_P95,1409.1987164527418,FALSE,1815,0,0
picard-collect-wgs-metrics,15360,1599,2101.405274685161,2101.405274685161,Statistical_P95,502.4052746851612,FALSE,1827,0,0
picard-collect-wgs-metrics,15360,1655,27158.77880184332,27158.77880184332,Statistical_P95,25503.77880184332,FALSE,1746,0,0
picard-collect-wgs-metrics,15360,1677,3092.677605274351,3092.677605274351,Statistical_P95,1415.6776052743512,FALSE,1629,0,0
picard-collect-wgs-metrics,15360,1421,2359.2828504306954,2359.2828504306954,Statistical_P95,938.2828504306954,FALSE,1668,0,0
picard-collect-wgs-metrics,15360,1705,2718.4874361158422,2718.4874361158422,Statistical_P95,1013.4874361158422,FALSE,1789,0,0
picard-collect-wgs-metrics,15360,1674,2980.1553613302067,2980.1553613302067,Statistical_P95,1306.1553613302067,FALSE,1700,0,0
picard-collect-wgs-metrics,18182,1450,1606.7137254901959,1606.7137254901959,Statistical_P95,156.71372549019588,FALSE,1896,0,0
picard-collect-wgs-metrics,18182,1500,3045.367066020902,3045.367066020902,Statistical_P95,1545.3670660209018,FALSE,1936,0,0
picard-collect-wgs-metrics,18182,1550,2684.6481436544505,2684.6481436544505,Statistical_P95,1134.6481436544505,FALSE,2053,0,0
picard-collect-wgs-metrics,18182,1540,1764.4609616951911,1764.4609616951911,Statistical_P95,224.46096169519114,FALSE,1990,0,0
picard-collect-wgs-metrics,18182,1602,2085.494842105262,2085.494842105262,Statistical_P95,483.4948421052618,FALSE,1921,0,0
picard-collect-wgs-metrics,18182,1706,4542.629770229771,4542.629770229771,Statistical_P95,2836.6297702297707,FALSE,1841,0,0
picard-collect-wgs-metrics,18182,1696,7189.763440860215,7189.763440860215,Statistical_P95,5493.763440860215,FALSE,1914,0,0
picard-collect-wgs-metrics,18182,1773,6659.501696096654,6659.501696096654,Statistical_P95,4886.501696096654,FALSE,2003,0,0
picard-collect-wgs-metrics,18182,1753,2673.290505706416,2673.290505706416,Statistical_P95,920.2905057064158,FALSE,1901,0,0
picard-collect-wgs-metrics,18182,1660,1123.1407635942917,4020.200716552997,Statistical_P95,2360.200716552997,FALSE,2123,2115,1
picard-collect-wgs-metrics,18182,1708,2050.6880713489395,2050.6880713489395,Statistical_P95,342.6880713489395,FALSE,2104,0,0
picard-collect-wgs-metrics,18182,1622,5904.775553,5904.775553,Statistical_P95,4282.775553,FALSE,2002,0,0
picard-collect-wgs-metrics,18182,1833,1758.0527170804248,4020.200716552997,Statistical_P95,2187.200716552997,FALSE,1866,1859,1
picard-collect-wgs-metrics,18182,1687,2283.1822683955634,2283.1822683955634,Statistical_P95,596.1822683955634,FALSE,1912,0,0
picard-collect-wgs-metrics,18182,1580,2569.486662594176,2569.486662594176,Statistical_P95,989.4866625941759,FALSE,1864,0,0
picard-collect-wgs-metrics,18182,1668,2793.1139138240574,2793.1139138240574,Statistical_P95,1125.1139138240574,FALSE,1954,0,0
picard-collect-wgs-metrics,18182,1700,2906.845941686367,2906.845941686367,Statistical_P95,1206.845941686367,FALSE,1958,0,0
picard-collect-wgs-metrics,18182,1496,2208.168499534017,2208.168499534017,Statistical_P95,712.1684995,FALSE,2058,0,0
picard-collect-wgs-metrics,18182,1713,3078.372042157751,3078.372042157751,Statistical_P95,1365.372042157751,FALSE,1909,0,0
picard-collect-wgs-metrics,18182,1620,26397.512528473795,26397.512528473795,Statistical_P95,24777.512528473795,FALSE,2039,0,0
picard-collect-wgs-metrics,18182,1681,2590.3133666394783,2590.3133666394783,Statistical_P95,909.3133666394783,FALSE,1876,0,0
picard-collect-wgs-metrics,18182,1598,3508.252621465824,3508.252621465824,Statistical_P95,1910.2526214658242,FALSE,1855,0,0
picard-collect-wgs-metrics,18182,1885,3015.819674744898,3015.819674744898,Statistical_P95,1130.8196747448978,FALSE,1899,0,0
picard-collect-wgs-metrics,18182,1762,5674.2991552695075,5674.2991552695075,Statistical_P95,3912.2991552695075,FALSE,1913,0,0
picard-collect-wgs-metrics,18182,1624,2352.933149931222,2352.933149931222,Statistical_P95,728.9331499,FALSE,1883,0,0
picard-collect-wgs-metrics,18182,1762,3197.0837826273005,3197.0837826273005,Statistical_P95,1435.0837826273005,FALSE,1906,0,0
picard-collect-wgs-metrics,18182,1697,3281.812435928728,3281.812435928728,Statistical_P95,1584.812435928728,FALSE,1875,0,0
picard-collect-wgs-metrics,18182,1872,8479.047238,8479.047238,Statistical_P95,6607.047238,FALSE,1871,0,0
picard-collect-wgs-metrics,18182,1722,2906.261797,2906.261797,Statistical_P95,1184.261797,FALSE,2034,0,0
picard-collect-wgs-metrics,18182,1515,1936.6334882058607,1936.6334882058607,Statistical_P95,421.63348820586066,FALSE,1880,0,0