tool_name,input_size,actual_memory_bytes,predicted_memory_bytes,total_allocated_bytes,method_name,wastage_mb,failed,exec_time_s,retry_penalty_time_s,num_retries
fastqc,5113.0,666.0,794.2809558291094,794.2809558291094,FAMR_1,128.28095582910942,False,441,0,0
fastqc,5128.0,625.0,652.87558685446,652.87558685446,FAMR_1,27.87558685446004,False,432,0,0
fastqc,5113.0,796.0,1073.6467065868262,1073.6467065868262,FAMR_1,277.6467065868262,False,445,0,0
fastqc,5128.0,645.0,926.6938775510204,926.6938775510204,FAMR_1,281.69387755102036,False,439,0,0
fastqc,5113.0,669.0,777.7234600262123,777.7234600262123,FAMR_1,108.72346002621225,False,387,0,0
fastqc,5128.0,638.0,621.1194029850747,1242.2388059701493,FAMR_1,604.2388059701493,False,429,426,1
fastqc,5113.0,580.0,620.2716981132075,620.2716981132075,FAMR_1,40.27169811320755,False,449,0,0
fastqc,5128.0,674.0,734.6946826758149,734.6946826758149,FAMR_1,60.694682675814875,False,460,0,0
fastqc,5113.0,626.0,705.8361486486486,705.8361486486486,FAMR_1,79.83614864864865,False,441,0,0
fastqc,5128.0,781.0,944.9300341296927,944.9300341296927,FAMR_1,163.93003412969267,False,437,0,0
fastqc,5113.0,706.0,950.6228070175438,950.6228070175438,FAMR_1,244.62280701754378,False,434,0,0
fastqc,5128.0,826.0,1374.4771371769384,1374.4771371769384,FAMR_1,548.4771371769384,False,419,0,0
fastqc,5113.0,674.0,1029.5748031496062,1029.5748031496062,FAMR_1,355.57480314960617,False,447,0,0
fastqc,5128.0,630.0,926.7164179104478,926.7164179104478,FAMR_1,296.71641791044783,False,474,0,0
fastqc,5113.0,671.0,897.0677126341866,897.0677126341866,FAMR_1,226.0677126341866,False,452,0,0
fastqc,5128.0,730.0,742.2639999999999,742.2639999999999,FAMR_1,12.263999999999896,False,476,0,0
fastqc,5113.0,555.0,1053.9278350515463,1053.9278350515463,FAMR_1,498.92783505154625,False,468,0,0
fastqc,5128.0,724.0,1102.8992628992628,1102.8992628992628,FAMR_1,378.8992628992628,False,445,0,0
fastqc,5113.0,748.0,963.3642143505904,963.3642143505904,FAMR_1,215.36421435059037,False,462,0,0
fastqc,5128.0,804.0,769.2554965883244,1538.5109931766488,FAMR_1,734.5109931766488,False,480,477,1
fastqc,5113.0,785.0,895.6986477784933,895.6986477784933,FAMR_1,110.6986477784933,False,457,0,0
fastqc,5128.0,723.0,737.6119644300727,737.6119644300727,FAMR_1,14.611964430072703,False,446,0,0
fastqc,5113.0,737.0,866.5374653098982,866.5374653098982,FAMR_1,129.53746530989815,False,490,0,0
fastqc,5128.0,637.0,863.141791044776,863.141791044776,FAMR_1,226.14179104477603,False,458,0,0
fastqc,5113.0,707.0,1015.5928338762214,1015.5928338762214,FAMR_1,308.59283387622145,False,480,0,0
fastqc,5128.0,675.0,866.5818921668363,866.5818921668363,FAMR_1,191.58189216683627,False,474,0,0
fastqc,5113.0,638.0,788.7393199651265,788.7393199651265,FAMR_1,150.73931996512647,False,441,0,0
fastqc,5128.0,688.0,1003.6634189548272,1003.6634189548272,FAMR_1,315.6634189548272,False,456,0,0
fastqc,5113.0,669.0,881.2922755741126,881.2922755741126,FAMR_1,212.29227557411264,False,489,0,0
fastqc,5128.0,701.0,1184.328373015873,1184.328373015873,FAMR_1,483.328373015873,False,481,0,0
fastqc,5113.0,738.0,938.4971098265896,938.4971098265896,FAMR_1,200.49710982658962,False,449,0,0
fastqc,5128.0,689.0,897.3353973168214,897.3353973168214,FAMR_1,208.3353973168214,False,449,0,0
fastqc,5113.0,706.0,837.0578358208954,837.0578358208954,FAMR_1,131.05783582089543,False,486,0,0
fastqc,5128.0,725.0,1026.6423357664232,1026.6423357664232,FAMR_1,301.64233576642323,False,494,0,0
fastqc,5113.0,571.0,709.3267605633802,709.3267605633802,FAMR_1,138.32676056338016,False,474,0,0
fastqc,5128.0,759.0,1134.4627659574467,1134.4627659574467,FAMR_1,375.46276595744666,False,488,0,0
fastqc,5113.0,723.0,748.9266503667482,748.9266503667482,FAMR_1,25.926650366748163,False,465,0,0
fastqc,5128.0,706.0,943.775471698113,943.775471698113,FAMR_1,237.77547169811305,False,461,0,0
fastqc,5113.0,742.0,839.5080815179198,839.5080815179198,FAMR_1,97.50808151791978,False,465,0,0
fastqc,5128.0,645.0,808.0823863636364,808.0823863636364,FAMR_1,163.08238636363637,False,463,0,0
fastqc,5113.0,722.0,1133.2405529953917,1133.2405529953917,FAMR_1,411.2405529953917,False,463,0,0
fastqc,5128.0,750.0,1052.872606161532,1052.872606161532,FAMR_1,302.8726061615321,False,435,0,0
fastqc,5113.0,739.0,1011.2021943573668,1011.2021943573668,FAMR_1,272.2021943573668,False,452,0,0
fastqc,5128.0,710.0,717.5224123879381,717.5224123879381,FAMR_1,7.522412387938061,False,456,0,0
fastqc,5113.0,642.0,777.4218750000001,777.4218750000001,FAMR_1,135.4218750000001,False,461,0,0
fastqc,5128.0,687.0,780.5489361702126,780.5489361702126,FAMR_1,93.54893617021264,False,449,0,0
fastqc,5113.0,717.0,793.9004629629629,793.9004629629629,FAMR_1,76.90046296296293,False,402,0,0
fastqc,5128.0,656.0,708.3319903303787,708.3319903303787,FAMR_1,52.331990330378744,False,424,0,0
fastqc,5113.0,649.0,847.9881217520416,847.9881217520416,FAMR_1,198.9881217520416,False,431,0,0
fastqc,5128.0,782.0,951.5996074582924,951.5996074582924,FAMR_1,169.59960745829244,False,456,0,0
fastqc,5113.0,735.0,1006.2431587177482,1006.2431587177482,FAMR_1,271.2431587177482,False,451,0,0
fastqc,5128.0,658.0,819.4423791821562,819.4423791821562,FAMR_1,161.44237918215617,False,467,0,0
fastqc,5113.0,651.0,822.0510046367853,822.0510046367853,FAMR_1,171.05100463678525,False,447,0,0
fastqc,5128.0,674.0,973.7317647058825,973.7317647058825,FAMR_1,299.7317647058825,False,490,0,0
fastqc,5113.0,638.0,800.2884615384615,800.2884615384615,FAMR_1,162.28846153846155,False,456,0,0
fastqc,5128.0,685.0,872.5168287210172,872.5168287210172,FAMR_1,187.5168287210172,False,469,0,0
fastqc,5113.0,706.0,876.294921875,876.294921875,FAMR_1,170.294921875,False,466,0,0
fastqc,5128.0,712.0,1285.2591006423984,1285.2591006423984,FAMR_1,573.2591006423984,False,457,0,0
fastqc,5113.0,711.0,818.8483146067416,818.8483146067416,FAMR_1,107.84831460674161,False,455,0,0
fastqc,5128.0,656.0,1024.4225352112676,1024.4225352112676,FAMR_1,368.4225352112676,False,473,0,0
fastqc,7669.0,678.0,1223.8843683083512,1223.8843683083512,FAMR_1,545.8843683083512,False,632,0,0
fastqc,7692.0,721.0,936.223880597015,936.223880597015,FAMR_1,215.22388059701495,False,573,0,0
fastqc,7669.0,654.0,874.3402146985962,874.3402146985962,FAMR_1,220.34021469859624,False,694,0,0
fastqc,7692.0,679.0,678.4661949685534,1356.9323899371068,FAMR_1,677.9323899371068,False,646,642,1
fastqc,7669.0,637.0,1156.7133406835724,1156.7133406835724,FAMR_1,519.7133406835724,False,701,0,0
fastqc,7692.0,666.0,911.3134796238244,911.3134796238244,FAMR_1,245.31347962382438,False,662,0,0
fastqc,7669.0,542.0,810.2440677966102,810.2440677966102,FAMR_1,268.24406779661024,False,671,0,0
fastqc,7692.0,683.0,1051.9367521367524,1051.9367521367524,FAMR_1,368.9367521367524,False,639,0,0
fastqc,7669.0,631.0,610.4239130434783,1220.8478260869565,FAMR_1,589.8478260869565,False,641,637,1
fastqc,7692.0,617.0,672.5617495711836,672.5617495711836,FAMR_1,55.561749571183555,False,664,0,0
fastqc,7669.0,719.0,1214.7390873015875,1214.7390873015875,FAMR_1,495.73908730158746,False,632,0,0
fastqc,7692.0,709.0,1081.9322853688027,1081.9322853688027,FAMR_1,372.9322853688027,False,655,0,0
fastqc,7669.0,789.0,914.3192868719611,914.3192868719611,FAMR_1,125.31928687196114,False,618,0,0
fastqc,7692.0,765.0,901.6471449487556,901.6471449487556,FAMR_1,136.64714494875557,False,622,0,0
fastqc,7669.0,672.0,813.0511945392491,813.0511945392491,FAMR_1,141.05119453924908,False,643,0,0
fastqc,7692.0,678.0,842.2478873239435,842.2478873239435,FAMR_1,164.24788732394347,False,653,0,0
fastqc,7669.0,718.0,921.7863682604273,921.7863682604273,FAMR_1,203.78636826042725,False,620,0,0
fastqc,7692.0,650.0,815.3409090909091,815.3409090909091,FAMR_1,165.34090909090912,False,615,0,0
fastqc,7669.0,707.0,910.6203208556149,910.6203208556149,FAMR_1,203.62032085561486,False,586,0,0
fastqc,7692.0,696.0,1136.8432835820895,1136.8432835820895,FAMR_1,440.8432835820895,False,651,0,0
fastqc,7669.0,664.0,824.1640625,824.1640625,FAMR_1,160.1640625,False,609,0,0
fastqc,7692.0,759.0,931.5,931.5,FAMR_1,172.5,False,640,0,0
fastqc,7669.0,619.0,879.5182608695652,879.5182608695652,FAMR_1,260.5182608695652,False,686,0,0
fastqc,7692.0,740.0,907.4602076124568,907.4602076124568,FAMR_1,167.46020761245677,False,724,0,0
fastqc,7669.0,708.0,1178.1232604373756,1178.1232604373756,FAMR_1,470.1232604373756,False,674,0,0
fastqc,7692.0,711.0,957.3552631578949,957.3552631578949,FAMR_1,246.3552631578949,False,652,0,0
fastqc,7669.0,752.0,797.8230383973288,797.8230383973288,FAMR_1,45.82303839732879,False,619,0,0
fastqc,7692.0,707.0,899.0751445086704,899.0751445086704,FAMR_1,192.0751445086704,False,616,0,0
fastqc,7669.0,668.0,970.7548387096774,970.7548387096774,FAMR_1,302.7548387096774,False,664,0,0
fastqc,7692.0,668.0,787.9577464788733,787.9577464788733,FAMR_1,119.95774647887333,False,705,0,0
fastqc,7669.0,642.0,799.5167286245353,799.5167286245353,FAMR_1,157.5167286245353,False,685,0,0
fastqc,7692.0,657.0,966.4328358208955,966.4328358208955,FAMR_1,309.43283582089555,False,634,0,0
fastqc,7669.0,641.0,722.7491554054055,722.7491554054055,FAMR_1,81.74915540540553,False,692,0,0
fastqc,7692.0,678.0,1029.642671292281,1029.642671292281,FAMR_1,351.64267129228097,False,690,0,0
fastqc,7669.0,771.0,1064.150895140665,1064.150895140665,FAMR_1,293.15089514066494,False,628,0,0
fastqc,7692.0,783.0,1025.855614973262,1025.855614973262,FAMR_1,242.85561497326194,False,663,0,0
fastqc,7669.0,660.0,941.0912052117263,941.0912052117263,FAMR_1,281.09120521172633,False,668,0,0
fastqc,7692.0,606.0,616.1808000000001,616.1808000000001,FAMR_1,10.18080000000009,False,692,0,0
fastqc,7669.0,652.0,658.9079054604726,658.9079054604726,FAMR_1,6.907905460472648,False,550,0,0
fastqc,7692.0,715.0,732.492354740061,732.492354740061,FAMR_1,17.492354740061046,False,556,0,0
fastqc,7669.0,700.0,757.5544624033731,757.5544624033731,FAMR_1,57.55446240337312,False,631,0,0
fastqc,7692.0,763.0,865.6917900403769,865.6917900403769,FAMR_1,102.69179004037687,False,641,0,0
fastqc,7669.0,762.0,862.116788321168,862.116788321168,FAMR_1,100.11678832116797,False,634,0,0
fastqc,7692.0,742.0,983.6842105263157,983.6842105263157,FAMR_1,241.68421052631572,False,632,0,0
fastqc,7669.0,630.0,799.4318181818182,799.4318181818182,FAMR_1,169.43181818181824,False,651,0,0
fastqc,7692.0,590.0,847.6734693877551,847.6734693877551,FAMR_1,257.67346938775506,False,648,0,0
fastqc,7669.0,655.0,781.1622013034033,781.1622013034033,FAMR_1,126.16220130340332,False,693,0,0
fastqc,7692.0,676.0,820.0173913043479,820.0173913043479,FAMR_1,144.01739130434794,False,677,0,0
fastqc,7669.0,646.0,735.1749598715892,735.1749598715892,FAMR_1,89.17495987158918,False,648,0,0
fastqc,7692.0,648.0,887.8674033149172,887.8674033149172,FAMR_1,239.86740331491717,False,682,0,0
fastqc,7669.0,700.0,873.7856592135698,873.7856592135698,FAMR_1,173.78565921356983,False,668,0,0
fastqc,7692.0,707.0,738.5328638497652,738.5328638497652,FAMR_1,31.53286384976525,False,722,0,0
fastqc,7669.0,695.0,773.5804020100503,773.5804020100503,FAMR_1,78.5804020100503,False,632,0,0
fastqc,7692.0,658.0,859.7475872308835,859.7475872308835,FAMR_1,201.74758723088348,False,617,0,0
fastqc,7669.0,645.0,875.715396578538,875.715396578538,FAMR_1,230.71539657853805,False,675,0,0
fastqc,7692.0,692.0,806.0147948890383,806.0147948890383,FAMR_1,114.01479488903828,False,673,0,0
fastqc,7669.0,671.0,969.6407377706495,969.6407377706495,FAMR_1,298.6407377706495,False,683,0,0
fastqc,7692.0,669.0,902.3488023952095,902.3488023952095,FAMR_1,233.34880239520953,False,661,0,0
fastqc,7669.0,654.0,833.0306656694091,833.0306656694091,FAMR_1,179.03066566940913,False,678,0,0
fastqc,7692.0,769.0,796.5762021189893,796.5762021189893,FAMR_1,27.576202118989272,False,631,0,0
fastqc,9078.0,622.0,950.1417322834645,950.1417322834645,FAMR_1,328.14173228346453,False,747,0,0
fastqc,9105.0,695.0,942.1350931677019,942.1350931677019,FAMR_1,247.13509316770194,False,728,0,0
fastqc,9078.0,636.0,655.6465517241379,655.6465517241379,FAMR_1,19.646551724137908,False,817,0,0
fastqc,9105.0,649.0,765.5457746478874,765.5457746478874,FAMR_1,116.54577464788736,False,803,0,0
fastqc,9078.0,642.0,747.7767316745125,747.7767316745125,FAMR_1,105.77673167451246,False,814,0,0
fastqc,9105.0,676.0,675.4685534591196,1350.9371069182391,FAMR_1,674.9371069182391,False,791,786,1
fastqc,9078.0,673.0,1278.00618556701,1278.00618556701,FAMR_1,605.0061855670101,False,825,0,0
fastqc,9105.0,681.0,871.9161849710982,871.9161849710982,FAMR_1,190.91618497109823,False,763,0,0
fastqc,9078.0,719.0,907.9180834621329,907.9180834621329,FAMR_1,188.91808346213293,False,827,0,0
fastqc,9105.0,786.0,1035.4491017964071,1035.4491017964071,FAMR_1,249.44910179640715,False,792,0,0
fastqc,9078.0,653.0,927.8278260869565,927.8278260869565,FAMR_1,274.8278260869565,False,814,0,0
fastqc,9105.0,617.0,757.9081942336875,757.9081942336875,FAMR_1,140.90819423368748,False,789,0,0
fastqc,9078.0,546.0,679.8504672897195,679.8504672897195,FAMR_1,133.85046728971952,False,824,0,0
fastqc,9105.0,696.0,1071.9589743589743,1071.9589743589743,FAMR_1,375.9589743589743,False,799,0,0
fastqc,9078.0,642.0,805.3059440559442,805.3059440559442,FAMR_1,163.30594405594422,False,817,0,0
fastqc,9105.0,670.0,872.5902992776057,872.5902992776057,FAMR_1,202.5902992776057,False,784,0,0
fastqc,9078.0,659.0,758.9606741573034,758.9606741573034,FAMR_1,99.9606741573034,False,814,0,0
fastqc,9105.0,698.0,822.6793557833089,822.6793557833089,FAMR_1,124.67935578330889,False,772,0,0
fastqc,9078.0,693.0,840.6391304347827,840.6391304347827,FAMR_1,147.63913043478271,False,810,0,0
fastqc,9105.0,642.0,654.9749393694422,654.9749393694422,FAMR_1,12.974939369442154,False,806,0,0
fastqc,9078.0,677.0,1143.780753968254,1143.780753968254,FAMR_1,466.780753968254,False,832,0,0
fastqc,9105.0,634.0,756.1173062997827,756.1173062997827,FAMR_1,122.11730629978274,False,780,0,0
fastqc,9078.0,706.0,1020.2181234963914,1020.2181234963914,FAMR_1,314.2181234963914,False,817,0,0
fastqc,9105.0,713.0,862.6569965870307,862.6569965870307,FAMR_1,149.65699658703068,False,792,0,0
fastqc,9078.0,719.0,796.1149691358025,796.1149691358025,FAMR_1,77.11496913580254,False,650,0,0
fastqc,9105.0,685.0,922.3464912280702,922.3464912280702,FAMR_1,237.34649122807025,False,652,0,0
fastqc,9078.0,694.0,848.2879045996593,848.2879045996593,FAMR_1,154.28790459965933,False,667,0,0
fastqc,9105.0,750.0,1080.6451612903227,1080.6451612903227,FAMR_1,330.6451612903227,False,633,0,0
fastqc,9078.0,704.0,746.89816360601,746.89816360601,FAMR_1,42.89816360601003,False,752,0,0
fastqc,9105.0,716.0,1020.9413680781759,1020.9413680781759,FAMR_1,304.94136807817586,False,701,0,0
fastqc,9078.0,756.0,1019.6946107784432,1019.6946107784432,FAMR_1,263.69461077844323,False,737,0,0
fastqc,9105.0,738.0,986.6407927332783,986.6407927332783,FAMR_1,248.64079273327832,False,721,0,0
fastqc,9078.0,675.0,680.2141853932584,680.2141853932584,FAMR_1,5.21418539325839,False,742,0,0
fastqc,9105.0,790.0,1078.4899845916796,1078.4899845916796,FAMR_1,288.48998459167956,False,717,0,0
fastqc,9078.0,662.0,821.6816406249999,821.6816406249999,FAMR_1,159.6816406249999,False,773,0,0
fastqc,9105.0,689.0,698.0065359477123,698.0065359477123,FAMR_1,9.006535947712337,False,731,0,0
fastqc,9078.0,709.0,903.0867614061332,903.0867614061332,FAMR_1,194.08676140613318,False,779,0,0
fastqc,9105.0,739.0,1087.0530679933665,1087.0530679933665,FAMR_1,348.05306799336654,False,746,0,0
fastqc,9078.0,696.0,792.0770465489566,792.0770465489566,FAMR_1,96.07704654895656,False,774,0,0
fastqc,9105.0,729.0,927.0520231213873,927.0520231213873,FAMR_1,198.05202312138726,False,739,0,0
fastqc,9078.0,649.0,867.5783018867925,867.5783018867925,FAMR_1,218.57830188679247,False,783,0,0
fastqc,9105.0,731.0,1092.6117021276596,1092.6117021276596,FAMR_1,361.61170212765956,False,732,0,0
fastqc,9078.0,657.0,1026.90756302521,1026.90756302521,FAMR_1,369.90756302521004,False,772,0,0
fastqc,9105.0,761.0,1159.2628992628993,1159.2628992628993,FAMR_1,398.2628992628993,False,736,0,0
fastqc,9078.0,663.0,853.8910081743869,853.8910081743869,FAMR_1,190.8910081743869,False,774,0,0
fastqc,9105.0,650.0,944.5967741935484,944.5967741935484,FAMR_1,294.5967741935484,False,739,0,0
fastqc,9078.0,708.0,766.2122276879832,766.2122276879832,FAMR_1,58.21222768798316,False,778,0,0
fastqc,9105.0,650.0,1073.5955056179776,1073.5955056179776,FAMR_1,423.59550561797755,False,749,0,0
fastqc,9078.0,697.0,762.8243601059135,762.8243601059135,FAMR_1,65.82436010591346,False,774,0,0
fastqc,9105.0,730.0,1000.2209944751382,1000.2209944751382,FAMR_1,270.22099447513824,False,761,0,0
fastqc,9078.0,651.0,730.2773333333334,730.2773333333334,FAMR_1,79.27733333333344,False,790,0,0
fastqc,9105.0,704.0,874.5464788732395,874.5464788732395,FAMR_1,170.5464788732395,False,752,0,0
fastqc,9078.0,675.0,628.5164835164836,1257.0329670329672,FAMR_1,582.0329670329672,False,774,769,1
fastqc,9105.0,773.0,874.5620437956205,874.5620437956205,FAMR_1,101.56204379562053,False,741,0,0
fastqc,9078.0,582.0,607.2671081677704,607.2671081677704,FAMR_1,25.267108167770402,False,782,0,0
fastqc,9105.0,695.0,975.661948376353,975.661948376353,FAMR_1,280.66194837635305,False,736,0,0
fastqc,9078.0,696.0,871.9772727272727,871.9772727272727,FAMR_1,175.97727272727275,False,759,0,0
fastqc,9105.0,769.0,1003.3402366863903,1003.3402366863903,FAMR_1,234.3402366863903,False,745,0,0
fastqc,9078.0,724.0,1255.1722772277228,1255.1722772277228,FAMR_1,531.1722772277228,False,779,0,0
fastqc,9105.0,725.0,822.5773889636608,822.5773889636608,FAMR_1,97.57738896366084,False,744,0,0
fastq-cleaner,10240.0,1683.0,1696.0128865979382,1696.0128865979382,FAMR_1,13.012886597938177,False,2149,0,0
fastq-cleaner,10240.0,1683.0,1687.333905579399,1687.333905579399,FAMR_1,4.3339055793990156,False,2230,0,0
fastq-cleaner,10240.0,1684.0,1689.7621899059022,1689.7621899059022,FAMR_1,5.762189905902233,False,2207,0,0
fastq-cleaner,10240.0,1684.0,1694.1097770154377,1694.1097770154377,FAMR_1,10.109777015437658,False,2299,0,0
fastq-cleaner,10240.0,1684.0,1685.4380871050387,1685.4380871050387,FAMR_1,1.4380871050386759,False,2175,0,0
fastq-cleaner,10240.0,1683.0,1690.1984602224125,1690.1984602224125,FAMR_1,7.19846022241245,False,2192,0,0
fastq-cleaner,10240.0,1684.0,1684.0,1684.0,FAMR_1,0.0,False,2307,0,0
fastq-cleaner,10240.0,1684.0,1686.8885077186962,1686.8885077186962,FAMR_1,2.8885077186962462,False,2325,0,0
fastq-cleaner,10240.0,1684.0,1686.8860325621254,1686.8860325621254,FAMR_1,2.886032562125365,False,2316,0,0
fastq-cleaner,10240.0,1683.0,1687.401918047079,1687.401918047079,FAMR_1,4.401918047079107,False,2296,0,0
fastq-cleaner,10240.0,1684.0,1686.8737201365186,1686.8737201365186,FAMR_1,2.873720136518614,False,2181,0,0
fastq-cleaner,10240.0,1683.0,1688.7835051546394,1688.7835051546394,FAMR_1,5.7835051546394425,False,2133,0,0
fastq-cleaner,10240.0,1683.0,1690.229381443299,1690.229381443299,FAMR_1,7.229381443298962,False,2328,0,0
fastq-cleaner,10240.0,1684.0,1688.3142613151156,1688.3142613151156,FAMR_1,4.314261315115573,False,2184,0,0
fastq-cleaner,10240.0,1684.0,1685.4356351236145,1685.4356351236145,FAMR_1,1.4356351236144747,False,2279,0,0
fastq-cleaner,10240.0,1684.0,1688.336480686695,1688.336480686695,FAMR_1,4.33648068669504,False,2298,0,0
fastq-cleaner,10240.0,1684.0,1689.767123287671,1689.767123287671,FAMR_1,5.767123287670984,False,2298,0,0
fastq-cleaner,10240.0,1684.0,1698.4797936371451,1698.4797936371451,FAMR_1,14.479793637145121,False,2273,0,0
fastq-cleaner,10240.0,1683.0,1685.8744662681468,1685.8744662681468,FAMR_1,2.8744662681467616,False,2250,0,0
fastq-cleaner,10240.0,1684.0,1689.877835951134,1689.877835951134,FAMR_1,5.877835951134102,False,2199,0,0
fastq-cleaner,10240.0,1683.0,1683.0,1683.0,FAMR_1,0.0,False,2221,0,0
fastq-cleaner,10240.0,1683.0,1687.3190761334477,1687.3190761334477,FAMR_1,4.319076133447652,False,2193,0,0
fastq-cleaner,10240.0,1683.0,1691.6603773584905,1691.6603773584905,FAMR_1,8.66037735849045,False,2270,0,0
fastq-cleaner,10240.0,1683.0,1694.5471698113206,1694.5471698113206,FAMR_1,11.5471698113206,False,2309,0,0
fastq-cleaner,10240.0,1684.0,1710.2214532871972,1710.2214532871972,FAMR_1,26.221453287197164,False,2167,0,0
fastq-cleaner,10240.0,1684.0,1689.781974248927,1689.781974248927,FAMR_1,5.781974248927099,False,2158,0,0
fastq-cleaner,10240.0,1683.0,1684.4421593830336,1684.4421593830336,FAMR_1,1.4421593830336406,False,2197,0,0
fastq-cleaner,10240.0,1683.0,1683.0,1683.0,FAMR_1,0.0,False,2295,0,0
fastq-cleaner,10240.0,1683.0,1684.4372331340737,1684.4372331340737,FAMR_1,1.4372331340737219,False,2181,0,0
fastq-cleaner,10240.0,1684.0,1685.441780821918,1685.441780821918,FAMR_1,1.4417808219179733,False,2277,0,0
fastq-cleaner,15360.0,1748.0,1754.0068728522338,1754.0068728522338,FAMR_1,6.006872852233755,False,3221,0,0
fastq-cleaner,15360.0,1747.0,1752.9982832618025,1752.9982832618025,FAMR_1,5.998283261802499,False,3397,0,0
fastq-cleaner,15360.0,1748.0,1756.9948542024015,1756.9948542024015,FAMR_1,8.994854202401484,False,3196,0,0
fastq-cleaner,15360.0,1747.0,1749.983774551665,1749.983774551665,FAMR_1,2.9837745516649647,False,3161,0,0
fastq-cleaner,15360.0,1748.0,1754.1012216404888,1754.1012216404888,FAMR_1,6.101221640488802,False,3286,0,0
fastq-cleaner,15360.0,1748.0,1750.9829351535834,1750.9829351535834,FAMR_1,2.982935153583412,False,3102,0,0
fastq-cleaner,15360.0,1748.0,1760.044788975022,1760.044788975022,FAMR_1,12.044788975021902,False,3244,0,0
fastq-cleaner,15360.0,1748.0,1755.5085910652922,1755.5085910652922,FAMR_1,7.508591065292194,False,3093,0,0
fastq-cleaner,15360.0,1747.0,1757.4790059982863,1757.4790059982863,FAMR_1,10.479005998286311,False,3146,0,0
fastq-cleaner,15360.0,1747.0,1766.578448275862,1766.578448275862,FAMR_1,19.578448275862,False,3303,0,0
fastq-cleaner,15360.0,1748.0,1749.496575342466,1749.496575342466,FAMR_1,1.4965753424660306,False,3233,0,0
fastq-cleaner,15360.0,1747.0,1748.490614334471,1748.490614334471,FAMR_1,1.4906143344710472,False,3381,0,0
fastq-cleaner,15360.0,1748.0,1753.9811804961503,1753.9811804961503,FAMR_1,5.981180496150273,False,3400,0,0
fastq-cleaner,15360.0,1747.0,1751.5693112467304,1751.5693112467304,FAMR_1,4.569311246730422,False,3139,0,0
fastq-cleaner,15360.0,1748.0,1749.496575342466,1749.496575342466,FAMR_1,1.4965753424660306,False,3277,0,0
fastq-cleaner,15360.0,1747.0,1762.0214961306963,1762.0214961306963,FAMR_1,15.021496130696278,False,3207,0,0
fastq-cleaner,15360.0,1748.0,1752.4974271012009,1752.4974271012009,FAMR_1,4.497427101200856,False,3240,0,0
fastq-cleaner,15360.0,1748.0,1753.9811804961503,1753.9811804961503,FAMR_1,5.981180496150273,False,3193,0,0
fastq-cleaner,15360.0,1748.0,1755.5085910652922,1755.5085910652922,FAMR_1,7.508591065292194,False,3288,0,0
fastq-cleaner,15360.0,1748.0,1752.5012875536481,1752.5012875536481,FAMR_1,4.501287553648126,False,3186,0,0
fastq-cleaner,15360.0,1748.0,1749.5213228894693,1749.5213228894693,FAMR_1,1.5213228894692747,False,3117,0,0
fastq-cleaner,15360.0,1747.0,1751.4756618274978,1751.4756618274978,FAMR_1,4.475661827497788,False,3148,0,0
fastq-cleaner,15360.0,1747.0,1748.4893435635122,1748.4893435635122,FAMR_1,1.4893435635121932,False,3158,0,0
fastq-cleaner,15360.0,1747.0,1750.0435540069689,1750.0435540069689,FAMR_1,3.0435540069688614,False,3278,0,0
fastq-cleaner,15360.0,1748.0,1748.0000000000002,1748.0000000000002,FAMR_1,2.2737367544323206e-13,False,3208,0,0
fastq-cleaner,15360.0,1748.0,1752.4974271012009,1752.4974271012009,FAMR_1,4.497427101200856,False,3400,0,0
fastq-cleaner,15360.0,1747.0,1757.4969957081544,1757.4969957081544,FAMR_1,10.496995708154373,False,3155,0,0
fastq-cleaner,15360.0,1748.0,1750.9957155098548,1750.9957155098548,FAMR_1,2.99571550985479,False,3183,0,0
fastq-cleaner,15360.0,1747.0,1745.5106564364876,3491.021312872975,FAMR_1,1744.0213128729752,False,3297,2978,1
fastq-cleaner,15360.0,1748.0,1748.0000000000002,1748.0000000000002,FAMR_1,2.2737367544323206e-13,False,3228,0,0
fastq-cleaner,18182.0,1775.0,1778.0445969125215,1778.0445969125215,FAMR_1,3.044596912521456,False,3604,0,0
fastq-cleaner,18182.0,1775.0,1781.0944206008583,1781.0944206008583,FAMR_1,6.094420600858257,False,3949,0,0
fastq-cleaner,18182.0,1775.0,1781.195462478185,1781.195462478185,FAMR_1,6.195462478184936,False,3952,0,0
fastq-cleaner,18182.0,1775.0,1776.520994001714,1776.520994001714,FAMR_1,1.520994001713916,False,3934,0,0
fastq-cleaner,18182.0,1775.0,1791.802925989673,1791.802925989673,FAMR_1,16.802925989672985,False,3933,0,0
fastq-cleaner,18182.0,1775.0,1788.7242268041234,1788.7242268041234,FAMR_1,13.724226804123418,False,3953,0,0
fastq-cleaner,18182.0,1775.0,1778.0419880034278,1778.0419880034278,FAMR_1,3.041988003427832,False,3939,0,0
fastq-cleaner,18182.0,1775.0,1781.068376068376,1781.068376068376,FAMR_1,6.068376068375983,False,3948,0,0
fastq-cleaner,18182.0,1775.0,1773.4867860187553,3546.9735720375106,FAMR_1,1771.9735720375106,False,3945,3564,1
fastq-cleaner,18182.0,1775.0,1782.5919589392643,1782.5919589392643,FAMR_1,7.591958939264259,False,3960,0,0
fastq-cleaner,18182.0,1775.0,1775.0,1775.0,FAMR_1,0.0,False,3931,0,0
fastq-cleaner,18182.0,1775.0,1781.0996563573883,1781.0996563573883,FAMR_1,6.099656357388312,False,3943,0,0
fastq-cleaner,18182.0,1776.0,1779.0307167235492,1779.0307167235492,FAMR_1,3.030716723549176,False,3658,0,0
fastq-cleaner,18182.0,1775.0,1776.519691780822,1776.519691780822,FAMR_1,1.519691780822086,False,3624,0,0
fastq-cleaner,18182.0,1775.0,1776.5145051194543,1776.5145051194543,FAMR_1,1.5145051194542702,False,3740,0,0
fastq-cleaner,18182.0,1775.0,1775.0,1775.0,FAMR_1,0.0,False,3757,0,0
fastq-cleaner,18182.0,1775.0,1778.0419880034278,1778.0419880034278,FAMR_1,3.041988003427832,False,3759,0,0
fastq-cleaner,18182.0,1775.0,1781.0735671514112,1781.0735671514112,FAMR_1,6.0735671514112255,False,3730,0,0
fastq-cleaner,18182.0,1775.0,1776.519691780822,1776.519691780822,FAMR_1,1.519691780822086,False,3736,0,0
fastq-cleaner,18182.0,1775.0,1785.646958011997,1785.646958011997,FAMR_1,10.646958011996958,False,3734,0,0
fastq-cleaner,18182.0,1775.0,1787.188841201717,1787.188841201717,FAMR_1,12.188841201716968,False,3716,0,0
fastq-cleaner,18182.0,1774.0,1783.120822622108,1783.120822622108,FAMR_1,9.120822622108108,False,3725,0,0
fastq-cleaner,18182.0,1774.0,1778.5682403433475,1778.5682403433475,FAMR_1,4.568240343347497,False,3737,0,0
fastq-cleaner,18182.0,1775.0,1782.6311263972484,1782.6311263972484,FAMR_1,7.6311263972484085,False,3751,0,0
fastq-cleaner,18182.0,1774.0,1778.5526090675792,1778.5526090675792,FAMR_1,4.552609067579169,False,3760,0,0
fastq-cleaner,18182.0,1775.0,1776.5145051194543,1776.5145051194543,FAMR_1,1.5145051194542702,False,3760,0,0
fastq-cleaner,18182.0,1775.0,1779.5473953885569,1779.5473953885569,FAMR_1,4.547395388556879,False,3747,0,0
fastq-cleaner,18182.0,1775.0,1779.566895368782,1779.566895368782,FAMR_1,4.56689536878207,False,3748,0,0
fastq-cleaner,18182.0,1775.0,1781.0735671514112,1781.0735671514112,FAMR_1,6.0735671514112255,False,3765,0,0
fastq-cleaner,18182.0,1775.0,1790.2622527944968,1790.2622527944968,FAMR_1,15.262252794496817,False,3781,0,0
burrows-wheeler-aligner,10240.0,15243.0,15309.31827309237,15309.31827309237,FAMR_1,66.31827309237087,False,4144,0,0
burrows-wheeler-aligner,10240.0,15342.0,15384.861791290057,15384.861791290057,FAMR_1,42.861791290057226,False,4152,0,0
burrows-wheeler-aligner,10240.0,15308.0,15320.473924380705,15320.473924380705,FAMR_1,12.473924380705284,False,4343,0,0
burrows-wheeler-aligner,10240.0,15395.0,15427.35289363078,15427.35289363078,FAMR_1,32.35289363077936,False,4477,0,0
burrows-wheeler-aligner,10240.0,15224.0,15264.449020259053,15264.449020259053,FAMR_1,40.44902025905321,False,4079,0,0
burrows-wheeler-aligner,10240.0,15276.0,15301.570806829593,15301.570806829593,FAMR_1,25.570806829593494,False,4430,0,0
burrows-wheeler-aligner,10240.0,15244.0,15390.47978793903,15390.47978793903,FAMR_1,146.47978793902985,False,4291,0,0
burrows-wheeler-aligner,10240.0,15395.0,15417.595401174169,15417.595401174169,FAMR_1,22.595401174168728,False,4473,0,0
burrows-wheeler-aligner,10240.0,15248.0,15283.75745393635,15283.75745393635,FAMR_1,35.75745393635043,False,4444,0,0
burrows-wheeler-aligner,10240.0,15208.0,15300.900115568766,15300.900115568766,FAMR_1,92.90011556876561,False,4504,0,0
burrows-wheeler-aligner,10240.0,15137.0,15251.970749838396,15251.970749838396,FAMR_1,114.97074983839593,False,4278,0,0
burrows-wheeler-aligner,10240.0,15257.0,15261.970516370744,15261.970516370744,FAMR_1,4.970516370744008,False,4508,0,0
burrows-wheeler-aligner,10240.0,15299.0,15727.311886051082,15727.311886051082,FAMR_1,428.3118860510822,False,4504,0,0
burrows-wheeler-aligner,10240.0,15240.0,15229.850149850148,30459.700299700296,FAMR_1,15219.700299700296,False,4439,3963,1
burrows-wheeler-aligner,10240.0,15231.0,15425.088874366933,15425.088874366933,FAMR_1,194.08887436693294,False,4510,0,0
burrows-wheeler-aligner,10240.0,15312.0,15389.981271562347,15389.981271562347,FAMR_1,77.98127156234659,False,4479,0,0
burrows-wheeler-aligner,10240.0,15182.0,15485.344054580895,15485.344054580895,FAMR_1,303.3440545808953,False,4458,0,0
burrows-wheeler-aligner,10240.0,15247.0,15195.819213554985,30391.63842710997,FAMR_1,15144.63842710997,False,4507,4024,1
burrows-wheeler-aligner,10240.0,15251.0,15296.60099667774,15296.60099667774,FAMR_1,45.60099667774011,False,4370,0,0
burrows-wheeler-aligner,10240.0,15345.0,15281.276952563489,30562.553905126977,FAMR_1,15217.553905126977,False,4340,3875,1
burrows-wheeler-aligner,10240.0,15226.0,15221.089179164652,30442.178358329304,FAMR_1,15216.178358329304,False,4351,3885,1
burrows-wheeler-aligner,10240.0,15293.0,15308.219439376346,15308.219439376346,FAMR_1,15.21943937634569,False,4109,0,0
burrows-wheeler-aligner,10240.0,15226.0,15298.243782722513,15298.243782722513,FAMR_1,72.24378272251306,False,4443,0,0
burrows-wheeler-aligner,10240.0,15361.0,15803.984761592661,15803.984761592661,FAMR_1,442.984761592661,False,4540,0,0
burrows-wheeler-aligner,10240.0,15292.0,15345.370782782116,15345.370782782116,FAMR_1,53.370782782116294,False,4486,0,0
burrows-wheeler-aligner,10240.0,15255.0,15277.909227432005,15277.909227432005,FAMR_1,22.909227432004627,False,4343,0,0
burrows-wheeler-aligner,10240.0,15244.0,15328.86916653021,15328.86916653021,FAMR_1,84.86916653021035,False,4398,0,0
burrows-wheeler-aligner,10240.0,15225.0,15330.659286186388,15330.659286186388,FAMR_1,105.65928618638827,False,4529,0,0
burrows-wheeler-aligner,10240.0,15210.0,15179.816437903093,30359.632875806186,FAMR_1,15149.632875806186,False,4484,4003,1
burrows-wheeler-aligner,10240.0,15335.0,15391.106768667885,15391.106768667885,FAMR_1,56.10676866788526,False,4392,0,0
burrows-wheeler-aligner,15360.0,15446.0,15474.204847277559,15474.204847277559,FAMR_1,28.204847277558656,False,6374,0,0
burrows-wheeler-aligner,15360.0,15467.0,15492.812750333776,15492.812750333776,FAMR_1,25.81275033377642,False,6640,0,0
burrows-wheeler-aligner,15360.0,15409.0,15487.682095206723,15487.682095206723,FAMR_1,78.6820952067228,False,6350,0,0
burrows-wheeler-aligner,15360.0,15492.0,15456.144817325177,30912.289634650355,FAMR_1,15420.289634650355,False,6622,5912,1
burrows-wheeler-aligner,15360.0,15499.0,15655.090308733697,15655.090308733697,FAMR_1,156.09030873369738,False,6552,0,0
burrows-wheeler-aligner,15360.0,15352.0,15276.100197758735,30552.20039551747,FAMR_1,15200.20039551747,False,6579,5874,1
burrows-wheeler-aligner,15360.0,15334.0,15400.714190093708,15400.714190093708,FAMR_1,66.71419009370766,False,6610,0,0
burrows-wheeler-aligner,15360.0,15390.0,15410.150572831426,15410.150572831426,FAMR_1,20.15057283142596,False,6198,0,0
burrows-wheeler-aligner,15360.0,15402.0,15414.597742515949,15414.597742515949,FAMR_1,12.597742515948994,False,6391,0,0
burrows-wheeler-aligner,15360.0,15394.0,15448.213315445248,15448.213315445248,FAMR_1,54.213315445247645,False,6548,0,0
burrows-wheeler-aligner,15360.0,15445.0,15740.81399123519,15740.81399123519,FAMR_1,295.81399123519077,False,6288,0,0
burrows-wheeler-aligner,15360.0,15342.0,15390.429639474994,15390.429639474994,FAMR_1,48.429639474994474,False,6479,0,0
burrows-wheeler-aligner,15360.0,15353.0,15452.861074049368,15452.861074049368,FAMR_1,99.86107404936774,False,6378,0,0
burrows-wheeler-aligner,15360.0,15422.0,15496.876611418047,15496.876611418047,FAMR_1,74.8766114180471,False,6506,0,0
burrows-wheeler-aligner,15360.0,15510.0,15684.123659517427,15684.123659517427,FAMR_1,174.12365951742686,False,6492,0,0
burrows-wheeler-aligner,15360.0,15421.0,15553.194526871084,15553.194526871084,FAMR_1,132.19452687108424,False,6270,0,0
burrows-wheeler-aligner,15360.0,15429.0,15467.07122882053,15467.07122882053,FAMR_1,38.07122882053045,False,6639,0,0
burrows-wheeler-aligner,15360.0,15387.0,15429.98751027116,15429.98751027116,FAMR_1,42.98751027115941,False,6534,0,0
burrows-wheeler-aligner,15360.0,15397.0,15835.833415233414,15835.833415233414,FAMR_1,438.8334152334137,False,6647,0,0
burrows-wheeler-aligner,15360.0,15377.0,15409.315066278692,15409.315066278692,FAMR_1,32.31506627869203,False,6080,0,0
burrows-wheeler-aligner,15360.0,15513.0,15502.864096700423,31005.728193400846,FAMR_1,15492.728193400846,False,6163,5502,1
burrows-wheeler-aligner,15360.0,15439.0,15381.928801028607,30763.857602057215,FAMR_1,15324.857602057215,False,6594,5887,1
burrows-wheeler-aligner,15360.0,15433.0,15470.931345240044,15470.931345240044,FAMR_1,37.93134524004381,False,6194,0,0
burrows-wheeler-aligner,15360.0,15432.0,15491.008478802993,15491.008478802993,FAMR_1,59.00847880299261,False,6649,0,0
burrows-wheeler-aligner,15360.0,15359.0,15354.027035777886,30708.054071555773,FAMR_1,15349.054071555773,False,6698,5980,1
burrows-wheeler-aligner,15360.0,15353.0,15368.36324216144,15368.36324216144,FAMR_1,15.363242161440212,False,6761,0,0
burrows-wheeler-aligner,15360.0,15442.0,15971.062098501072,15971.062098501072,FAMR_1,529.0620985010719,False,6428,0,0
burrows-wheeler-aligner,15360.0,15436.0,15518.132860367623,15518.132860367623,FAMR_1,82.13286036762292,False,6560,0,0
burrows-wheeler-aligner,15360.0,15370.0,15466.744673983218,15466.744673983218,FAMR_1,96.74467398321758,False,6726,0,0
burrows-wheeler-aligner,15360.0,15449.0,15454.005345861007,15454.005345861007,FAMR_1,5.005345861007299,False,6561,0,0
burrows-wheeler-aligner,18182.0,15472.0,15546.669329339324,15546.669329339324,FAMR_1,74.66932933932367,False,7274,0,0
burrows-wheeler-aligner,18182.0,15500.0,15505.049682358691,15505.049682358691,FAMR_1,5.049682358690916,False,7987,0,0
burrows-wheeler-aligner,18182.0,15371.0,15477.67250495704,15477.67250495704,FAMR_1,106.67250495703956,False,7899,0,0
burrows-wheeler-aligner,18182.0,15459.0,15618.345058900524,15618.345058900524,FAMR_1,159.34505890052424,False,7857,0,0
burrows-wheeler-aligner,18182.0,15457.0,15403.91790678659,30807.83581357318,FAMR_1,15350.83581357318,False,7950,7098,1
burrows-wheeler-aligner,18182.0,15413.0,15330.093887530562,30660.187775061124,FAMR_1,15247.187775061124,False,7856,7014,1
burrows-wheeler-aligner,18182.0,15567.0,15559.340331310479,31118.680662620958,FAMR_1,15551.680662620958,False,7759,6927,1
burrows-wheeler-aligner,18182.0,15427.0,15505.566945950386,15505.566945950386,FAMR_1,78.56694595038607,False,7821,0,0
burrows-wheeler-aligner,18182.0,15444.0,15561.302521008403,15561.302521008403,FAMR_1,117.30252100840335,False,7875,0,0
burrows-wheeler-aligner,18182.0,15431.0,15488.466483160619,15488.466483160619,FAMR_1,57.466483160618736,False,8143,0,0
burrows-wheeler-aligner,18182.0,15496.0,15511.421462929176,15511.421462929176,FAMR_1,15.421462929176414,False,8189,0,0
burrows-wheeler-aligner,18182.0,15538.0,15560.591599353796,15560.591599353796,FAMR_1,22.591599353796482,False,7772,0,0
burrows-wheeler-aligner,18182.0,15485.0,15517.97379197379,15517.97379197379,FAMR_1,32.97379197379087,False,7610,0,0
burrows-wheeler-aligner,18182.0,15443.0,15510.188420348059,15510.188420348059,FAMR_1,67.18842034805857,False,7669,0,0
burrows-wheeler-aligner,18182.0,15510.0,15554.188034188037,15554.188034188037,FAMR_1,44.18803418803691,False,7906,0,0
burrows-wheeler-aligner,18182.0,15500.0,15495.000806321561,30990.001612643122,FAMR_1,15490.001612643122,False,7903,7056,1
burrows-wheeler-aligner,18182.0,15492.0,15933.541031941033,15933.541031941033,FAMR_1,441.541031941033,False,7706,0,0
burrows-wheeler-aligner,18182.0,15448.0,15950.993586581157,15950.993586581157,FAMR_1,502.9935865811567,False,7818,0,0
burrows-wheeler-aligner,18182.0,15385.0,15413.093459495352,15413.093459495352,FAMR_1,28.093459495352363,False,7672,0,0
burrows-wheeler-aligner,18182.0,15412.0,15424.558670143419,15424.558670143419,FAMR_1,12.558670143418567,False,7752,0,0
burrows-wheeler-aligner,18182.0,15533.0,15588.322324753117,15588.322324753117,FAMR_1,55.322324753116845,False,7892,0,0
burrows-wheeler-aligner,18182.0,15516.0,15565.003324468085,15565.003324468085,FAMR_1,49.00332446808534,False,7815,0,0
burrows-wheeler-aligner,18182.0,15442.0,15477.887782204514,15477.887782204514,FAMR_1,35.887782204514224,False,7638,0,0
burrows-wheeler-aligner,18182.0,15451.0,15438.209437086092,30876.418874172185,FAMR_1,15425.418874172185,False,7683,6859,1
burrows-wheeler-aligner,18182.0,15494.0,15519.857810413883,15519.857810413883,FAMR_1,25.85781041388327,False,7704,0,0
burrows-wheeler-aligner,18182.0,15423.0,15463.977748256395,15463.977748256395,FAMR_1,40.97774825639499,False,7855,0,0
burrows-wheeler-aligner,18182.0,15436.0,15530.292884266137,15530.292884266137,FAMR_1,94.29288426613675,False,7708,0,0
burrows-wheeler-aligner,18182.0,15384.0,15467.650024715767,15467.650024715767,FAMR_1,83.65002471576736,False,7894,0,0
burrows-wheeler-aligner,18182.0,15482.0,15791.338206627677,15791.338206627677,FAMR_1,309.3382066276772,False,7739,0,0
burrows-wheeler-aligner,18182.0,15490.0,15663.899128686326,15663.899128686326,FAMR_1,173.89912868632564,False,7568,0,0
picard-markduplicate,10240.0,57210.0,61204.90282800994,61204.90282800994,FAMR_1,3994.9028280099374,False,5618,0,0
picard-markduplicate,10240.0,43045.0,46488.399413626394,46488.399413626394,FAMR_1,3443.3994136263937,False,5593,0,0
picard-markduplicate,10240.0,50035.0,48418.760703878055,96837.52140775611,FAMR_1,46802.52140775611,False,5588,3300,1
picard-markduplicate,10240.0,55042.0,58685.142443834324,58685.142443834324,FAMR_1,3643.142443834324,False,5516,0,0
picard-markduplicate,10240.0,60015.0,69828.78375828797,69828.78375828797,FAMR_1,9813.783758287973,False,5554,0,0
picard-markduplicate,10240.0,59382.0,67913.406305523,67913.406305523,FAMR_1,8531.406305523007,False,5036,0,0
picard-markduplicate,10240.0,45435.0,46842.52963748674,46842.52963748674,FAMR_1,1407.5296374867394,False,6357,0,0
picard-markduplicate,10240.0,58006.0,59421.015495598105,59421.015495598105,FAMR_1,1415.0154955981052,False,5887,0,0
picard-markduplicate,10240.0,52401.0,58651.89719828922,58651.89719828922,FAMR_1,6250.897198289218,False,6227,0,0
picard-markduplicate,10240.0,54090.0,58507.28039436954,58507.28039436954,FAMR_1,4417.28039436954,False,6705,0,0
picard-markduplicate,10240.0,56875.0,59388.35204340236,59388.35204340236,FAMR_1,2513.3520434023594,False,6180,0,0
picard-markduplicate,10240.0,55649.0,57989.862296219224,57989.862296219224,FAMR_1,2340.862296219224,False,5446,0,0
picard-markduplicate,10240.0,47479.0,63355.76867333129,63355.76867333129,FAMR_1,15876.768673331288,False,6416,0,0
picard-markduplicate,10240.0,53733.0,54905.95858274536,54905.95858274536,FAMR_1,1172.958582745363,False,6282,0,0
picard-markduplicate,10240.0,56872.0,62586.63680875576,62586.63680875576,FAMR_1,5714.636808755757,False,8592,0,0
picard-markduplicate,10240.0,57557.0,64599.08736621468,64599.08736621468,FAMR_1,7042.087366214677,False,5917,0,0
picard-markduplicate,10240.0,41859.0,47253.65135451016,47253.65135451016,FAMR_1,5394.6513545101625,False,5747,0,0
picard-markduplicate,10240.0,57840.0,64026.23108877379,64026.23108877379,FAMR_1,6186.231088773791,False,5926,0,0
picard-markduplicate,10240.0,57338.0,61628.874881964126,61628.874881964126,FAMR_1,4290.874881964126,False,8649,0,0
picard-markduplicate,10240.0,57639.0,62585.74519555256,62585.74519555256,FAMR_1,4946.745195552561,False,6005,0,0
picard-markduplicate,10240.0,58504.0,61679.48281266774,61679.48281266774,FAMR_1,3175.4828126677385,False,5575,0,0
picard-markduplicate,10240.0,60182.0,65886.47029960065,65886.47029960065,FAMR_1,5704.470299600653,False,5456,0,0
picard-markduplicate,10240.0,49573.0,55371.315256728216,55371.315256728216,FAMR_1,5798.315256728216,False,6522,0,0
picard-markduplicate,10240.0,53844.0,76154.20215450574,76154.20215450574,FAMR_1,22310.202154505736,False,5879,0,0
picard-markduplicate,10240.0,47554.0,56788.820800057816,56788.820800057816,FAMR_1,9234.820800057816,False,5607,0,0
picard-markduplicate,10240.0,56624.0,62044.55067840053,62044.55067840053,FAMR_1,5420.5506784005265,False,5575,0,0
picard-markduplicate,10240.0,57470.0,63815.696847038766,63815.696847038766,FAMR_1,6345.696847038766,False,6008,0,0
picard-markduplicate,10240.0,56070.0,61054.702353391185,61054.702353391185,FAMR_1,4984.702353391185,False,6417,0,0
picard-markduplicate,10240.0,46646.0,61175.860976244156,61175.860976244156,FAMR_1,14529.860976244156,False,5435,0,0
picard-markduplicate,10240.0,37774.0,37529.70784810127,75059.41569620254,FAMR_1,37285.415696202544,False,6328,3737,1
picard-markduplicate,15360.0,55697.0,59443.83274171575,59443.83274171575,FAMR_1,3746.832741715749,False,7495,0,0
picard-markduplicate,15360.0,55684.0,60227.12949624441,60227.12949624441,FAMR_1,4543.129496244408,False,11357,0,0
picard-markduplicate,15360.0,58083.0,62340.821028866936,62340.821028866936,FAMR_1,4257.821028866936,False,7771,0,0
picard-markduplicate,15360.0,51141.0,55890.09818845139,55890.09818845139,FAMR_1,4749.098188451389,False,8121,0,0
picard-markduplicate,15360.0,55735.0,61733.513134404486,61733.513134404486,FAMR_1,5998.513134404486,False,7986,0,0
picard-markduplicate,15360.0,54584.0,60611.03178525777,60611.03178525777,FAMR_1,6027.031785257772,False,8252,0,0
picard-markduplicate,15360.0,55232.0,74636.45198938993,74636.45198938993,FAMR_1,19404.451989389927,False,8018,0,0
picard-markduplicate,15360.0,55800.0,63170.92939604672,63170.92939604672,FAMR_1,7370.9293960467185,False,7762,0,0
picard-markduplicate,15360.0,45400.0,49511.44461891534,49511.44461891534,FAMR_1,4111.444618915339,False,8021,0,0
picard-markduplicate,15360.0,60968.0,70937.62039782223,70937.62039782223,FAMR_1,9969.620397822233,False,8165,0,0
picard-markduplicate,15360.0,49965.0,54985.60465869816,54985.60465869816,FAMR_1,5020.604658698161,False,7735,0,0
picard-markduplicate,15360.0,59404.0,58228.747345316486,116457.49469063297,FAMR_1,57053.49469063297,False,8210,4849,1
picard-markduplicate,15360.0,38431.0,41074.2589201878,41074.2589201878,FAMR_1,2643.2589201878,False,8388,0,0
picard-markduplicate,15360.0,33206.0,37973.83182763183,37973.83182763183,FAMR_1,4767.831827631831,False,7697,0,0
picard-markduplicate,15360.0,46959.0,42150.2198519331,84300.4397038662,FAMR_1,37341.4397038662,False,7947,4694,1
picard-markduplicate,15360.0,55513.0,59953.78131370988,59953.78131370988,FAMR_1,4440.781313709878,False,7866,0,0
picard-markduplicate,15360.0,59873.0,65719.10960039467,65719.10960039467,FAMR_1,5846.109600394673,False,9411,0,0
picard-markduplicate,15360.0,45874.0,51271.68522637452,51271.68522637452,FAMR_1,5397.685226374517,False,7662,0,0
picard-markduplicate,15360.0,56636.0,63707.696870125816,63707.696870125816,FAMR_1,7071.696870125816,False,8473,0,0
picard-markduplicate,15360.0,53626.0,55044.9917576171,55044.9917576171,FAMR_1,1418.9917576170992,False,7712,0,0
picard-markduplicate,15360.0,41171.0,42990.37963918978,42990.37963918978,FAMR_1,1819.3796391897777,False,8062,0,0
picard-markduplicate,15360.0,54633.0,63832.99547044321,63832.99547044321,FAMR_1,9199.99547044321,False,7976,0,0
picard-markduplicate,15360.0,53668.0,60021.619829211486,60021.619829211486,FAMR_1,6353.619829211486,False,8153,0,0
picard-markduplicate,15360.0,60484.0,65629.89640507141,65629.89640507141,FAMR_1,5145.896405071413,False,9423,0,0
picard-markduplicate,15360.0,61305.0,63748.63870324189,63748.63870324189,FAMR_1,2443.6387032418934,False,8037,0,0
picard-markduplicate,15360.0,49393.0,50995.781118173654,50995.781118173654,FAMR_1,1602.7811181736542,False,8290,0,0
picard-markduplicate,15360.0,59074.0,75473.92816387616,75473.92816387616,FAMR_1,16399.92816387616,False,7972,0,0
picard-markduplicate,15360.0,57401.0,78997.18429153464,78997.18429153464,FAMR_1,21596.184291534635,False,9410,0,0
picard-markduplicate,15360.0,61496.0,62107.44956017219,62107.44956017219,FAMR_1,611.4495601721865,False,11880,0,0
picard-markduplicate,15360.0,50712.0,53151.985583071735,53151.985583071735,FAMR_1,2439.985583071735,False,8168,0,0
picard-markduplicate,18182.0,56244.0,61466.97722984024,61466.97722984024,FAMR_1,5222.977229840239,False,8935,0,0
picard-markduplicate,18182.0,57401.0,61445.16136363637,61445.16136363637,FAMR_1,4044.161363636369,False,9820,0,0
picard-markduplicate,18182.0,46456.0,49581.17481819751,49581.17481819751,FAMR_1,3125.1748181975126,False,9607,0,0
picard-markduplicate,18182.0,46867.0,48458.756029795695,48458.756029795695,FAMR_1,1591.7560297956952,False,10126,0,0
picard-markduplicate,18182.0,55020.0,74754.01131719585,74754.01131719585,FAMR_1,19734.01131719585,False,10435,0,0
picard-markduplicate,18182.0,57267.0,58705.85472011386,58705.85472011386,FAMR_1,1438.8547201138572,False,9779,0,0
picard-markduplicate,18182.0,42432.0,47455.41798824443,47455.41798824443,FAMR_1,5023.41798824443,False,10584,0,0
picard-markduplicate,18182.0,42963.0,47719.051660516605,47719.051660516605,FAMR_1,4756.051660516605,False,9220,0,0
picard-markduplicate,18182.0,60897.0,61726.328230294195,61726.328230294195,FAMR_1,829.3282302941952,False,10882,0,0
picard-markduplicate,18182.0,42992.0,48252.06254753204,48252.06254753204,FAMR_1,5260.062547532041,False,9428,0,0
picard-markduplicate,18182.0,47118.0,52184.23064292677,52184.23064292677,FAMR_1,5066.23064292677,False,13560,0,0
picard-markduplicate,18182.0,58667.0,68527.08712710308,68527.08712710308,FAMR_1,9860.087127103077,False,10571,0,0
picard-markduplicate,18182.0,46772.0,45674.80586345745,91349.6117269149,FAMR_1,44577.611726914896,False,8541,5044,1
picard-markduplicate,18182.0,56244.0,77827.66700045516,77827.66700045516,FAMR_1,21583.667000455156,False,9030,0,0
picard-markduplicate,18182.0,56244.0,62893.06815757531,62893.06815757531,FAMR_1,6649.0681575753115,False,9528,0,0
picard-markduplicate,18182.0,52806.0,58190.58835882399,58190.58835882399,FAMR_1,5384.5883588239885,False,9147,0,0
picard-markduplicate,18182.0,43444.0,49685.595357804414,49685.595357804414,FAMR_1,6241.595357804414,False,8935,0,0
picard-markduplicate,18182.0,55412.0,66172.81696960935,66172.81696960935,FAMR_1,10760.816969609354,False,9566,0,0
picard-markduplicate,18182.0,45364.0,49396.76853748464,49396.76853748464,FAMR_1,4032.7685374846405,False,9170,0,0
picard-markduplicate,18182.0,55124.0,59629.32108474875,59629.32108474875,FAMR_1,4505.32108474875,False,9331,0,0
picard-markduplicate,18182.0,55124.0,60204.58493650195,60204.58493650195,FAMR_1,5080.584936501953,False,10390,0,0
picard-markduplicate,18182.0,42132.0,45229.06293984533,45229.06293984533,FAMR_1,3097.062939845331,False,8871,0,0
picard-markduplicate,18182.0,52980.0,55855.65088566828,55855.65088566828,FAMR_1,2875.6508856682776,False,8995,0,0
picard-markduplicate,18182.0,58040.0,60496.680464454774,60496.680464454774,FAMR_1,2456.6804644547738,False,9478,0,0
picard-markduplicate,18182.0,60148.0,62805.98854868685,62805.98854868685,FAMR_1,2657.9885486868516,False,9458,0,0
picard-markduplicate,18182.0,48084.0,46530.78224613316,93061.56449226632,FAMR_1,44977.56449226632,False,13748,8120,1
picard-markduplicate,18182.0,56308.0,63469.63423677477,63469.63423677477,FAMR_1,7161.634236774771,False,13422,0,0
picard-markduplicate,18182.0,51051.0,55061.62058396515,55061.62058396515,FAMR_1,4010.620583965152,False,9421,0,0
picard-markduplicate,18182.0,55444.0,72360.75732747295,72360.75732747295,FAMR_1,16916.75732747295,False,10687,0,0
picard-markduplicate,18182.0,56308.0,61719.31853551834,61719.31853551834,FAMR_1,5411.318535518338,False,10324,0,0
samtools-sort-markduplicate,10240.0,20473.0,22412.160407002848,22412.160407002848,FAMR_1,1939.160407002848,False,1250,0,0
samtools-sort-markduplicate,10240.0,20392.0,20392.0,20392.0,FAMR_1,0.0,False,1213,0,0
samtools-sort-markduplicate,10240.0,20423.0,23663.7754491018,23663.7754491018,FAMR_1,3240.7754491017986,False,1255,0,0
samtools-sort-markduplicate,10240.0,20498.0,20522.555855046423,20522.555855046423,FAMR_1,24.55585504642295,False,1676,0,0
samtools-sort-markduplicate,10240.0,20433.0,20487.343085106382,20487.343085106382,FAMR_1,54.343085106382205,False,1214,0,0
samtools-sort-markduplicate,10240.0,20387.0,24079.854790419166,24079.854790419166,FAMR_1,3692.8547904191655,False,1256,0,0
samtools-sort-markduplicate,10240.0,20478.0,20587.216000000004,20587.216000000004,FAMR_1,109.21600000000399,False,1692,0,0
samtools-sort-markduplicate,10240.0,20489.0,20513.18294482148,20513.18294482148,FAMR_1,24.182944821481215,False,1539,0,0
samtools-sort-markduplicate,10240.0,20499.0,20562.605053191488,20562.605053191488,FAMR_1,63.60505319148797,False,1510,0,0
samtools-sort-markduplicate,10240.0,20508.0,20511.06868172976,20511.06868172976,FAMR_1,3.0686817297610105,False,1910,0,0
samtools-sort-markduplicate,10240.0,20445.0,20535.78596802842,20535.78596802842,FAMR_1,90.78596802842003,False,1731,0,0
samtools-sort-markduplicate,10240.0,20501.0,24195.2335230677,24195.2335230677,FAMR_1,3694.2335230677018,False,1413,0,0
samtools-sort-markduplicate,10240.0,20461.0,20782.4250448833,20782.4250448833,FAMR_1,321.42504488330087,False,1497,0,0
samtools-sort-markduplicate,10240.0,20433.0,20451.352994011977,20451.352994011977,FAMR_1,18.35299401197699,False,1249,0,0
samtools-sort-markduplicate,10240.0,20412.0,20418.10771992819,20418.10771992819,FAMR_1,6.107719928189908,False,1585,0,0
samtools-sort-markduplicate,10240.0,20467.0,22425.72592481654,22425.72592481654,FAMR_1,1958.7259248165392,False,1352,0,0
samtools-sort-markduplicate,10240.0,20400.0,20668.020304568527,20668.020304568527,FAMR_1,268.0203045685266,False,1811,0,0
samtools-sort-markduplicate,10240.0,20419.0,24171.92948237059,24171.92948237059,FAMR_1,3752.9294823705895,False,1739,0,0
samtools-sort-markduplicate,10240.0,20454.0,24166.22641509434,24166.22641509434,FAMR_1,3712.226415094341,False,1656,0,0
samtools-sort-markduplicate,10240.0,20542.0,20545.073769265302,20545.073769265302,FAMR_1,3.073769265301962,False,1538,0,0
samtools-sort-markduplicate,10240.0,20491.0,20527.843272400358,20527.843272400358,FAMR_1,36.84327240035782,False,1557,0,0
samtools-sort-markduplicate,10240.0,20515.0,20701.997554468653,20701.997554468653,FAMR_1,186.9975544686531,False,1166,0,0
samtools-sort-markduplicate,10240.0,20415.0,20421.11044597426,20421.11044597426,FAMR_1,6.110445974260074,False,1420,0,0
samtools-sort-markduplicate,10240.0,20504.0,20516.093187850194,20516.093187850194,FAMR_1,12.093187850194226,False,1225,0,0
samtools-sort-markduplicate,10240.0,20425.0,24083.893295420534,24083.893295420534,FAMR_1,3658.893295420534,False,1283,0,0
samtools-sort-markduplicate,10240.0,20447.0,20492.975865687302,20492.975865687302,FAMR_1,45.97586568730185,False,1273,0,0
samtools-sort-markduplicate,10240.0,20449.0,20643.694436179707,20643.694436179707,FAMR_1,194.69443617970683,False,1052,0,0
samtools-sort-markduplicate,10240.0,20470.0,20989.401903035796,20989.401903035796,FAMR_1,519.4019030357958,False,1811,0,0
samtools-sort-markduplicate,10240.0,20511.0,22470.57142857143,22470.57142857143,FAMR_1,1959.5714285714312,False,1361,0,0
samtools-sort-markduplicate,10240.0,20493.0,23751.99460916442,23751.99460916442,FAMR_1,3258.9946091644197,False,1415,0,0
samtools-sort-markduplicate,15360.0,20468.0,20471.062696393838,20471.062696393838,FAMR_1,3.062696393837541,False,1820,0,0
samtools-sort-markduplicate,15360.0,20487.0,20505.40149700599,20505.40149700599,FAMR_1,18.401497005990677,False,2338,0,0
samtools-sort-markduplicate,15360.0,20506.0,20530.203009737386,20530.203009737386,FAMR_1,24.20300973738631,False,2035,0,0
samtools-sort-markduplicate,15360.0,20467.0,20747.3698630137,20747.3698630137,FAMR_1,280.3698630137005,False,2034,0,0
samtools-sort-markduplicate,15360.0,20483.0,20610.563167259785,20610.563167259785,FAMR_1,127.56316725978468,False,1880,0,0
samtools-sort-markduplicate,15360.0,20418.0,22372.0365433578,22372.0365433578,FAMR_1,1954.0365433578008,False,2076,0,0
samtools-sort-markduplicate,15360.0,20447.0,24145.97017386091,24145.97017386091,FAMR_1,3698.970173860911,False,2053,0,0
samtools-sort-markduplicate,15360.0,20471.0,20477.125374027528,20477.125374027528,FAMR_1,6.125374027527869,False,1821,0,0
samtools-sort-markduplicate,15360.0,20430.0,20454.474393530996,20454.474393530996,FAMR_1,24.474393530996167,False,1883,0,0
samtools-sort-markduplicate,15360.0,20467.0,24158.72554307116,24158.72554307116,FAMR_1,3691.7255430711593,False,2013,0,0
samtools-sort-markduplicate,15360.0,20407.0,20407.0,20407.0,FAMR_1,0.0,False,1791,0,0
samtools-sort-markduplicate,15360.0,20465.0,20624.030861456482,20624.030861456482,FAMR_1,159.03086145648194,False,2378,0,0
samtools-sort-markduplicate,15360.0,20453.0,24157.80988023952,24157.80988023952,FAMR_1,3704.8098802395216,False,2091,0,0
samtools-sort-markduplicate,15360.0,20445.0,20499.375,20499.375,FAMR_1,54.375,False,1832,0,0
samtools-sort-markduplicate,15360.0,20456.0,20468.249101796406,20468.249101796406,FAMR_1,12.24910179640574,False,2204,0,0
samtools-sort-markduplicate,15360.0,20497.0,23767.30786516854,23767.30786516854,FAMR_1,3270.307865168539,False,1806,0,0
samtools-sort-markduplicate,15360.0,20401.0,21187.45433685177,21187.45433685177,FAMR_1,786.4543368517698,False,2017,0,0
samtools-sort-markduplicate,15360.0,20499.0,20712.6584276355,20712.6584276355,FAMR_1,213.6584276354988,False,1731,0,0
samtools-sort-markduplicate,15360.0,20419.0,20422.055364357326,20422.055364357326,FAMR_1,3.055364357325743,False,1913,0,0
samtools-sort-markduplicate,15360.0,20421.0,20457.728417266186,20457.728417266186,FAMR_1,36.728417266185716,False,1804,0,0
samtools-sort-markduplicate,15360.0,20472.0,24241.945069788384,24241.945069788384,FAMR_1,3769.945069788384,False,1818,0,0
samtools-sort-markduplicate,15360.0,20400.0,24065.21934421321,24065.21934421321,FAMR_1,3665.2193442132084,False,1693,0,0
samtools-sort-markduplicate,15360.0,20433.0,21335.492753623184,21335.492753623184,FAMR_1,902.4927536231844,False,1730,0,0
samtools-sort-markduplicate,15360.0,20467.0,20731.91542066503,20731.91542066503,FAMR_1,264.915420665031,False,1977,0,0
samtools-sort-markduplicate,15360.0,20411.0,20474.332003546097,20474.332003546097,FAMR_1,63.33200354609653,False,2071,0,0
samtools-sort-markduplicate,15360.0,20486.0,20525.92175086194,20525.92175086194,FAMR_1,39.92175086194038,False,2329,0,0
samtools-sort-markduplicate,15360.0,20437.0,22382.798203592814,22382.798203592814,FAMR_1,1945.7982035928144,False,1763,0,0
samtools-sort-markduplicate,15360.0,20498.0,20607.274100399824,20607.274100399824,FAMR_1,109.27410039982351,False,2073,0,0
samtools-sort-markduplicate,15360.0,20486.0,23729.667764142472,23729.667764142472,FAMR_1,3243.667764142472,False,2139,0,0
samtools-sort-markduplicate,15360.0,20415.0,20421.11044597426,20421.11044597426,FAMR_1,6.110445974260074,False,2157,0,0
samtools-sort-markduplicate,18182.0,20468.0,22423.463312368975,22423.463312368975,FAMR_1,1955.4633123689746,False,2013,0,0
samtools-sort-markduplicate,18182.0,20480.0,20522.33904311872,20522.33904311872,FAMR_1,42.33904311872175,False,2526,0,0
samtools-sort-markduplicate,18182.0,20500.0,23745.88446572883,23745.88446572883,FAMR_1,3245.884465728828,False,2808,0,0
samtools-sort-markduplicate,18182.0,20444.0,20462.3628742515,20462.3628742515,FAMR_1,18.362874251499306,False,2718,0,0
samtools-sort-markduplicate,18182.0,20439.0,20681.212397447583,20681.212397447583,FAMR_1,242.2123974475835,False,2472,0,0
samtools-sort-markduplicate,18182.0,20454.0,20563.088000000003,20563.088000000003,FAMR_1,109.08800000000338,False,2390,0,0
samtools-sort-markduplicate,18182.0,20430.0,24082.58078994614,24082.58078994614,FAMR_1,3652.5807899461397,False,2940,0,0
samtools-sort-markduplicate,18182.0,20496.0,20563.9575596817,20563.9575596817,FAMR_1,67.95755968170124,False,3152,0,0
samtools-sort-markduplicate,18182.0,20512.0,21417.98205659075,21417.98205659075,FAMR_1,905.9820565907503,False,2257,0,0
samtools-sort-markduplicate,18182.0,20425.0,20428.05534779357,20428.05534779357,FAMR_1,3.0553477935682167,False,2468,0,0
samtools-sort-markduplicate,18182.0,20444.0,24142.427458033573,24142.427458033573,FAMR_1,3698.427458033573,False,2391,0,0
samtools-sort-markduplicate,18182.0,20468.0,20526.790101634997,20526.790101634997,FAMR_1,58.79010163499697,False,2463,0,0
samtools-sort-markduplicate,18182.0,20516.0,21306.88756310234,21306.88756310234,FAMR_1,790.8875631023402,False,2207,0,0
samtools-sort-markduplicate,18182.0,20468.0,20477.190839694656,20477.190839694656,FAMR_1,9.19083969465646,False,2134,0,0
samtools-sort-markduplicate,18182.0,20476.0,20494.397124887688,20494.397124887688,FAMR_1,18.397124887687824,False,2088,0,0
samtools-sort-markduplicate,18182.0,20482.0,23735.69097170235,23735.69097170235,FAMR_1,3253.690971702352,False,1989,0,0
samtools-sort-markduplicate,18182.0,20466.0,24173.164670658683,24173.164670658683,FAMR_1,3707.1646706586835,False,2362,0,0
samtools-sort-markduplicate,18182.0,20448.0,24132.683043738765,24132.683043738765,FAMR_1,3684.6830437387653,False,2562,0,0
samtools-sort-markduplicate,18182.0,20425.0,20458.65917602996,20458.65917602996,FAMR_1,33.65917602995978,False,2327,0,0
samtools-sort-markduplicate,18182.0,20492.0,22469.944844124704,22469.944844124704,FAMR_1,1977.944844124704,False,2380,0,0
samtools-sort-markduplicate,18182.0,20449.0,20729.123287671235,20729.123287671235,FAMR_1,280.1232876712347,False,2350,0,0
samtools-sort-markduplicate,18182.0,20486.0,20562.910947589728,20562.910947589728,FAMR_1,76.91094758972758,False,2345,0,0
samtools-sort-markduplicate,18182.0,20501.0,20504.067634295978,20504.067634295978,FAMR_1,3.0676342959777685,False,1914,0,0
samtools-sort-markduplicate,18182.0,20431.0,20431.0,20431.0,FAMR_1,0.0,False,2414,0,0
samtools-sort-markduplicate,18182.0,20484.0,20490.129263913826,20490.129263913826,FAMR_1,6.129263913826435,False,2704,0,0
samtools-sort-markduplicate,18182.0,20476.0,20667.236824549702,20667.236824549702,FAMR_1,191.23682454970185,False,2991,0,0
samtools-sort-markduplicate,18182.0,20468.0,24215.40260908682,24215.40260908682,FAMR_1,3747.402609086821,False,2019,0,0
samtools-sort-markduplicate,18182.0,20382.0,20581.512347052278,20581.512347052278,FAMR_1,199.51234705227762,False,2703,0,0
samtools-sort-markduplicate,18182.0,20483.0,20492.05526083112,20492.05526083112,FAMR_1,9.055260831119085,False,2477,0,0
samtools-sort-markduplicate,18182.0,20429.0,20459.60065907729,20459.60065907729,FAMR_1,30.600659077288583,False,2301,0,0
samtools-index-markduplicate,10240.0,34.0,61.81818181818182,61.81818181818182,FAMR_1,27.81818181818182,False,123,0,0
samtools-index-markduplicate,10240.0,34.0,49.111111111111114,49.111111111111114,FAMR_1,15.111111111111114,False,100,0,0
samtools-index-markduplicate,10240.0,34.0,79.33333333333334,79.33333333333334,FAMR_1,45.33333333333334,False,108,0,0
samtools-index-markduplicate,10240.0,34.0,38.53333333333333,38.53333333333333,FAMR_1,4.533333333333331,False,394,0,0
samtools-index-markduplicate,10240.0,34.0,39.66666666666667,39.66666666666667,FAMR_1,5.666666666666671,False,141,0,0
samtools-index-markduplicate,10240.0,34.0,34.0,34.0,FAMR_1,0.0,False,120,0,0
samtools-index-markduplicate,10240.0,34.0,36.0,36.0,FAMR_1,2.0,False,98,0,0
samtools-index-markduplicate,10240.0,34.0,36.61538461538462,36.61538461538462,FAMR_1,2.6153846153846203,False,495,0,0
samtools-index-markduplicate,10240.0,34.0,43.06666666666667,43.06666666666667,FAMR_1,9.06666666666667,False,157,0,0
samtools-index-markduplicate,10240.0,34.0,48.16666666666667,48.16666666666667,FAMR_1,14.166666666666671,False,513,0,0
samtools-index-markduplicate,10240.0,34.0,40.37500000000001,40.37500000000001,FAMR_1,6.375000000000007,False,144,0,0
samtools-index-markduplicate,10240.0,34.0,56.66666666666667,56.66666666666667,FAMR_1,22.66666666666667,False,133,0,0
samtools-index-markduplicate,10240.0,34.0,40.18181818181819,40.18181818181819,FAMR_1,6.181818181818187,False,507,0,0
samtools-index-markduplicate,10240.0,34.0,34.0,34.0,FAMR_1,0.0,False,162,0,0
samtools-index-markduplicate,10240.0,34.0,24.555555555555557,49.111111111111114,FAMR_1,15.111111111111114,False,444,426,1
samtools-index-markduplicate,10240.0,34.0,45.33333333333333,45.33333333333333,FAMR_1,11.333333333333329,False,155,0,0
samtools-index-markduplicate,10240.0,34.0,48.57142857142858,48.57142857142858,FAMR_1,14.571428571428577,False,329,0,0
samtools-index-markduplicate,10240.0,34.0,55.63636363636365,55.63636363636365,FAMR_1,21.636363636363647,False,165,0,0
samtools-index-markduplicate,10240.0,34.0,52.30769230769231,52.30769230769231,FAMR_1,18.307692307692307,False,198,0,0
samtools-index-markduplicate,10240.0,34.0,42.5,42.5,FAMR_1,8.5,False,101,0,0
samtools-index-markduplicate,10240.0,34.0,35.88888888888889,35.88888888888889,FAMR_1,1.8888888888888928,False,136,0,0
samtools-index-markduplicate,10240.0,34.0,38.00000000000001,38.00000000000001,FAMR_1,4.000000000000007,False,130,0,0
samtools-index-markduplicate,10240.0,34.0,102.00000000000001,102.00000000000001,FAMR_1,68.00000000000001,False,135,0,0
samtools-index-markduplicate,10240.0,34.0,45.33333333333333,45.33333333333333,FAMR_1,11.333333333333329,False,127,0,0
samtools-index-markduplicate,10240.0,34.0,37.77777777777778,37.77777777777778,FAMR_1,3.7777777777777786,False,110,0,0
samtools-index-markduplicate,10240.0,34.0,68.0,68.0,FAMR_1,34.0,False,144,0,0
samtools-index-markduplicate,10240.0,34.0,43.06666666666667,43.06666666666667,FAMR_1,9.06666666666667,False,132,0,0
samtools-index-markduplicate,10240.0,34.0,32.111111111111114,64.22222222222223,FAMR_1,30.22222222222223,False,225,216,1
samtools-index-markduplicate,10240.0,34.0,35.78947368421053,35.78947368421053,FAMR_1,1.7894736842105274,False,123,0,0
samtools-index-markduplicate,10240.0,34.0,64.22222222222223,64.22222222222223,FAMR_1,30.22222222222223,False,202,0,0
samtools-index-markduplicate,15360.0,34.0,24.555555555555557,49.111111111111114,FAMR_1,15.111111111111114,False,132,127,1
samtools-index-markduplicate,15360.0,34.0,58.727272727272734,58.727272727272734,FAMR_1,24.727272727272734,False,364,0,0
samtools-index-markduplicate,15360.0,34.0,43.06666666666667,43.06666666666667,FAMR_1,9.06666666666667,False,111,0,0
samtools-index-markduplicate,15360.0,34.0,36.61538461538462,36.61538461538462,FAMR_1,2.6153846153846203,False,124,0,0
samtools-index-markduplicate,15360.0,34.0,34.0,34.0,FAMR_1,0.0,False,177,0,0
samtools-index-markduplicate,15360.0,34.0,97.14285714285712,97.14285714285712,FAMR_1,63.142857142857125,False,190,0,0
samtools-index-markduplicate,15360.0,34.0,36.0,36.0,FAMR_1,2.0,False,143,0,0
samtools-index-markduplicate,15360.0,34.0,42.5,42.5,FAMR_1,8.5,False,91,0,0
samtools-index-markduplicate,15360.0,34.0,68.0,68.0,FAMR_1,34.0,False,118,0,0
samtools-index-markduplicate,15360.0,34.0,40.0,40.0,FAMR_1,6.0,False,106,0,0
samtools-index-markduplicate,15360.0,34.0,73.66666666666666,73.66666666666666,FAMR_1,39.66666666666666,False,162,0,0
samtools-index-markduplicate,15360.0,34.0,34.0,34.0,FAMR_1,0.0,False,565,0,0
samtools-index-markduplicate,15360.0,34.0,39.66666666666667,39.66666666666667,FAMR_1,5.666666666666671,False,160,0,0
samtools-index-markduplicate,15360.0,34.0,48.16666666666667,48.16666666666667,FAMR_1,14.166666666666671,False,105,0,0
samtools-index-markduplicate,15360.0,34.0,56.66666666666667,56.66666666666667,FAMR_1,22.66666666666667,False,146,0,0
samtools-index-markduplicate,15360.0,34.0,45.33333333333333,45.33333333333333,FAMR_1,11.333333333333329,False,118,0,0
samtools-index-markduplicate,15360.0,34.0,52.88888888888889,52.88888888888889,FAMR_1,18.888888888888893,False,139,0,0
samtools-index-markduplicate,15360.0,34.0,43.06666666666667,43.06666666666667,FAMR_1,9.06666666666667,False,120,0,0
samtools-index-markduplicate,15360.0,34.0,48.57142857142858,48.57142857142858,FAMR_1,14.571428571428577,False,450,0,0
samtools-index-markduplicate,15360.0,34.0,35.88888888888889,35.88888888888889,FAMR_1,1.8888888888888928,False,157,0,0
samtools-index-markduplicate,15360.0,34.0,61.81818181818182,61.81818181818182,FAMR_1,27.81818181818182,False,121,0,0
samtools-index-markduplicate,15360.0,34.0,49.69230769230769,49.69230769230769,FAMR_1,15.692307692307693,False,113,0,0
samtools-index-markduplicate,15360.0,34.0,37.77777777777778,37.77777777777778,FAMR_1,3.7777777777777786,False,172,0,0
samtools-index-markduplicate,15360.0,34.0,45.33333333333333,45.33333333333333,FAMR_1,11.333333333333329,False,208,0,0
samtools-index-markduplicate,15360.0,33.0,41.25,41.25,FAMR_1,8.25,False,174,0,0
samtools-index-markduplicate,15360.0,34.0,37.77777777777778,37.77777777777778,FAMR_1,3.7777777777777786,False,158,0,0
samtools-index-markduplicate,15360.0,34.0,53.833333333333336,53.833333333333336,FAMR_1,19.833333333333336,False,116,0,0
samtools-index-markduplicate,15360.0,34.0,32.3,64.6,FAMR_1,30.599999999999994,False,158,152,1
samtools-index-markduplicate,15360.0,34.0,38.25,38.25,FAMR_1,4.25,False,487,0,0
samtools-index-markduplicate,15360.0,34.0,34.0,34.0,FAMR_1,0.0,False,142,0,0
samtools-index-markduplicate,18182.0,34.0,42.5,42.5,FAMR_1,8.5,False,129,0,0
samtools-index-markduplicate,18182.0,34.0,119.00000000000001,119.00000000000001,FAMR_1,85.00000000000001,False,440,0,0
samtools-index-markduplicate,18182.0,34.0,34.0,34.0,FAMR_1,0.0,False,405,0,0
samtools-index-markduplicate,18182.0,34.0,37.77777777777778,37.77777777777778,FAMR_1,3.7777777777777786,False,183,0,0
samtools-index-markduplicate,18182.0,34.0,56.66666666666667,56.66666666666667,FAMR_1,22.66666666666667,False,158,0,0
samtools-index-markduplicate,18182.0,34.0,36.83333333333333,36.83333333333333,FAMR_1,2.8333333333333286,False,132,0,0
samtools-index-markduplicate,18182.0,34.0,45.33333333333333,45.33333333333333,FAMR_1,11.333333333333329,False,384,0,0
samtools-index-markduplicate,18182.0,34.0,32.111111111111114,64.22222222222223,FAMR_1,30.22222222222223,False,234,224,1
samtools-index-markduplicate,18182.0,34.0,61.81818181818182,61.81818181818182,FAMR_1,27.81818181818182,False,228,0,0
samtools-index-markduplicate,18182.0,34.0,38.00000000000001,38.00000000000001,FAMR_1,4.000000000000007,False,392,0,0
samtools-index-markduplicate,18182.0,34.0,53.833333333333336,53.833333333333336,FAMR_1,19.833333333333336,False,216,0,0
samtools-index-markduplicate,18182.0,34.0,40.0,40.0,FAMR_1,6.0,False,419,0,0
samtools-index-markduplicate,18182.0,34.0,49.69230769230769,49.69230769230769,FAMR_1,15.692307692307693,False,180,0,0
samtools-index-markduplicate,18182.0,34.0,52.88888888888889,52.88888888888889,FAMR_1,18.888888888888893,False,118,0,0
samtools-index-markduplicate,18182.0,34.0,43.06666666666667,43.06666666666667,FAMR_1,9.06666666666667,False,123,0,0
samtools-index-markduplicate,18182.0,34.0,68.0,68.0,FAMR_1,34.0,False,171,0,0
samtools-index-markduplicate,18182.0,34.0,48.57142857142858,48.57142857142858,FAMR_1,14.571428571428577,False,150,0,0
samtools-index-markduplicate,18182.0,34.0,45.33333333333333,45.33333333333333,FAMR_1,11.333333333333329,False,415,0,0
samtools-index-markduplicate,18182.0,34.0,24.555555555555557,49.111111111111114,FAMR_1,15.111111111111114,False,146,140,1
samtools-index-markduplicate,18182.0,34.0,40.37500000000001,40.37500000000001,FAMR_1,6.375000000000007,False,147,0,0
samtools-index-markduplicate,18182.0,34.0,34.0,34.0,FAMR_1,0.0,False,150,0,0
samtools-index-markduplicate,18182.0,34.0,39.66666666666667,39.66666666666667,FAMR_1,5.666666666666671,False,106,0,0
samtools-index-markduplicate,18182.0,34.0,36.125,36.125,FAMR_1,2.125,False,133,0,0
samtools-index-markduplicate,18182.0,34.0,35.88888888888889,35.88888888888889,FAMR_1,1.8888888888888928,False,239,0,0
samtools-index-markduplicate,18182.0,34.0,61.81818181818182,61.81818181818182,FAMR_1,27.81818181818182,False,197,0,0
samtools-index-markduplicate,18182.0,34.0,71.77777777777779,71.77777777777779,FAMR_1,37.777777777777786,False,185,0,0
samtools-index-markduplicate,18182.0,33.0,41.25,41.25,FAMR_1,8.25,False,116,0,0
samtools-index-markduplicate,18182.0,34.0,40.0,40.0,FAMR_1,6.0,False,540,0,0
samtools-index-markduplicate,18182.0,34.0,32.38095238095238,64.76190476190476,FAMR_1,30.76190476190476,False,218,209,1
samtools-index-markduplicate,18182.0,34.0,48.16666666666667,48.16666666666667,FAMR_1,14.166666666666671,False,146,0,0
picard-validate-sam,10240.0,2870.0,3495.826235093697,3495.826235093697,FAMR_1,625.826235093697,False,1127,0,0
picard-validate-sam,10240.0,3270.0,4305.801104972376,4305.801104972376,FAMR_1,1035.8011049723764,False,1355,0,0
picard-validate-sam,10240.0,3494.0,3545.686390532544,3545.686390532544,FAMR_1,51.68639053254401,False,1130,0,0
picard-validate-sam,10240.0,3646.0,31871.068965517246,31871.068965517246,FAMR_1,28225.068965517246,False,1293,0,0
picard-validate-sam,10240.0,3528.0,19260.585365853658,19260.585365853658,FAMR_1,15732.585365853658,False,1264,0,0
picard-validate-sam,10240.0,3257.0,4468.714406779662,4468.714406779662,FAMR_1,1211.7144067796617,False,1149,0,0
picard-validate-sam,10240.0,3103.0,18547.477272727272,18547.477272727272,FAMR_1,15444.477272727272,False,1275,0,0
picard-validate-sam,10240.0,3048.0,3120.788059701493,3120.788059701493,FAMR_1,72.78805970149278,False,1444,0,0
picard-validate-sam,10240.0,2856.0,3307.4849785407723,3307.4849785407723,FAMR_1,451.4849785407723,False,1701,0,0
picard-validate-sam,10240.0,2923.0,4058.6250000000005,4058.6250000000005,FAMR_1,1135.6250000000005,False,1448,0,0
picard-validate-sam,10240.0,3303.0,3156.7632821723737,6313.526564344747,FAMR_1,3010.5265643447474,False,1355,1331,1
picard-validate-sam,10240.0,3422.0,19309.857142857145,19309.857142857145,FAMR_1,15887.857142857145,False,1239,0,0
picard-validate-sam,10240.0,2911.0,3009.3445945945946,3009.3445945945946,FAMR_1,98.34459459459458,False,1864,0,0
picard-validate-sam,10240.0,3000.0,3752.411575562701,3752.411575562701,FAMR_1,752.4115755627008,False,1668,0,0
picard-validate-sam,10240.0,3168.0,18597.857142857138,18597.857142857138,FAMR_1,15429.857142857138,False,1572,0,0
picard-validate-sam,10240.0,2990.0,19357.337662337664,19357.337662337664,FAMR_1,16367.337662337664,False,1548,0,0
picard-validate-sam,10240.0,3604.0,30119.14285714285,30119.14285714285,FAMR_1,26515.14285714285,False,2017,0,0
picard-validate-sam,10240.0,3612.0,5777.583892617448,5777.583892617448,FAMR_1,2165.5838926174483,False,1880,0,0
picard-validate-sam,10240.0,3632.0,6377.665943600867,6377.665943600867,FAMR_1,2745.6659436008667,False,1892,0,0
picard-validate-sam,10240.0,3292.0,18974.91845493562,18974.91845493562,FAMR_1,15682.918454935621,False,1373,0,0
picard-validate-sam,10240.0,3115.0,25610.351351351354,25610.351351351354,FAMR_1,22495.351351351354,False,1406,0,0
picard-validate-sam,10240.0,3306.0,3716.8612716763005,3716.8612716763005,FAMR_1,410.8612716763005,False,1348,0,0
picard-validate-sam,10240.0,2842.0,2842.0,2842.0,FAMR_1,0.0,False,1510,0,0
picard-validate-sam,10240.0,3351.0,20400.763888888887,20400.763888888887,FAMR_1,17049.763888888887,False,1212,0,0
picard-validate-sam,10240.0,2808.0,14915.220779220777,14915.220779220777,FAMR_1,12107.220779220777,False,1443,0,0
picard-validate-sam,10240.0,3455.0,21263.179012345685,21263.179012345685,FAMR_1,17808.179012345685,False,1386,0,0
picard-validate-sam,10240.0,2922.0,16484.110344827586,16484.110344827586,FAMR_1,13562.110344827586,False,1307,0,0
picard-validate-sam,10240.0,3178.0,21186.666666666668,21186.666666666668,FAMR_1,18008.666666666668,False,1628,0,0
picard-validate-sam,10240.0,3438.0,3472.039603960396,3472.039603960396,FAMR_1,34.03960396039611,False,1302,0,0
picard-validate-sam,10240.0,3158.0,25148.261780104716,25148.261780104716,FAMR_1,21990.261780104716,False,1255,0,0
picard-validate-sam,15360.0,3585.0,20952.333333333325,20952.333333333325,FAMR_1,17367.333333333325,False,1873,0,0
picard-validate-sam,15360.0,4271.0,4359.979166666667,4359.979166666667,FAMR_1,88.97916666666697,False,2629,0,0
picard-validate-sam,15360.0,3315.0,4146.414790996784,4146.414790996784,FAMR_1,831.4147909967842,False,2112,0,0
picard-validate-sam,15360.0,3514.0,5061.535587188612,5061.535587188612,FAMR_1,1547.5355871886122,False,1837,0,0
picard-validate-sam,15360.0,3299.0,3251.6005747126437,6503.201149425287,FAMR_1,3204.2011494252874,False,2407,2364,1
picard-validate-sam,15360.0,3689.0,4629.1,4629.1,FAMR_1,940.1000000000004,False,1763,0,0
picard-validate-sam,15360.0,3701.0,5077.8974576271185,5077.8974576271185,FAMR_1,1376.8974576271185,False,2089,0,0
picard-validate-sam,15360.0,3418.0,28564.714285714283,28564.714285714283,FAMR_1,25146.714285714283,False,1588,0,0
picard-validate-sam,15360.0,3891.0,27190.120481927715,27190.120481927715,FAMR_1,23299.120481927715,False,1907,0,0
picard-validate-sam,15360.0,4201.0,33630.110526315795,33630.110526315795,FAMR_1,29429.110526315795,False,1842,0,0
picard-validate-sam,15360.0,3567.0,30479.81460674157,30479.81460674157,FAMR_1,26912.81460674157,False,1746,0,0
picard-validate-sam,15360.0,3291.0,18734.48051948052,18734.48051948052,FAMR_1,15443.48051948052,False,2169,0,0
picard-validate-sam,15360.0,3950.0,23867.575757575756,23867.575757575756,FAMR_1,19917.575757575756,False,1882,0,0
picard-validate-sam,15360.0,4114.0,4162.542772861357,4162.542772861357,FAMR_1,48.54277286135675,False,1623,0,0
picard-validate-sam,15360.0,3809.0,4479.2532188841205,4479.2532188841205,FAMR_1,670.2532188841205,False,2135,0,0
picard-validate-sam,15360.0,3917.0,4090.7918088737197,4090.7918088737197,FAMR_1,173.79180887371967,False,1639,0,0
picard-validate-sam,15360.0,4051.0,5285.520072992701,5285.520072992701,FAMR_1,1234.520072992701,False,2343,0,0
picard-validate-sam,15360.0,3317.0,20193.773148148146,20193.773148148146,FAMR_1,16876.773148148146,False,1712,0,0
picard-validate-sam,15360.0,3777.0,4334.079646017699,4334.079646017699,FAMR_1,557.0796460176989,False,2687,0,0
picard-validate-sam,15360.0,3788.0,21369.544827586207,21369.544827586207,FAMR_1,17581.544827586207,False,1953,0,0
picard-validate-sam,15360.0,3536.0,3642.9971181556193,3642.9971181556193,FAMR_1,106.99711815561932,False,1732,0,0
picard-validate-sam,15360.0,3738.0,20407.048780487803,20407.048780487803,FAMR_1,16669.048780487803,False,1733,0,0
picard-validate-sam,15360.0,3927.0,22253.0,22253.0,FAMR_1,18326.0,False,1767,0,0
picard-validate-sam,15360.0,3758.0,6598.917570498915,6598.917570498915,FAMR_1,2840.9175704989148,False,2655,0,0
picard-validate-sam,15360.0,4160.0,4160.0,4160.0,FAMR_1,0.0,False,1953,0,0
picard-validate-sam,15360.0,3680.0,8222.5,8222.5,FAMR_1,4542.5,False,2350,0,0
picard-validate-sam,15360.0,3537.0,23580.0,23580.0,FAMR_1,20043.0,False,1790,0,0
picard-validate-sam,15360.0,4007.0,24968.61875,24968.61875,FAMR_1,20961.61875,False,1419,0,0
picard-validate-sam,15360.0,4100.0,6558.165548098434,6558.165548098434,FAMR_1,2458.1655480984336,False,2213,0,0
picard-validate-sam,15360.0,4111.0,26493.111111111113,26493.111111111113,FAMR_1,22382.111111111113,False,1923,0,0
picard-validate-sam,18182.0,4372.0,7602.865735767992,7602.865735767992,FAMR_1,3230.865735767992,False,2048,0,0
picard-validate-sam,18182.0,4096.0,34230.85714285714,34230.85714285714,FAMR_1,30134.857142857138,False,2867,0,0
picard-validate-sam,18182.0,4364.0,5506.0752110514195,5506.0752110514195,FAMR_1,1142.0752110514195,False,2334,0,0
picard-validate-sam,18182.0,4318.0,36897.06741573033,36897.06741573033,FAMR_1,32579.06741573033,False,2712,0,0
picard-validate-sam,18182.0,4248.0,26143.555555555562,26143.555555555562,FAMR_1,21895.555555555562,False,2123,0,0
picard-validate-sam,18182.0,3764.0,21709.035087719298,21709.035087719298,FAMR_1,17945.035087719298,False,2021,0,0
picard-validate-sam,18182.0,4297.0,5191.673880597014,5191.673880597014,FAMR_1,894.6738805970144,False,2699,0,0
picard-validate-sam,18182.0,3956.0,31503.015706806287,31503.015706806287,FAMR_1,27547.015706806287,False,2340,0,0
picard-validate-sam,18182.0,3919.0,4020.208034433286,4020.208034433286,FAMR_1,101.20803443328577,False,2000,0,0
picard-validate-sam,18182.0,3982.0,24355.023255813954,24355.023255813954,FAMR_1,20373.023255813954,False,2603,0,0
picard-validate-sam,18182.0,4253.0,6654.037199124727,6654.037199124727,FAMR_1,2401.0371991247266,False,2974,0,0
picard-validate-sam,18182.0,3630.0,4680.703336339044,4680.703336339044,FAMR_1,1050.7033363390437,False,2644,0,0
picard-validate-sam,18182.0,4020.0,4141.818181818182,4141.818181818182,FAMR_1,121.81818181818198,False,2265,0,0
picard-validate-sam,18182.0,3956.0,22317.296551724135,22317.296551724135,FAMR_1,18361.296551724135,False,2063,0,0
picard-validate-sam,18182.0,3796.0,5217.083191850594,5217.083191850594,FAMR_1,1421.0831918505937,False,1945,0,0
picard-validate-sam,18182.0,3610.0,23658.75706214689,23658.75706214689,FAMR_1,20048.75706214689,False,1781,0,0
picard-validate-sam,18182.0,4436.0,21471.289940828407,21471.289940828407,FAMR_1,17035.289940828407,False,2037,0,0
picard-validate-sam,18182.0,4148.0,4732.637068357999,4732.637068357999,FAMR_1,584.6370683579989,False,2305,0,0
picard-validate-sam,18182.0,3657.0,24953.647058823524,24953.647058823524,FAMR_1,21296.647058823524,False,2004,0,0
picard-validate-sam,18182.0,4868.0,4925.4395280235985,4925.4395280235985,FAMR_1,57.43952802359854,False,2112,0,0
picard-validate-sam,18182.0,4132.0,22558.032520325203,22558.032520325203,FAMR_1,18426.032520325203,False,2098,0,0
picard-validate-sam,18182.0,4830.0,4886.991150442477,4886.991150442477,FAMR_1,56.99115044247719,False,2301,0,0
picard-validate-sam,18182.0,4546.0,26687.45535714285,26687.45535714285,FAMR_1,22141.45535714285,False,2316,0,0
picard-validate-sam,18182.0,4000.0,32886.486486486494,32886.486486486494,FAMR_1,28886.486486486494,False,2138,0,0
picard-validate-sam,18182.0,4236.0,25091.62162162162,25091.62162162162,FAMR_1,20855.62162162162,False,2517,0,0
picard-validate-sam,18182.0,3828.0,3828.0,3828.0,FAMR_1,0.0,False,2903,0,0
picard-validate-sam,18182.0,3780.0,3480.6181584030905,6961.236316806181,FAMR_1,3181.236316806181,False,2003,1968,1
picard-validate-sam,18182.0,4260.0,24140.0,24140.0,FAMR_1,19880.0,False,2721,0,0
picard-validate-sam,18182.0,3620.0,4527.909967845659,4527.909967845659,FAMR_1,907.9099678456587,False,2816,0,0
picard-validate-sam,18182.0,4292.0,6351.078307830784,6351.078307830784,FAMR_1,2059.078307830784,False,2582,0,0
picard-collect-wgs-metrics,10240.0,1743.0,1678.8976930792378,3357.7953861584756,FAMR_1,1614.7953861584756,False,1257,1252,1
picard-collect-wgs-metrics,10240.0,1698.0,3562.9555717407143,3562.9555717407143,FAMR_1,1864.9555717407143,False,1195,0,0
picard-collect-wgs-metrics,10240.0,1576.0,2015.9570522205952,2015.9570522205952,FAMR_1,439.9570522205952,False,1332,0,0
picard-collect-wgs-metrics,10240.0,1452.0,1145.5677368833203,2291.1354737666406,FAMR_1,839.1354737666406,False,1404,1399,1
picard-collect-wgs-metrics,10240.0,1751.0,2184.1095406360423,2184.1095406360423,FAMR_1,433.1095406360423,False,1245,0,0
picard-collect-wgs-metrics,10240.0,1581.0,2965.5618140401734,2965.5618140401734,FAMR_1,1384.5618140401734,False,1198,0,0
picard-collect-wgs-metrics,10240.0,1584.0,1789.695567398934,1789.695567398934,FAMR_1,205.69556739893392,False,1338,0,0
picard-collect-wgs-metrics,10240.0,1442.0,2389.957765936452,2389.957765936452,FAMR_1,947.9577659364518,False,1282,0,0
picard-collect-wgs-metrics,10240.0,1518.0,2412.2884210526317,2412.2884210526317,FAMR_1,894.2884210526317,False,1304,0,0
picard-collect-wgs-metrics,10240.0,1673.0,1929.1065068493149,1929.1065068493149,FAMR_1,256.1065068493149,False,1370,0,0
picard-collect-wgs-metrics,10240.0,1583.0,1879.0228050171033,1879.0228050171033,FAMR_1,296.02280501710334,False,1379,0,0
picard-collect-wgs-metrics,10240.0,1696.0,2532.4832022873484,2532.4832022873484,FAMR_1,836.4832022873484,False,1267,0,0
picard-collect-wgs-metrics,10240.0,1597.0,2071.7246575342465,2071.7246575342465,FAMR_1,474.7246575342465,False,1314,0,0
picard-collect-wgs-metrics,10240.0,1713.0,4052.639085465433,4052.639085465433,FAMR_1,2339.639085465433,False,1252,0,0
picard-collect-wgs-metrics,10240.0,1440.0,1838.7286063569684,1838.7286063569684,FAMR_1,398.7286063569684,False,1353,0,0
picard-collect-wgs-metrics,10240.0,1687.0,5170.4755319148935,5170.4755319148935,FAMR_1,3483.4755319148935,False,1360,0,0
picard-collect-wgs-metrics,10240.0,1767.0,1555.9481308884613,3111.8962617769225,FAMR_1,1344.8962617769225,False,1384,1379,1
picard-collect-wgs-metrics,10240.0,1409.0,4268.484752891692,4268.484752891692,FAMR_1,2859.4847528916916,False,1313,0,0
picard-collect-wgs-metrics,10240.0,1579.0,2519.785989407799,2519.785989407799,FAMR_1,940.7859894077992,False,1256,0,0
picard-collect-wgs-metrics,10240.0,1706.0,2371.1750805585393,2371.1750805585393,FAMR_1,665.1750805585393,False,1292,0,0
picard-collect-wgs-metrics,10240.0,1883.0,2546.9102224035914,2546.9102224035914,FAMR_1,663.9102224035914,False,1279,0,0
picard-collect-wgs-metrics,10240.0,1752.0,2318.7830188679245,2318.7830188679245,FAMR_1,566.7830188679245,False,1250,0,0
picard-collect-wgs-metrics,10240.0,1751.0,1850.7665986501336,1850.7665986501336,FAMR_1,99.76659865013357,False,1282,0,0
picard-collect-wgs-metrics,10240.0,1765.0,2579.361254094525,2579.361254094525,FAMR_1,814.3612540945251,False,1249,0,0
picard-collect-wgs-metrics,10240.0,1452.0,3624.9407665505223,3624.9407665505223,FAMR_1,2172.9407665505223,False,1251,0,0
picard-collect-wgs-metrics,10240.0,1842.0,2528.3383611903787,2528.3383611903787,FAMR_1,686.3383611903787,False,1270,0,0
picard-collect-wgs-metrics,10240.0,1504.0,2757.2264392324096,2757.2264392324096,FAMR_1,1253.2264392324096,False,1194,0,0
picard-collect-wgs-metrics,10240.0,1630.0,2863.5135135135138,2863.5135135135138,FAMR_1,1233.5135135135138,False,1360,0,0
picard-collect-wgs-metrics,10240.0,1648.0,3400.6349206349214,3400.6349206349214,FAMR_1,1752.6349206349214,False,1340,0,0
picard-collect-wgs-metrics,10240.0,1369.0,1923.5059347181011,1923.5059347181011,FAMR_1,554.5059347181011,False,1225,0,0
picard-collect-wgs-metrics,15360.0,1555.0,2141.6999474513923,2141.6999474513923,FAMR_1,586.6999474513923,False,1627,0,0
picard-collect-wgs-metrics,15360.0,1713.0,2202.5383580080756,2202.5383580080756,FAMR_1,489.53835800807565,False,1811,0,0
picard-collect-wgs-metrics,15360.0,1551.0,3298.65179619629,3298.65179619629,FAMR_1,1747.65179619629,False,1683,0,0
picard-collect-wgs-metrics,15360.0,1466.0,1362.189229396013,2724.378458792026,FAMR_1,1258.3784587920259,False,1672,1666,1
picard-collect-wgs-metrics,15360.0,1601.0,5304.751006325474,5304.751006325474,FAMR_1,3703.751006325474,False,1709,0,0
picard-collect-wgs-metrics,15360.0,1740.0,3494.6607538802655,3494.6607538802655,FAMR_1,1754.6607538802655,False,1655,0,0
picard-collect-wgs-metrics,15360.0,1823.0,2631.381644706951,2631.381644706951,FAMR_1,808.3816447069512,False,1665,0,0
picard-collect-wgs-metrics,15360.0,1748.0,4021.7564891624297,4021.7564891624297,FAMR_1,2273.7564891624297,False,1667,0,0
picard-collect-wgs-metrics,15360.0,1684.0,1996.6332574031892,1996.6332574031892,FAMR_1,312.6332574031892,False,1606,0,0
picard-collect-wgs-metrics,15360.0,1759.0,2248.348562104834,2248.348562104834,FAMR_1,489.34856210483395,False,1687,0,0
picard-collect-wgs-metrics,15360.0,1541.0,1933.389464468116,1933.389464468116,FAMR_1,392.3894644681161,False,1615,0,0
picard-collect-wgs-metrics,15360.0,1642.0,2129.996261682243,2129.996261682243,FAMR_1,487.99626168224313,False,1841,0,0
picard-collect-wgs-metrics,15360.0,1549.0,2168.808338937458,2168.808338937458,FAMR_1,619.8083389374578,False,1709,0,0
picard-collect-wgs-metrics,15360.0,1454.0,2685.630505709625,2685.630505709625,FAMR_1,1231.6305057096251,False,1780,0,0
picard-collect-wgs-metrics,15360.0,1750.0,5240.904365904366,5240.904365904366,FAMR_1,3490.9043659043664,False,1673,0,0
picard-collect-wgs-metrics,15360.0,1657.0,1954.8412528919737,1954.8412528919737,FAMR_1,297.8412528919737,False,1623,0,0
picard-collect-wgs-metrics,15360.0,1803.0,1736.6910732196588,3473.3821464393177,FAMR_1,1670.3821464393177,False,1660,1654,1
picard-collect-wgs-metrics,15360.0,1692.0,2700.1126624939816,2700.1126624939816,FAMR_1,1008.1126624939816,False,1579,0,0
picard-collect-wgs-metrics,15360.0,1585.0,2249.979545454545,2249.979545454545,FAMR_1,664.9795454545451,False,1755,0,0
picard-collect-wgs-metrics,15360.0,1497.0,1691.397894189523,1691.397894189523,FAMR_1,194.39789418952296,False,1615,0,0
picard-collect-wgs-metrics,15360.0,1662.0,1451.4458156575397,2902.8916313150794,FAMR_1,1240.8916313150794,False,1650,1644,1
picard-collect-wgs-metrics,15360.0,1579.0,3840.142137660884,3840.142137660884,FAMR_1,2261.142137660884,False,1631,0,0
picard-collect-wgs-metrics,15360.0,1637.0,2464.608903020668,2464.608903020668,FAMR_1,827.6089030206681,False,1649,0,0
picard-collect-wgs-metrics,15360.0,1630.0,2179.3508690970625,2179.3508690970625,FAMR_1,549.3508690970625,False,1815,0,0
picard-collect-wgs-metrics,15360.0,1599.0,2700.373067010309,2700.373067010309,FAMR_1,1101.3730670103091,False,1827,0,0
picard-collect-wgs-metrics,15360.0,1655.0,3022.377016129032,3022.377016129032,FAMR_1,1367.3770161290322,False,1746,0,0
picard-collect-wgs-metrics,15360.0,1677.0,2655.750707146898,2655.750707146898,FAMR_1,978.7507071468981,False,1629,0,0
picard-collect-wgs-metrics,15360.0,1421.0,2355.1525557529108,2355.1525557529108,FAMR_1,934.1525557529108,False,1668,0,0
picard-collect-wgs-metrics,15360.0,1705.0,2270.1833297804305,2270.1833297804305,FAMR_1,565.1833297804305,False,1789,0,0
picard-collect-wgs-metrics,15360.0,1674.0,1718.7786004299023,1718.7786004299023,FAMR_1,44.778600429902326,False,1700,0,0
picard-collect-wgs-metrics,18182.0,1450.0,1978.2767375436372,1978.2767375436372,FAMR_1,528.2767375436372,False,1896,0,0
picard-collect-wgs-metrics,18182.0,1500.0,1854.507792463997,1854.507792463997,FAMR_1,354.507792463997,False,1936,0,0
picard-collect-wgs-metrics,18182.0,1550.0,2212.314540059347,2212.314540059347,FAMR_1,662.3145400593471,False,2053,0,0
picard-collect-wgs-metrics,18182.0,1540.0,1986.1325624612841,1986.1325624612841,FAMR_1,446.1325624612841,False,1990,0,0
picard-collect-wgs-metrics,18182.0,1602.0,2033.082785808147,2033.082785808147,FAMR_1,431.08278580814704,False,1921,0,0
picard-collect-wgs-metrics,18182.0,1706.0,1927.53828155466,1927.53828155466,FAMR_1,221.53828155466,False,1841,0,0
picard-collect-wgs-metrics,18182.0,1696.0,3538.5120116476587,3538.5120116476587,FAMR_1,1842.5120116476587,False,1914,0,0
picard-collect-wgs-metrics,18182.0,1773.0,1667.6503428011752,3335.3006856023503,FAMR_1,1562.3006856023503,False,2003,1996,1
picard-collect-wgs-metrics,18182.0,1753.0,5249.888773388773,5249.888773388773,FAMR_1,3496.888773388773,False,1901,0,0
picard-collect-wgs-metrics,18182.0,1660.0,2586.473761647867,2586.473761647867,FAMR_1,926.4737616478669,False,2123,0,0
picard-collect-wgs-metrics,18182.0,1708.0,4264.048780487805,4264.048780487805,FAMR_1,2556.048780487805,False,2104,0,0
picard-collect-wgs-metrics,18182.0,1622.0,3451.2746065304204,3451.2746065304204,FAMR_1,1829.2746065304204,False,2002,0,0
picard-collect-wgs-metrics,18182.0,1833.0,1882.0317649868641,1882.0317649868641,FAMR_1,49.03176498686412,False,1866,0,0
picard-collect-wgs-metrics,18182.0,1687.0,1336.5583541147132,2673.1167082294264,FAMR_1,986.1167082294264,False,1912,1905,1
picard-collect-wgs-metrics,18182.0,1580.0,1825.9045326915364,1825.9045326915364,FAMR_1,245.90453269153636,False,1864,0,0
picard-collect-wgs-metrics,18182.0,1668.0,3191.5386565272497,3191.5386565272497,FAMR_1,1523.5386565272497,False,1954,0,0
picard-collect-wgs-metrics,18182.0,1700.0,2825.3710666930538,2825.3710666930538,FAMR_1,1125.3710666930538,False,1958,0,0
picard-collect-wgs-metrics,18182.0,1496.0,2113.487826871055,2113.487826871055,FAMR_1,617.487826871055,False,2058,0,0
picard-collect-wgs-metrics,18182.0,1713.0,2237.0916075650116,2237.0916075650116,FAMR_1,524.0916075650116,False,1909,0,0
picard-collect-wgs-metrics,18182.0,1620.0,1505.2841416245162,3010.5682832490324,FAMR_1,1390.5682832490324,False,2039,2031,1
picard-collect-wgs-metrics,18182.0,1681.0,2983.8326474622772,2983.8326474622772,FAMR_1,1302.8326474622772,False,1876,0,0
picard-collect-wgs-metrics,18182.0,1598.0,2090.284397905759,2090.284397905759,FAMR_1,492.28439790575885,False,1855,0,0
picard-collect-wgs-metrics,18182.0,1885.0,2840.0125583064228,2840.0125583064228,FAMR_1,955.0125583064228,False,1899,0,0
picard-collect-wgs-metrics,18182.0,1762.0,2416.067603339442,2416.067603339442,FAMR_1,654.067603339442,False,1913,0,0
picard-collect-wgs-metrics,18182.0,1624.0,5380.959171937895,5380.959171937895,FAMR_1,3756.959171937895,False,1883,0,0
picard-collect-wgs-metrics,18182.0,1762.0,4062.953322350357,4062.953322350357,FAMR_1,2300.953322350357,False,1906,0,0
picard-collect-wgs-metrics,18182.0,1697.0,2792.5316455696207,2792.5316455696207,FAMR_1,1095.5316455696207,False,1875,0,0
picard-collect-wgs-metrics,18182.0,1872.0,3437.7992565055756,3437.7992565055756,FAMR_1,1565.7992565055756,False,1871,0,0
picard-collect-wgs-metrics,18182.0,1722.0,2383.759197324415,2383.759197324415,FAMR_1,661.7591973244148,False,2034,0,0
picard-collect-wgs-metrics,18182.0,1515.0,1900.7690062746242,1900.7690062746242,FAMR_1,385.7690062746242,False,1880,0,0
fastqc,5113.0,666.0,784.9076517150396,784.9076517150396,FAMR_1.05,118.9076517150396,False,441,0,0
fastqc,5128.0,625.0,696.8557098765432,696.8557098765432,FAMR_1.05,71.85570987654319,False,432,0,0
fastqc,5113.0,796.0,1047.7416481069042,1047.7416481069042,FAMR_1.05,251.74164810690422,False,445,0,0
fastqc,5128.0,645.0,735.5744680851063,735.5744680851063,FAMR_1.05,90.57446808510633,False,439,0,0
fastqc,5113.0,669.0,1029.8414239482202,1029.8414239482202,FAMR_1.05,360.84142394822015,False,387,0,0
fastqc,5128.0,638.0,1160.5588865096358,1160.5588865096358,FAMR_1.05,522.5588865096358,False,429,0,0
fastqc,5113.0,580.0,907.1243042671614,907.1243042671614,FAMR_1.05,327.1243042671614,False,449,0,0
fastqc,5128.0,674.0,841.8602885345482,841.8602885345482,FAMR_1.05,167.8602885345482,False,460,0,0
fastqc,5113.0,626.0,785.5305964368705,785.5305964368705,FAMR_1.05,159.5305964368705,False,441,0,0
fastqc,5128.0,781.0,803.7941628264208,803.7941628264208,FAMR_1.05,22.794162826420802,False,437,0,0
fastqc,5113.0,706.0,732.8807471264367,732.8807471264367,FAMR_1.05,26.880747126436745,False,434,0,0
fastqc,5128.0,826.0,1439.974231912785,1439.974231912785,FAMR_1.05,613.974231912785,False,419,0,0
fastqc,5113.0,674.0,826.7909715407263,826.7909715407263,FAMR_1.05,152.79097154072633,False,447,0,0
fastqc,5128.0,630.0,1055.844930417495,1055.844930417495,FAMR_1.05,425.8449304174951,False,474,0,0
fastqc,5113.0,671.0,810.7709414381021,810.7709414381021,FAMR_1.05,139.7709414381021,False,452,0,0
fastqc,5128.0,730.0,785.645283018868,785.645283018868,FAMR_1.05,55.645283018867985,False,476,0,0
fastqc,5113.0,555.0,829.2234332425068,829.2234332425068,FAMR_1.05,274.22343324250676,False,468,0,0
fastqc,5128.0,724.0,960.8173652694611,960.8173652694611,FAMR_1.05,236.8173652694611,False,445,0,0
fastqc,5113.0,748.0,1016.1826347305389,1016.1826347305389,FAMR_1.05,268.1826347305389,False,462,0,0
fastqc,5128.0,804.0,880.5385934819897,880.5385934819897,FAMR_1.05,76.53859348198966,False,480,0,0
fastqc,5113.0,785.0,986.5458750963763,986.5458750963763,FAMR_1.05,201.54587509637634,False,457,0,0
fastqc,5128.0,723.0,759.1766004415011,759.1766004415011,FAMR_1.05,36.17660044150114,False,446,0,0
fastqc,5113.0,737.0,1213.4375,1213.4375,FAMR_1.05,476.4375,False,490,0,0
fastqc,5128.0,637.0,805.2477876106196,805.2477876106196,FAMR_1.05,168.24778761061964,False,458,0,0
fastqc,5113.0,707.0,1025.7839453458582,1025.7839453458582,FAMR_1.05,318.7839453458582,False,480,0,0
fastqc,5128.0,675.0,689.3382352941177,689.3382352941177,FAMR_1.05,14.33823529411768,False,474,0,0
fastqc,5113.0,638.0,763.1399832355406,763.1399832355406,FAMR_1.05,125.13998323554063,False,441,0,0
fastqc,5128.0,688.0,698.1460674157304,698.1460674157304,FAMR_1.05,10.146067415730386,False,456,0,0
fastqc,5113.0,669.0,837.5228310502282,837.5228310502282,FAMR_1.05,168.5228310502282,False,489,0,0
fastqc,5128.0,701.0,866.4853372434018,866.4853372434018,FAMR_1.05,165.48533724340177,False,481,0,0
fastqc,5113.0,738.0,1084.4481842338353,1084.4481842338353,FAMR_1.05,346.44818423383526,False,449,0,0
fastqc,5128.0,689.0,1037.587288135593,1037.587288135593,FAMR_1.05,348.5872881355931,False,449,0,0
fastqc,5113.0,706.0,970.8859784283512,970.8859784283512,FAMR_1.05,264.8859784283512,False,486,0,0
fastqc,5128.0,725.0,785.3678253839936,785.3678253839936,FAMR_1.05,60.36782538399359,False,494,0,0
fastqc,5113.0,571.0,777.3635394456289,777.3635394456289,FAMR_1.05,206.36353944562893,False,474,0,0
fastqc,5128.0,759.0,892.4898921832885,892.4898921832885,FAMR_1.05,133.48989218328848,False,488,0,0
fastqc,5113.0,723.0,919.1151468315301,919.1151468315301,FAMR_1.05,196.11514683153007,False,465,0,0
fastqc,5128.0,706.0,1291.3495038588753,1291.3495038588753,FAMR_1.05,585.3495038588753,False,461,0,0
fastqc,5113.0,742.0,727.4016282225238,1454.8032564450475,FAMR_1.05,712.8032564450475,False,465,462,1
fastqc,5128.0,645.0,835.9809264305176,835.9809264305176,FAMR_1.05,190.98092643051757,False,463,0,0
fastqc,5113.0,722.0,969.600371747212,969.600371747212,FAMR_1.05,247.60037174721197,False,463,0,0
fastqc,5128.0,750.0,1036.6092404072042,1036.6092404072042,FAMR_1.05,286.6092404072042,False,435,0,0
fastqc,5113.0,739.0,896.1574675324675,896.1574675324675,FAMR_1.05,157.15746753246754,False,452,0,0
fastqc,5128.0,710.0,916.5717192268567,916.5717192268567,FAMR_1.05,206.57171922685666,False,456,0,0
fastqc,5113.0,642.0,735.5511049723758,735.5511049723758,FAMR_1.05,93.55110497237581,False,461,0,0
fastqc,5128.0,687.0,985.1942446043165,985.1942446043165,FAMR_1.05,298.1942446043165,False,449,0,0
fastqc,5113.0,717.0,831.6754658385094,831.6754658385094,FAMR_1.05,114.67546583850935,False,402,0,0
fastqc,5128.0,656.0,887.8393574297189,887.8393574297189,FAMR_1.05,231.83935742971892,False,424,0,0
fastqc,5113.0,649.0,741.5447897623402,741.5447897623402,FAMR_1.05,92.5447897623402,False,431,0,0
fastqc,5128.0,782.0,1199.9492140266025,1199.9492140266025,FAMR_1.05,417.9492140266025,False,456,0,0
fastqc,5113.0,735.0,1027.5058639562158,1027.5058639562158,FAMR_1.05,292.50586395621576,False,451,0,0
fastqc,5128.0,658.0,633.0568612585292,1266.1137225170585,FAMR_1.05,608.1137225170585,False,467,464,1
fastqc,5113.0,651.0,879.1542056074768,879.1542056074768,FAMR_1.05,228.1542056074768,False,447,0,0
fastqc,5128.0,674.0,975.3241042345277,975.3241042345277,FAMR_1.05,301.3241042345277,False,490,0,0
fastqc,5113.0,638.0,817.3222543352601,817.3222543352601,FAMR_1.05,179.32225433526014,False,456,0,0
fastqc,5128.0,685.0,772.68,772.68,FAMR_1.05,87.67999999999995,False,469,0,0
fastqc,5113.0,706.0,1027.5781876503609,1027.5781876503609,FAMR_1.05,321.57818765036086,False,466,0,0
fastqc,5128.0,712.0,912.7658937920719,912.7658937920719,FAMR_1.05,200.7658937920719,False,457,0,0
fastqc,5113.0,711.0,865.6970989761093,865.6970989761093,FAMR_1.05,154.69709897610926,False,455,0,0
fastqc,5128.0,656.0,860.5487894350697,860.5487894350697,FAMR_1.05,204.5487894350697,False,473,0,0
fastqc,7669.0,678.0,773.2085106382979,773.2085106382979,FAMR_1.05,95.20851063829787,False,632,0,0
fastqc,7692.0,721.0,887.431856899489,887.431856899489,FAMR_1.05,166.43185689948905,False,573,0,0
fastqc,7669.0,654.0,775.6076134699854,775.6076134699854,FAMR_1.05,121.60761346998538,False,694,0,0
fastqc,7692.0,679.0,1044.9352580927382,1044.9352580927382,FAMR_1.05,365.9352580927382,False,646,0,0
fastqc,7669.0,637.0,959.4530141843971,959.4530141843971,FAMR_1.05,322.45301418439715,False,701,0,0
fastqc,7692.0,666.0,1041.6289424860854,1041.6289424860854,FAMR_1.05,375.6289424860854,False,662,0,0
fastqc,7669.0,542.0,553.5130718954249,553.5130718954249,FAMR_1.05,11.5130718954249,False,671,0,0
fastqc,7692.0,683.0,927.8779940119759,927.8779940119759,FAMR_1.05,244.87799401197594,False,639,0,0
fastqc,7669.0,631.0,810.6423473433784,810.6423473433784,FAMR_1.05,179.64234734337845,False,641,0,0
fastqc,7692.0,617.0,1020.1719576719577,1020.1719576719577,FAMR_1.05,403.17195767195767,False,664,0,0
fastqc,7669.0,719.0,691.7445034116755,1383.489006823351,FAMR_1.05,664.489006823351,False,632,628,1
fastqc,7692.0,709.0,905.0492424242425,905.0492424242425,FAMR_1.05,196.0492424242425,False,655,0,0
fastqc,7669.0,789.0,828.4790286975717,828.4790286975717,FAMR_1.05,39.47902869757172,False,618,0,0
fastqc,7692.0,765.0,955.5239179954442,955.5239179954442,FAMR_1.05,190.5239179954442,False,622,0,0
fastqc,7669.0,672.0,757.5193798449611,757.5193798449611,FAMR_1.05,85.51937984496112,False,643,0,0
fastqc,7692.0,678.0,935.6293979671617,935.6293979671617,FAMR_1.05,257.6293979671617,False,653,0,0
fastqc,7669.0,718.0,1449.9192245557351,1449.9192245557351,FAMR_1.05,731.9192245557351,False,620,0,0
fastqc,7692.0,650.0,903.2395566922422,903.2395566922422,FAMR_1.05,253.23955669224222,False,615,0,0
fastqc,7669.0,707.0,725.2894098625707,725.2894098625707,FAMR_1.05,18.289409862570665,False,586,0,0
fastqc,7692.0,696.0,995.5826086956521,995.5826086956521,FAMR_1.05,299.5826086956521,False,651,0,0
fastqc,7669.0,664.0,676.8057142857143,676.8057142857143,FAMR_1.05,12.805714285714316,False,609,0,0
fastqc,7692.0,759.0,1098.5363265306123,1098.5363265306123,FAMR_1.05,339.5363265306123,False,640,0,0
fastqc,7669.0,619.0,901.5552941176471,901.5552941176471,FAMR_1.05,282.5552941176471,False,686,0,0
fastqc,7692.0,740.0,742.9088050314467,742.9088050314467,FAMR_1.05,2.908805031446718,False,724,0,0
fastqc,7669.0,708.0,789.3981481481482,789.3981481481482,FAMR_1.05,81.39814814814815,False,674,0,0
fastqc,7692.0,711.0,879.309559939302,879.309559939302,FAMR_1.05,168.30955993930195,False,652,0,0
fastqc,7669.0,752.0,1364.2960812772133,1364.2960812772133,FAMR_1.05,612.2960812772133,False,619,0,0
fastqc,7692.0,707.0,962.5149253731344,962.5149253731344,FAMR_1.05,255.51492537313436,False,616,0,0
fastqc,7669.0,668.0,727.6177090653549,727.6177090653549,FAMR_1.05,59.617709065354916,False,664,0,0
fastqc,7692.0,668.0,836.2709284627094,836.2709284627094,FAMR_1.05,168.27092846270943,False,705,0,0
fastqc,7669.0,642.0,771.2367849384505,771.2367849384505,FAMR_1.05,129.23678493845046,False,685,0,0
fastqc,7692.0,657.0,1117.1607142857144,1117.1607142857144,FAMR_1.05,460.16071428571445,False,634,0,0
fastqc,7669.0,641.0,747.4870340356565,747.4870340356565,FAMR_1.05,106.4870340356565,False,692,0,0
fastqc,7692.0,678.0,742.5437392795883,742.5437392795883,FAMR_1.05,64.5437392795883,False,690,0,0
fastqc,7669.0,771.0,1016.3181818181818,1016.3181818181818,FAMR_1.05,245.31818181818176,False,628,0,0
fastqc,7692.0,783.0,894.6526508226692,894.6526508226692,FAMR_1.05,111.65265082266922,False,663,0,0
fastqc,7669.0,660.0,986.1035422343323,986.1035422343323,FAMR_1.05,326.1035422343323,False,668,0,0
fastqc,7692.0,606.0,815.6729975227084,815.6729975227084,FAMR_1.05,209.67299752270844,False,692,0,0
fastqc,7669.0,652.0,825.1774033696729,825.1774033696729,FAMR_1.05,173.1774033696729,False,550,0,0
fastqc,7692.0,715.0,1034.6539087947883,1034.6539087947883,FAMR_1.05,319.6539087947883,False,556,0,0
fastqc,7669.0,700.0,907.2661217075386,907.2661217075386,FAMR_1.05,207.26612170753856,False,631,0,0
fastqc,7692.0,763.0,1051.815830721003,1051.815830721003,FAMR_1.05,288.81583072100307,False,641,0,0
fastqc,7669.0,762.0,961.700284090909,961.700284090909,FAMR_1.05,199.700284090909,False,634,0,0
fastqc,7692.0,742.0,1138.5707376058042,1138.5707376058042,FAMR_1.05,396.5707376058042,False,632,0,0
fastqc,7669.0,630.0,925.748449955713,925.748449955713,FAMR_1.05,295.748449955713,False,651,0,0
fastqc,7692.0,590.0,691.2975098296198,691.2975098296198,FAMR_1.05,101.2975098296198,False,648,0,0
fastqc,7669.0,655.0,859.2369772560529,859.2369772560529,FAMR_1.05,204.2369772560529,False,693,0,0
fastqc,7692.0,676.0,819.7418478260869,819.7418478260869,FAMR_1.05,143.74184782608688,False,677,0,0
fastqc,7669.0,646.0,672.3243683781582,672.3243683781582,FAMR_1.05,26.32436837815817,False,648,0,0
fastqc,7692.0,648.0,834.5631768953069,834.5631768953069,FAMR_1.05,186.56317689530692,False,682,0,0
fastqc,7669.0,700.0,941.6981132075472,941.6981132075472,FAMR_1.05,241.69811320754718,False,668,0,0
fastqc,7692.0,707.0,887.1727343144848,887.1727343144848,FAMR_1.05,180.17273431448484,False,722,0,0
fastqc,7669.0,695.0,888.1722054380665,888.1722054380665,FAMR_1.05,193.1722054380665,False,632,0,0
fastqc,7692.0,658.0,864.76008492569,864.76008492569,FAMR_1.05,206.76008492568997,False,617,0,0
fastqc,7669.0,645.0,740.1152073732719,740.1152073732719,FAMR_1.05,95.11520737327191,False,675,0,0
fastqc,7692.0,692.0,842.5631399317407,842.5631399317407,FAMR_1.05,150.5631399317407,False,673,0,0
fastqc,7669.0,671.0,802.612740989103,802.612740989103,FAMR_1.05,131.61274098910303,False,683,0,0
fastqc,7692.0,669.0,1056.8350230414744,1056.8350230414744,FAMR_1.05,387.8350230414744,False,661,0,0
fastqc,7669.0,654.0,887.4261275272162,887.4261275272162,FAMR_1.05,233.42612752721618,False,678,0,0
fastqc,7692.0,769.0,827.6181132075473,827.6181132075473,FAMR_1.05,58.61811320754725,False,631,0,0
fastqc,9078.0,622.0,709.3446808510639,709.3446808510639,FAMR_1.05,87.34468085106391,False,747,0,0
fastqc,9105.0,695.0,848.3886718750001,848.3886718750001,FAMR_1.05,153.3886718750001,False,728,0,0
fastqc,9078.0,636.0,647.9217603911981,647.9217603911981,FAMR_1.05,11.921760391198063,False,817,0,0
fastqc,9105.0,649.0,886.3284161490683,886.3284161490683,FAMR_1.05,237.3284161490683,False,803,0,0
fastqc,9078.0,642.0,719.8304020100504,719.8304020100504,FAMR_1.05,77.83040201005042,False,814,0,0
fastqc,9105.0,676.0,844.5072886297377,844.5072886297377,FAMR_1.05,168.50728862973767,False,791,0,0
fastqc,9078.0,673.0,997.7810945273632,997.7810945273632,FAMR_1.05,324.78109452736317,False,825,0,0
fastqc,9105.0,681.0,1075.7917050691244,1075.7917050691244,FAMR_1.05,394.7917050691244,False,763,0,0
fastqc,9078.0,719.0,945.0170118343196,945.0170118343196,FAMR_1.05,226.01701183431965,False,827,0,0
fastqc,9105.0,786.0,756.204700530705,1512.40940106141,FAMR_1.05,726.4094010614101,False,792,787,1
fastqc,9078.0,653.0,812.4605385329618,812.4605385329618,FAMR_1.05,159.46053853296178,False,814,0,0
fastqc,9105.0,617.0,833.2383177570093,833.2383177570093,FAMR_1.05,216.23831775700933,False,789,0,0
fastqc,9078.0,546.0,568.2493887530562,568.2493887530562,FAMR_1.05,22.249388753056223,False,824,0,0
fastqc,9105.0,696.0,749.0535849056603,749.0535849056603,FAMR_1.05,53.05358490566027,False,799,0,0
fastqc,9078.0,642.0,1068.1966292134834,1068.1966292134834,FAMR_1.05,426.19662921348345,False,817,0,0
fastqc,9105.0,670.0,1022.9617021276595,1022.9617021276595,FAMR_1.05,352.96170212765946,False,784,0,0
fastqc,9078.0,659.0,953.8016326530613,953.8016326530613,FAMR_1.05,294.80163265306135,False,814,0,0
fastqc,9105.0,698.0,868.3923278116827,868.3923278116827,FAMR_1.05,170.39232781168266,False,772,0,0
fastqc,9078.0,693.0,893.789739884393,893.789739884393,FAMR_1.05,200.78973988439304,False,810,0,0
fastqc,9105.0,642.0,884.3565300285987,884.3565300285987,FAMR_1.05,242.35653002859874,False,806,0,0
fastqc,9078.0,677.0,776.8341013824885,776.8341013824885,FAMR_1.05,99.83410138248848,False,832,0,0
fastqc,9105.0,634.0,799.2208480565371,799.2208480565371,FAMR_1.05,165.22084805653708,False,780,0,0
fastqc,9078.0,706.0,1200.4801587301586,1200.4801587301586,FAMR_1.05,494.48015873015856,False,817,0,0
fastqc,9105.0,713.0,877.5851788756388,877.5851788756388,FAMR_1.05,164.5851788756388,False,792,0,0
fastqc,9078.0,719.0,993.7627251370399,993.7627251370399,FAMR_1.05,274.76272513703987,False,650,0,0
fastqc,9105.0,685.0,699.5506535947712,699.5506535947712,FAMR_1.05,14.550653594771234,False,652,0,0
fastqc,9078.0,694.0,910.3976522377111,910.3976522377111,FAMR_1.05,216.3976522377111,False,667,0,0
fastqc,9105.0,750.0,1005.0484652665589,1005.0484652665589,FAMR_1.05,255.04846526655888,False,633,0,0
fastqc,9078.0,704.0,1083.7195253505934,1083.7195253505934,FAMR_1.05,379.71952535059336,False,752,0,0
fastqc,9105.0,716.0,1026.7817745803357,1026.7817745803357,FAMR_1.05,310.78177458033565,False,701,0,0
fastqc,9078.0,756.0,948.6599535243996,948.6599535243996,FAMR_1.05,192.6599535243996,False,737,0,0
fastqc,9105.0,738.0,1080.2177419354837,1080.2177419354837,FAMR_1.05,342.2177419354837,False,721,0,0
fastqc,9078.0,675.0,853.2845473110962,853.2845473110962,FAMR_1.05,178.28454731109616,False,742,0,0
fastqc,9105.0,790.0,1002.0711111111111,1002.0711111111111,FAMR_1.05,212.07111111111112,False,717,0,0
fastqc,9078.0,662.0,767.8788819875776,767.8788819875776,FAMR_1.05,105.87888198757764,False,773,0,0
fastqc,9105.0,689.0,750.4919184820801,750.4919184820801,FAMR_1.05,61.49191848208011,False,731,0,0
fastqc,9078.0,709.0,1099.8589743589744,1099.8589743589744,FAMR_1.05,390.85897435897436,False,779,0,0
fastqc,9105.0,739.0,896.1379076086956,896.1379076086956,FAMR_1.05,157.13790760869563,False,746,0,0
fastqc,9078.0,696.0,714.0048504446241,714.0048504446241,FAMR_1.05,18.00485044462414,False,774,0,0
fastqc,9105.0,729.0,857.2136118598384,857.2136118598384,FAMR_1.05,128.21361185983835,False,739,0,0
fastqc,9078.0,649.0,716.0194174757282,716.0194174757282,FAMR_1.05,67.01941747572823,False,783,0,0
fastqc,9105.0,731.0,1021.9139953088352,1021.9139953088352,FAMR_1.05,290.9139953088352,False,732,0,0
fastqc,9078.0,657.0,1326.7366720516964,1326.7366720516964,FAMR_1.05,669.7366720516964,False,772,0,0
fastqc,9105.0,761.0,910.265716680637,910.265716680637,FAMR_1.05,149.26571668063696,False,736,0,0
fastqc,9078.0,663.0,747.8639999999999,747.8639999999999,FAMR_1.05,84.86399999999992,False,774,0,0
fastqc,9105.0,650.0,842.3766816143498,842.3766816143498,FAMR_1.05,192.37668161434976,False,739,0,0
fastqc,9078.0,708.0,1024.5244299674266,1024.5244299674266,FAMR_1.05,316.5244299674266,False,778,0,0
fastqc,9105.0,650.0,946.7515364354698,946.7515364354698,FAMR_1.05,296.7515364354698,False,749,0,0
fastqc,9078.0,697.0,823.3755781683626,823.3755781683626,FAMR_1.05,126.37557816836261,False,774,0,0
fastqc,9105.0,730.0,715.6377204884668,1431.2754409769336,FAMR_1.05,701.2754409769336,False,761,756,1
fastqc,9078.0,651.0,884.4049401197605,884.4049401197605,FAMR_1.05,233.40494011976045,False,790,0,0
fastqc,9105.0,704.0,845.7175959449675,845.7175959449675,FAMR_1.05,141.71759594496746,False,752,0,0
fastqc,9078.0,675.0,1016.688829787234,1016.688829787234,FAMR_1.05,341.688829787234,False,774,0,0
fastqc,9105.0,773.0,990.2666184971099,990.2666184971099,FAMR_1.05,217.2666184971099,False,741,0,0
fastqc,9078.0,582.0,747.6923076923077,747.6923076923077,FAMR_1.05,165.69230769230774,False,782,0,0
fastqc,9105.0,695.0,916.1363636363636,916.1363636363636,FAMR_1.05,221.13636363636363,False,736,0,0
fastqc,9078.0,696.0,729.7652582159624,729.7652582159624,FAMR_1.05,33.765258215962376,False,759,0,0
fastqc,9105.0,769.0,878.6563071297988,878.6563071297988,FAMR_1.05,109.65630712979885,False,745,0,0
fastqc,9078.0,724.0,981.7970049916804,981.7970049916804,FAMR_1.05,257.7970049916804,False,779,0,0
fastqc,9105.0,725.0,1266.9554455445545,1266.9554455445545,FAMR_1.05,541.9554455445545,False,744,0,0
fastq-cleaner,10240.0,1683.0,1696.0128865979382,1696.0128865979382,FAMR_1.05,13.012886597938177,False,2149,0,0
fastq-cleaner,10240.0,1683.0,1684.4409246575342,1684.4409246575342,FAMR_1.05,1.4409246575341967,False,2230,0,0
fastq-cleaner,10240.0,1684.0,1686.8860325621254,1686.8860325621254,FAMR_1.05,2.886032562125365,False,2207,0,0
fastq-cleaner,10240.0,1684.0,1685.4656222802437,1685.4656222802437,FAMR_1.05,1.4656222802436787,False,2299,0,0
fastq-cleaner,10240.0,1684.0,1688.336480686695,1688.336480686695,FAMR_1.05,4.33648068669504,False,2175,0,0
fastq-cleaner,10240.0,1683.0,1688.7587681779296,1688.7587681779296,FAMR_1.05,5.758768177929596,False,2192,0,0
fastq-cleaner,10240.0,1684.0,1685.4368600682596,1685.4368600682596,FAMR_1.05,1.436860068259648,False,2307,0,0
fastq-cleaner,10240.0,1684.0,1688.4045335658236,1688.4045335658236,FAMR_1.05,4.404533565823613,False,2325,0,0
fastq-cleaner,10240.0,1684.0,1684.0,1684.0,FAMR_1.05,0.0,False,2316,0,0
fastq-cleaner,10240.0,1683.0,1683.0,1683.0,FAMR_1.05,0.0,False,2296,0,0
fastq-cleaner,10240.0,1684.0,1699.9552110249786,1699.9552110249786,FAMR_1.05,15.955211024978553,False,2181,0,0
fastq-cleaner,10240.0,1683.0,1687.3116994022205,1687.3116994022205,FAMR_1.05,4.3116994022204835,False,2133,0,0
fastq-cleaner,10240.0,1683.0,1691.6901893287436,1691.6901893287436,FAMR_1.05,8.6901893287436,False,2328,0,0
fastq-cleaner,10240.0,1684.0,1686.8860325621254,1686.8860325621254,FAMR_1.05,2.886032562125365,False,2184,0,0
fastq-cleaner,10240.0,1684.0,1689.781974248927,1689.781974248927,FAMR_1.05,5.781974248927099,False,2279,0,0
fastq-cleaner,10240.0,1684.0,1685.441780821918,1685.441780821918,FAMR_1.05,1.4417808219179733,False,2298,0,0
fastq-cleaner,10240.0,1684.0,1684.0,1684.0,FAMR_1.05,0.0,False,2298,0,0
fastq-cleaner,10240.0,1684.0,1689.7869415807559,1689.7869415807559,FAMR_1.05,5.786941580755865,False,2273,0,0
fastq-cleaner,10240.0,1683.0,1690.229381443299,1690.229381443299,FAMR_1.05,7.229381443298962,False,2250,0,0
fastq-cleaner,10240.0,1684.0,1685.4368600682596,1685.4368600682596,FAMR_1.05,1.436860068259648,False,2199,0,0
fastq-cleaner,10240.0,1683.0,1687.333905579399,1687.333905579399,FAMR_1.05,4.3339055793990156,False,2221,0,0
fastq-cleaner,10240.0,1683.0,1693.1037735849056,1693.1037735849056,FAMR_1.05,10.103773584905639,False,2193,0,0
fastq-cleaner,10240.0,1683.0,1688.7587681779296,1688.7587681779296,FAMR_1.05,5.758768177929596,False,2270,0,0
fastq-cleaner,10240.0,1683.0,1685.884318766067,1685.884318766067,FAMR_1.05,2.8843187660670537,False,2309,0,0
fastq-cleaner,10240.0,1684.0,1686.8737201365186,1686.8737201365186,FAMR_1.05,2.873720136518614,False,2167,0,0
fastq-cleaner,10240.0,1684.0,1697.020618556701,1697.020618556701,FAMR_1.05,13.020618556701038,False,2158,0,0
fastq-cleaner,10240.0,1683.0,1687.3301886792453,1687.3301886792453,FAMR_1.05,4.330188679245339,False,2197,0,0
fastq-cleaner,10240.0,1683.0,1691.6901893287436,1691.6901893287436,FAMR_1.05,8.6901893287436,False,2295,0,0
fastq-cleaner,10240.0,1683.0,1690.2046232876714,1690.2046232876714,FAMR_1.05,7.2046232876714384,False,2181,0,0
fastq-cleaner,10240.0,1684.0,1691.2027373823782,1691.2027373823782,FAMR_1.05,7.2027373823782455,False,2277,0,0
fastq-cleaner,15360.0,1748.0,1752.4974271012009,1752.4974271012009,FAMR_1.05,4.497427101200856,False,3221,0,0
fastq-cleaner,15360.0,1747.0,1746.9999999999998,1746.9999999999998,FAMR_1.05,0.0,False,3397,0,0
fastq-cleaner,15360.0,1748.0,1750.9829351535834,1750.9829351535834,FAMR_1.05,2.982935153583412,False,3196,0,0
fastq-cleaner,15360.0,1747.0,1749.994001713796,1749.994001713796,FAMR_1.05,2.994001713796024,False,3161,0,0
fastq-cleaner,15360.0,1748.0,1754.0068728522338,1754.0068728522338,FAMR_1.05,6.006872852233755,False,3286,0,0
fastq-cleaner,15360.0,1748.0,1750.9957155098548,1750.9957155098548,FAMR_1.05,2.99571550985479,False,3102,0,0
fastq-cleaner,15360.0,1748.0,1749.4901960784316,1749.4901960784316,FAMR_1.05,1.4901960784316088,False,3244,0,0
fastq-cleaner,15360.0,1748.0,1757.018056749785,1757.018056749785,FAMR_1.05,9.018056749785046,False,3093,0,0
fastq-cleaner,15360.0,1747.0,1746.9999999999998,1746.9999999999998,FAMR_1.05,0.0,False,3146,0,0
fastq-cleaner,15360.0,1747.0,1748.497000856898,1748.497000856898,FAMR_1.05,1.497000856898012,False,3303,0,0
fastq-cleaner,15360.0,1748.0,1748.0000000000002,1748.0000000000002,FAMR_1.05,2.2737367544323206e-13,False,3233,0,0
fastq-cleaner,15360.0,1747.0,1758.9965665236052,1758.9965665236052,FAMR_1.05,11.996566523605225,False,3381,0,0
fastq-cleaner,15360.0,1748.0,1757.0258175559384,1757.0258175559384,FAMR_1.05,9.025817555938374,False,3400,0,0
fastq-cleaner,15360.0,1747.0,1754.5042955326458,1754.5042955326458,FAMR_1.05,7.504295532645756,False,3139,0,0
fastq-cleaner,15360.0,1748.0,1754.1012216404888,1754.1012216404888,FAMR_1.05,6.101221640488802,False,3277,0,0
fastq-cleaner,15360.0,1747.0,1762.0344234079173,1762.0344234079173,FAMR_1.05,15.034423407917302,False,3207,0,0
fastq-cleaner,15360.0,1748.0,1755.4828767123292,1755.4828767123292,FAMR_1.05,7.482876712329244,False,3240,0,0
fastq-cleaner,15360.0,1748.0,1751.0452961672477,1751.0452961672477,FAMR_1.05,3.0452961672476704,False,3193,0,0
fastq-cleaner,15360.0,1748.0,1754.0017167381977,1754.0017167381977,FAMR_1.05,6.001716738197729,False,3288,0,0
fastq-cleaner,15360.0,1748.0,1764.5615848406546,1764.5615848406546,FAMR_1.05,16.561584840654632,False,3186,0,0
fastq-cleaner,15360.0,1748.0,1749.491467576792,1749.491467576792,FAMR_1.05,1.4914675767920471,False,3117,0,0
fastq-cleaner,15360.0,1747.0,1751.4987124463516,1751.4987124463516,FAMR_1.05,4.498712446351647,False,3148,0,0
fastq-cleaner,15360.0,1747.0,1748.495719178082,1748.495719178082,FAMR_1.05,1.4957191780820267,False,3158,0,0
fastq-cleaner,15360.0,1747.0,1751.494854202401,1751.494854202401,FAMR_1.05,4.494854202401029,False,3278,0,0
fastq-cleaner,15360.0,1748.0,1753.9811804961503,1753.9811804961503,FAMR_1.05,5.981180496150273,False,3208,0,0
fastq-cleaner,15360.0,1748.0,1752.5719267654752,1752.5719267654752,FAMR_1.05,4.571926765475155,False,3400,0,0
fastq-cleaner,15360.0,1747.0,1752.9726495726495,1752.9726495726495,FAMR_1.05,5.972649572649516,False,3155,0,0
fastq-cleaner,15360.0,1748.0,1758.4939965694684,1758.4939965694684,FAMR_1.05,10.493996569468436,False,3183,0,0
fastq-cleaner,15360.0,1747.0,1748.495719178082,1748.495719178082,FAMR_1.05,1.4957191780820267,False,3297,0,0
fastq-cleaner,15360.0,1748.0,1750.9957155098548,1750.9957155098548,FAMR_1.05,2.99571550985479,False,3228,0,0
fastq-cleaner,18182.0,1775.0,1785.6652360515022,1785.6652360515022,FAMR_1.05,10.665236051502234,False,3604,0,0
fastq-cleaner,18182.0,1775.0,1781.0787671232874,1781.0787671232874,FAMR_1.05,6.0787671232874345,False,3949,0,0
fastq-cleaner,18182.0,1775.0,1779.551282051282,1779.551282051282,FAMR_1.05,4.551282051281987,False,3952,0,0
fastq-cleaner,18182.0,1775.0,1794.8922413793105,1794.8922413793105,FAMR_1.05,19.892241379310462,False,3934,0,0
fastq-cleaner,18182.0,1775.0,1782.5984589041097,1782.5984589041097,FAMR_1.05,7.598458904109748,False,3933,0,0
fastq-cleaner,18182.0,1775.0,1775.0,1775.0,FAMR_1.05,0.0,False,3953,0,0
fastq-cleaner,18182.0,1775.0,1781.0944206008583,1781.0944206008583,FAMR_1.05,6.094420600858257,False,3939,0,0
fastq-cleaner,18182.0,1775.0,1776.5145051194543,1776.5145051194543,FAMR_1.05,1.5145051194542702,False,3948,0,0
fastq-cleaner,18182.0,1775.0,1784.1652323580033,1784.1652323580033,FAMR_1.05,9.165232358003323,False,3945,0,0
fastq-cleaner,18182.0,1775.0,1779.6425457715777,1779.6425457715777,FAMR_1.05,4.642545771577716,False,3960,0,0
fastq-cleaner,18182.0,1775.0,1778.0315969257044,1778.0315969257044,FAMR_1.05,3.0315969257044344,False,3931,0,0
fastq-cleaner,18182.0,1775.0,1776.5145051194543,1776.5145051194543,FAMR_1.05,1.5145051194542702,False,3943,0,0
fastq-cleaner,18182.0,1776.0,1777.5205479452054,1777.5205479452054,FAMR_1.05,1.5205479452054078,False,3658,0,0
fastq-cleaner,18182.0,1775.0,1778.0290102389076,1778.0290102389076,FAMR_1.05,3.029010238907631,False,3624,0,0
fastq-cleaner,18182.0,1775.0,1781.195462478185,1781.195462478185,FAMR_1.05,6.195462478184936,False,3740,0,0
fastq-cleaner,18182.0,1775.0,1787.1993127147764,1787.1993127147764,FAMR_1.05,12.199312714776397,False,3757,0,0
fastq-cleaner,18182.0,1775.0,1779.5708154506437,1779.5708154506437,FAMR_1.05,4.5708154506437495,False,3759,0,0
fastq-cleaner,18182.0,1775.0,1775.0,1775.0,FAMR_1.05,0.0,False,3730,0,0
fastq-cleaner,18182.0,1775.0,1778.0419880034278,1778.0419880034278,FAMR_1.05,3.041988003427832,False,3736,0,0
fastq-cleaner,18182.0,1775.0,1788.7242268041234,1788.7242268041234,FAMR_1.05,13.724226804123418,False,3734,0,0
fastq-cleaner,18182.0,1775.0,1784.1652323580033,1784.1652323580033,FAMR_1.05,9.165232358003323,False,3716,0,0
fastq-cleaner,18182.0,1774.0,1774.0,1774.0,FAMR_1.05,0.0,False,3725,0,0
fastq-cleaner,18182.0,1774.0,1777.0428816466554,1777.0428816466554,FAMR_1.05,3.04288164665536,False,3737,0,0
fastq-cleaner,18182.0,1775.0,1784.125964010283,1784.125964010283,FAMR_1.05,9.125964010283042,False,3751,0,0
fastq-cleaner,18182.0,1774.0,1775.5188356164383,1775.5188356164383,FAMR_1.05,1.5188356164383094,False,3760,0,0
fastq-cleaner,18182.0,1775.0,1779.5708154506437,1779.5708154506437,FAMR_1.05,4.5708154506437495,False,3760,0,0
fastq-cleaner,18182.0,1775.0,1778.0923344947737,1778.0923344947737,FAMR_1.05,3.092334494773695,False,3747,0,0
fastq-cleaner,18182.0,1775.0,1781.0996563573883,1781.0996563573883,FAMR_1.05,6.099656357388312,False,3748,0,0
fastq-cleaner,18182.0,1775.0,1776.520994001714,1776.520994001714,FAMR_1.05,1.520994001713916,False,3765,0,0
fastq-cleaner,18182.0,1775.0,1781.068376068376,1781.068376068376,FAMR_1.05,6.068376068375983,False,3781,0,0
burrows-wheeler-aligner,10240.0,15243.0,15285.634254689041,15285.634254689041,FAMR_1.05,42.63425468904097,False,4144,0,0
burrows-wheeler-aligner,10240.0,15342.0,15403.214962593516,15403.214962593516,FAMR_1.05,61.21496259351625,False,4152,0,0
burrows-wheeler-aligner,10240.0,15308.0,15322.968709256842,15322.968709256842,FAMR_1.05,14.968709256841976,False,4343,0,0
burrows-wheeler-aligner,10240.0,15395.0,15412.874440205673,15412.874440205673,FAMR_1.05,17.874440205672727,False,4477,0,0
burrows-wheeler-aligner,10240.0,15224.0,15426.287401574806,15426.287401574806,FAMR_1.05,202.2874015748057,False,4079,0,0
burrows-wheeler-aligner,10240.0,15276.0,15231.077928443065,30462.15585688613,FAMR_1.05,15186.15585688613,False,4430,3955,1
burrows-wheeler-aligner,10240.0,15244.0,15273.841435562805,15273.841435562805,FAMR_1.05,29.84143556280469,False,4291,0,0
burrows-wheeler-aligner,10240.0,15395.0,15864.19056201868,15864.19056201868,FAMR_1.05,469.1905620186808,False,4473,0,0
burrows-wheeler-aligner,10240.0,15248.0,15707.562981162979,15707.562981162979,FAMR_1.05,459.56298116297876,False,4444,0,0
burrows-wheeler-aligner,10240.0,15208.0,15212.972372077815,15212.972372077815,FAMR_1.05,4.972372077814725,False,4504,0,0
burrows-wheeler-aligner,10240.0,15137.0,15223.497142857143,15223.497142857143,FAMR_1.05,86.49714285714253,False,4278,0,0
burrows-wheeler-aligner,10240.0,15257.0,15333.955255450697,15333.955255450697,FAMR_1.05,76.95525545069722,False,4508,0,0
burrows-wheeler-aligner,10240.0,15299.0,15365.561914323964,15365.561914323964,FAMR_1.05,66.56191432396372,False,4504,0,0
burrows-wheeler-aligner,10240.0,15240.0,15274.948402948403,15274.948402948403,FAMR_1.05,34.94840294840287,False,4439,0,0
burrows-wheeler-aligner,10240.0,15231.0,15379.878230616301,15379.878230616301,FAMR_1.05,148.87823061630115,False,4510,0,0
burrows-wheeler-aligner,10240.0,15312.0,15362.878883535472,15362.878883535472,FAMR_1.05,50.87888353547169,False,4479,0,0
burrows-wheeler-aligner,10240.0,15182.0,15236.781695916025,15236.781695916025,FAMR_1.05,54.781695916024546,False,4458,0,0
burrows-wheeler-aligner,10240.0,15247.0,15291.3943707538,15291.3943707538,FAMR_1.05,44.394370753800104,False,4507,0,0
burrows-wheeler-aligner,10240.0,15251.0,15233.34254052266,30466.68508104532,FAMR_1.05,15215.685081045322,False,4370,3902,1
burrows-wheeler-aligner,10240.0,15345.0,15367.902985074628,15367.902985074628,FAMR_1.05,22.902985074628305,False,4340,0,0
burrows-wheeler-aligner,10240.0,15226.0,15363.970226537218,15363.970226537218,FAMR_1.05,137.97022653721797,False,4351,0,0
burrows-wheeler-aligner,10240.0,15293.0,15456.807866108784,15456.807866108784,FAMR_1.05,163.80786610878386,False,4109,0,0
burrows-wheeler-aligner,10240.0,15226.0,15328.462987886945,15328.462987886945,FAMR_1.05,102.46298788694548,False,4443,0,0
burrows-wheeler-aligner,10240.0,15361.0,15401.27134196297,15401.27134196297,FAMR_1.05,40.27134196297084,False,4540,0,0
burrows-wheeler-aligner,10240.0,15292.0,15316.938030006522,15316.938030006522,FAMR_1.05,24.93803000652224,False,4486,0,0
burrows-wheeler-aligner,10240.0,15255.0,15178.902560691718,30357.805121383437,FAMR_1.05,15102.805121383437,False,4343,3877,1
burrows-wheeler-aligner,10240.0,15244.0,15324.139313290616,15324.139313290616,FAMR_1.05,80.13931329061597,False,4398,0,0
burrows-wheeler-aligner,10240.0,15225.0,15235.15338446149,15235.15338446149,FAMR_1.05,10.153384461489622,False,4529,0,0
burrows-wheeler-aligner,10240.0,15210.0,15207.514705882353,30415.029411764706,FAMR_1.05,15205.029411764706,False,4484,4003,1
burrows-wheeler-aligner,10240.0,15335.0,15426.53008549766,15426.53008549766,FAMR_1.05,91.53008549765946,False,4392,0,0
burrows-wheeler-aligner,15360.0,15446.0,15464.035362802333,15464.035362802333,FAMR_1.05,18.03536280233311,False,6374,0,0
burrows-wheeler-aligner,15360.0,15467.0,15607.154045307441,15607.154045307441,FAMR_1.05,140.15404530744127,False,6640,0,0
burrows-wheeler-aligner,15360.0,15409.0,15500.971769640262,15500.971769640262,FAMR_1.05,91.97176964026221,False,6350,0,0
burrows-wheeler-aligner,15360.0,15492.0,15643.429423459245,15643.429423459245,FAMR_1.05,151.4294234592453,False,6622,0,0
burrows-wheeler-aligner,15360.0,15499.0,15506.574034859097,15506.574034859097,FAMR_1.05,7.5740348590970825,False,6552,0,0
burrows-wheeler-aligner,15360.0,15352.0,15346.964080695423,30693.928161390846,FAMR_1.05,15341.928161390846,False,6579,5874,1
burrows-wheeler-aligner,15360.0,15334.0,15410.55516724913,15410.55516724913,FAMR_1.05,76.55516724912923,False,6610,0,0
burrows-wheeler-aligner,15360.0,15390.0,15448.838098404256,15448.838098404256,FAMR_1.05,58.838098404256016,False,6198,0,0
burrows-wheeler-aligner,15360.0,15402.0,15437.187336814619,15437.187336814619,FAMR_1.05,35.1873368146189,False,6391,0,0
burrows-wheeler-aligner,15360.0,15394.0,15619.043692509855,15619.043692509855,FAMR_1.05,225.04369250985474,False,6548,0,0
burrows-wheeler-aligner,15360.0,15445.0,15496.320817411532,15496.320817411532,FAMR_1.05,51.32081741153161,False,6288,0,0
burrows-wheeler-aligner,15360.0,15342.0,15426.10641728475,15426.10641728475,FAMR_1.05,84.10641728474911,False,6479,0,0
burrows-wheeler-aligner,15360.0,15353.0,15409.135283363801,15409.135283363801,FAMR_1.05,56.135283363801136,False,6378,0,0
burrows-wheeler-aligner,15360.0,15422.0,15464.96525729269,15464.96525729269,FAMR_1.05,42.965257292689785,False,6506,0,0
burrows-wheeler-aligner,15360.0,15510.0,15533.362343096236,15533.362343096236,FAMR_1.05,23.362343096236145,False,6492,0,0
burrows-wheeler-aligner,15360.0,15421.0,15465.901002911678,15465.901002911678,FAMR_1.05,44.901002911678006,False,6270,0,0
burrows-wheeler-aligner,15360.0,15429.0,15538.624421678784,15538.624421678784,FAMR_1.05,109.62442167878362,False,6639,0,0
burrows-wheeler-aligner,15360.0,15387.0,15402.10256829707,15402.10256829707,FAMR_1.05,15.10256829707032,False,6534,0,0
burrows-wheeler-aligner,15360.0,15397.0,15485.809327620302,15485.809327620302,FAMR_1.05,88.8093276203017,False,6647,0,0
burrows-wheeler-aligner,15360.0,15377.0,15315.60006388756,30631.20012777512,FAMR_1.05,15254.200127775119,False,6080,5428,1
burrows-wheeler-aligner,15360.0,15513.0,15538.889519359145,15538.889519359145,FAMR_1.05,25.889519359145197,False,6163,0,0
burrows-wheeler-aligner,15360.0,15439.0,15506.171017402945,15506.171017402945,FAMR_1.05,67.17101740294493,False,6594,0,0
burrows-wheeler-aligner,15360.0,15433.0,15463.21141924959,15463.21141924959,FAMR_1.05,30.211419249590108,False,6194,0,0
burrows-wheeler-aligner,15360.0,15432.0,15970.355109428992,15970.355109428992,FAMR_1.05,538.3551094289924,False,6649,0,0
burrows-wheeler-aligner,15360.0,15359.0,15811.548698641349,15811.548698641349,FAMR_1.05,452.5486986413489,False,6698,0,0
burrows-wheeler-aligner,15360.0,15353.0,15317.164388129378,30634.328776258757,FAMR_1.05,15281.328776258757,False,6761,6036,1
burrows-wheeler-aligner,15360.0,15442.0,15442.0,15442.0,FAMR_1.05,0.0,False,6428,0,0
burrows-wheeler-aligner,15360.0,15436.0,15402.826252273104,30805.652504546208,FAMR_1.05,15369.652504546208,False,6560,5857,1
burrows-wheeler-aligner,15360.0,15370.0,15554.875597297743,15554.875597297743,FAMR_1.05,184.8755972977433,False,6726,0,0
burrows-wheeler-aligner,15360.0,15449.0,15489.50204817303,15489.50204817303,FAMR_1.05,40.502048173029834,False,6561,0,0
burrows-wheeler-aligner,18182.0,15472.0,15487.043266893534,15487.043266893534,FAMR_1.05,15.043266893533655,False,7274,0,0
burrows-wheeler-aligner,18182.0,15500.0,15635.426969996704,15635.426969996704,FAMR_1.05,135.42696999670443,False,7987,0,0
burrows-wheeler-aligner,18182.0,15371.0,15388.67362023653,15388.67362023653,FAMR_1.05,17.67362023653004,False,7899,0,0
burrows-wheeler-aligner,18182.0,15459.0,15540.48377532532,15540.48377532532,FAMR_1.05,81.48377532531958,False,7857,0,0
burrows-wheeler-aligner,18182.0,15457.0,15477.503399104628,15477.503399104628,FAMR_1.05,20.503399104627533,False,7950,0,0
burrows-wheeler-aligner,18182.0,15413.0,15384.962460724326,30769.92492144865,FAMR_1.05,15356.924921448652,False,7856,7014,1
burrows-wheeler-aligner,18182.0,15567.0,15655.954285714286,15655.954285714286,FAMR_1.05,88.95428571428602,False,7759,0,0
burrows-wheeler-aligner,18182.0,15427.0,15455.325321315308,15455.325321315308,FAMR_1.05,28.32532131530752,False,7821,0,0
burrows-wheeler-aligner,18182.0,15444.0,15777.666666666668,15777.666666666668,FAMR_1.05,333.6666666666679,False,7875,0,0
burrows-wheeler-aligner,18182.0,15431.0,15901.287727347206,15901.287727347206,FAMR_1.05,470.2877273472059,False,8143,0,0
burrows-wheeler-aligner,18182.0,15496.0,15536.625266262496,15536.625266262496,FAMR_1.05,40.62526626249564,False,8189,0,0
burrows-wheeler-aligner,18182.0,15538.0,15543.179333333332,15543.179333333332,FAMR_1.05,5.17933333333167,False,7772,0,0
burrows-wheeler-aligner,18182.0,15485.0,15482.469771241831,30964.939542483662,FAMR_1.05,15479.939542483662,False,7610,6794,1
burrows-wheeler-aligner,18182.0,15443.0,15491.740365448504,15491.740365448504,FAMR_1.05,48.740365448504235,False,7669,0,0
burrows-wheeler-aligner,18182.0,15510.0,15555.880032867706,15555.880032867706,FAMR_1.05,45.88003286770618,False,7906,0,0
burrows-wheeler-aligner,18182.0,15500.0,15525.721871888485,15525.721871888485,FAMR_1.05,25.72187188848511,False,7903,0,0
burrows-wheeler-aligner,18182.0,15492.0,15551.257608514887,15551.257608514887,FAMR_1.05,59.25760851488667,False,7706,0,0
burrows-wheeler-aligner,18182.0,15448.0,15551.055370246831,15551.055370246831,FAMR_1.05,103.05537024683144,False,7818,0,0
burrows-wheeler-aligner,18182.0,15385.0,15549.79330543933,15549.79330543933,FAMR_1.05,164.79330543933065,False,7672,0,0
burrows-wheeler-aligner,18182.0,15412.0,15469.386433543792,15469.386433543792,FAMR_1.05,57.38643354379201,False,7752,0,0
burrows-wheeler-aligner,18182.0,15533.0,15605.390812250336,15605.390812250336,FAMR_1.05,72.39081225033624,False,7892,0,0
burrows-wheeler-aligner,18182.0,15516.0,15616.167850225951,15616.167850225951,FAMR_1.05,100.16785022595104,False,7815,0,0
burrows-wheeler-aligner,18182.0,15442.0,15603.669883854081,15603.669883854081,FAMR_1.05,161.6698838540815,False,7638,0,0
burrows-wheeler-aligner,18182.0,15451.0,15487.233500837521,15487.233500837521,FAMR_1.05,36.233500837521206,False,7683,0,0
burrows-wheeler-aligner,18182.0,15494.0,15432.13288612043,30864.26577224086,FAMR_1.05,15370.265772240858,False,7704,6878,1
burrows-wheeler-aligner,18182.0,15423.0,15500.502512562814,15500.502512562814,FAMR_1.05,77.50251256281445,False,7855,0,0
burrows-wheeler-aligner,18182.0,15436.0,15893.419122462343,15893.419122462343,FAMR_1.05,457.4191224623428,False,7708,0,0
burrows-wheeler-aligner,18182.0,15384.0,15333.684382665575,30667.36876533115,FAMR_1.05,15283.36876533115,False,7894,7048,1
burrows-wheeler-aligner,18182.0,15482.0,15492.324774924975,15492.324774924975,FAMR_1.05,10.324774924974918,False,7739,0,0
burrows-wheeler-aligner,18182.0,15490.0,15533.325106943072,15533.325106943072,FAMR_1.05,43.32510694307166,False,7568,0,0
picard-markduplicate,10240.0,57210.0,61256.20488516223,61256.20488516223,FAMR_1.05,4046.204885162231,False,5618,0,0
picard-markduplicate,10240.0,43045.0,49186.25291077412,49186.25291077412,FAMR_1.05,6141.252910774121,False,5593,0,0
picard-markduplicate,10240.0,50035.0,54922.94015229385,54922.94015229385,FAMR_1.05,4887.94015229385,False,5588,0,0
picard-markduplicate,10240.0,55042.0,68063.30657652122,68063.30657652122,FAMR_1.05,13021.306576521223,False,5516,0,0
picard-markduplicate,10240.0,60015.0,68086.62789900997,68086.62789900997,FAMR_1.05,8071.627899009967,False,5554,0,0
picard-markduplicate,10240.0,59382.0,69509.17906121872,69509.17906121872,FAMR_1.05,10127.179061218718,False,5036,0,0
picard-markduplicate,10240.0,45435.0,50826.94207467854,50826.94207467854,FAMR_1.05,5391.94207467854,False,6357,0,0
picard-markduplicate,10240.0,58006.0,64392.591285162714,64392.591285162714,FAMR_1.05,6386.5912851627145,False,5887,0,0
picard-markduplicate,10240.0,52401.0,56830.37538827572,56830.37538827572,FAMR_1.05,4429.375388275723,False,6227,0,0
picard-markduplicate,10240.0,54090.0,56668.49900894948,56668.49900894948,FAMR_1.05,2578.4990089494822,False,6705,0,0
picard-markduplicate,10240.0,56875.0,56307.11712654331,112614.23425308662,FAMR_1.05,55739.234253086615,False,6180,3650,1
picard-markduplicate,10240.0,55649.0,61361.799355704694,61361.799355704694,FAMR_1.05,5712.799355704694,False,5446,0,0
picard-markduplicate,10240.0,47479.0,50521.50070641971,50521.50070641971,FAMR_1.05,3042.5007064197125,False,6416,0,0
picard-markduplicate,10240.0,53733.0,60469.92589384445,60469.92589384445,FAMR_1.05,6736.925893844447,False,6282,0,0
picard-markduplicate,10240.0,56872.0,64099.18943851089,64099.18943851089,FAMR_1.05,7227.18943851089,False,8592,0,0
picard-markduplicate,10240.0,57557.0,61951.221041341654,61951.221041341654,FAMR_1.05,4394.221041341654,False,5917,0,0
picard-markduplicate,10240.0,41859.0,45383.6120596693,45383.6120596693,FAMR_1.05,3524.6120596693,False,5747,0,0
picard-markduplicate,10240.0,57840.0,60169.53765531233,60169.53765531233,FAMR_1.05,2329.537655312328,False,5926,0,0
picard-markduplicate,10240.0,57338.0,61528.28075896827,61528.28075896827,FAMR_1.05,4190.280758968271,False,8649,0,0
picard-markduplicate,10240.0,57639.0,79031.9813400997,79031.9813400997,FAMR_1.05,21392.981340099694,False,6005,0,0
picard-markduplicate,10240.0,58504.0,64555.65206920082,64555.65206920082,FAMR_1.05,6051.65206920082,False,5575,0,0
picard-markduplicate,10240.0,60182.0,60970.459666853836,60970.459666853836,FAMR_1.05,788.4596668538361,False,5456,0,0
picard-markduplicate,10240.0,49573.0,54804.70162057215,54804.70162057215,FAMR_1.05,5231.701620572152,False,6522,0,0
picard-markduplicate,10240.0,53844.0,48455.170825335896,96910.34165067179,FAMR_1.05,43066.34165067179,False,5879,3472,1
picard-markduplicate,10240.0,47554.0,48866.38703400489,48866.38703400489,FAMR_1.05,1312.3870340048888,False,5607,0,0
picard-markduplicate,10240.0,56624.0,73737.0150888139,73737.0150888139,FAMR_1.05,17113.015088813903,False,5575,0,0
picard-markduplicate,10240.0,57470.0,64882.476655921804,64882.476655921804,FAMR_1.05,7412.476655921804,False,6008,0,0
picard-markduplicate,10240.0,56070.0,61357.12354800896,61357.12354800896,FAMR_1.05,5287.12354800896,False,6417,0,0
picard-markduplicate,10240.0,46646.0,48572.24739690241,48572.24739690241,FAMR_1.05,1926.2473969024068,False,5435,0,0
picard-markduplicate,10240.0,37774.0,52751.210468821126,52751.210468821126,FAMR_1.05,14977.210468821126,False,6328,0,0
picard-markduplicate,15360.0,55697.0,58871.99806763285,58871.99806763285,FAMR_1.05,3174.9980676328487,False,7495,0,0
picard-markduplicate,15360.0,55684.0,61318.88015786876,61318.88015786876,FAMR_1.05,5634.8801578687635,False,11357,0,0
picard-markduplicate,15360.0,58083.0,63221.93858763437,63221.93858763437,FAMR_1.05,5138.938587634373,False,7771,0,0
picard-markduplicate,15360.0,51141.0,50736.24985823122,101472.49971646244,FAMR_1.05,50331.49971646244,False,8121,4796,1
picard-markduplicate,15360.0,55735.0,58429.351497545824,58429.351497545824,FAMR_1.05,2694.351497545824,False,7986,0,0
picard-markduplicate,15360.0,54584.0,59038.17123072081,59038.17123072081,FAMR_1.05,4454.171230720807,False,8252,0,0
picard-markduplicate,15360.0,55232.0,62355.81956951232,62355.81956951232,FAMR_1.05,7123.819569512321,False,8018,0,0
picard-markduplicate,15360.0,55800.0,69000.62692071297,69000.62692071297,FAMR_1.05,13200.626920712966,False,7762,0,0
picard-markduplicate,15360.0,45400.0,50191.30279736905,50191.30279736905,FAMR_1.05,4791.302797369048,False,8021,0,0
picard-markduplicate,15360.0,60968.0,66636.57325763981,66636.57325763981,FAMR_1.05,5668.573257639815,False,8165,0,0
picard-markduplicate,15360.0,49965.0,54819.65278651403,54819.65278651403,FAMR_1.05,4854.652786514031,False,7735,0,0
picard-markduplicate,15360.0,59404.0,66403.40015302219,66403.40015302219,FAMR_1.05,6999.400153022187,False,8210,0,0
picard-markduplicate,15360.0,38431.0,38888.97323311027,38888.97323311027,FAMR_1.05,457.9732331102714,False,8388,0,0
picard-markduplicate,15360.0,33206.0,37305.03956789868,37305.03956789868,FAMR_1.05,4099.039567898682,False,7697,0,0
picard-markduplicate,15360.0,46959.0,53658.66536036804,53658.66536036804,FAMR_1.05,6699.665360368039,False,7947,0,0
picard-markduplicate,15360.0,55513.0,61625.10636853494,61625.10636853494,FAMR_1.05,6112.106368534944,False,7866,0,0
picard-markduplicate,15360.0,59873.0,63977.304490302005,63977.304490302005,FAMR_1.05,4104.304490302005,False,9411,0,0
picard-markduplicate,15360.0,45874.0,53001.34987222557,53001.34987222557,FAMR_1.05,7127.349872225568,False,7662,0,0
picard-markduplicate,15360.0,56636.0,78662.25061113627,78662.25061113627,FAMR_1.05,22026.250611136275,False,8473,0,0
picard-markduplicate,15360.0,53626.0,55404.387658326574,55404.387658326574,FAMR_1.05,1778.3876583265737,False,7712,0,0
picard-markduplicate,15360.0,41171.0,44335.63733121131,44335.63733121131,FAMR_1.05,3164.6373312113064,False,8062,0,0
picard-markduplicate,15360.0,54633.0,58625.59842869849,58625.59842869849,FAMR_1.05,3992.5984286984894,False,7976,0,0
picard-markduplicate,15360.0,53668.0,47371.26182462644,94742.52364925288,FAMR_1.05,41074.52364925288,False,8153,4815,1
picard-markduplicate,15360.0,60484.0,62920.02620234977,62920.02620234977,FAMR_1.05,2436.0262023497708,False,9423,0,0
picard-markduplicate,15360.0,61305.0,69969.23895563334,69969.23895563334,FAMR_1.05,8664.238955633336,False,8037,0,0
picard-markduplicate,15360.0,49393.0,67122.9653560484,67122.9653560484,FAMR_1.05,17729.9653560484,False,8290,0,0
picard-markduplicate,15360.0,59074.0,65162.51402478801,65162.51402478801,FAMR_1.05,6088.514024788012,False,7972,0,0
picard-markduplicate,15360.0,57401.0,59923.781107231924,59923.781107231924,FAMR_1.05,2522.7811072319237,False,9410,0,0
picard-markduplicate,15360.0,61496.0,80764.63894130856,80764.63894130856,FAMR_1.05,19268.638941308556,False,11880,0,0
picard-markduplicate,15360.0,50712.0,57156.38793792666,57156.38793792666,FAMR_1.05,6444.387937926658,False,8168,0,0
picard-markduplicate,18182.0,56244.0,61105.80479289001,61105.80479289001,FAMR_1.05,4861.804792890012,False,8935,0,0
picard-markduplicate,18182.0,57401.0,55012.53871620817,110025.07743241634,FAMR_1.05,52624.077432416336,False,9820,5800,1
picard-markduplicate,18182.0,46456.0,53968.19955538875,53968.19955538875,FAMR_1.05,7512.199555388746,False,9607,0,0
picard-markduplicate,18182.0,46867.0,53170.307252235274,53170.307252235274,FAMR_1.05,6303.307252235274,False,10126,0,0
picard-markduplicate,18182.0,55020.0,61335.461440136336,61335.461440136336,FAMR_1.05,6315.461440136336,False,10435,0,0
picard-markduplicate,18182.0,57267.0,63128.094524119944,63128.094524119944,FAMR_1.05,5861.094524119944,False,9779,0,0
picard-markduplicate,18182.0,42432.0,44184.23019220003,44184.23019220003,FAMR_1.05,1752.2301922000333,False,10584,0,0
picard-markduplicate,18182.0,42963.0,43684.27885134659,43684.27885134659,FAMR_1.05,721.278851346593,False,9220,0,0
picard-markduplicate,18182.0,60897.0,79977.9533239376,79977.9533239376,FAMR_1.05,19080.953323937603,False,10882,0,0
picard-markduplicate,18182.0,42992.0,46032.62996718921,46032.62996718921,FAMR_1.05,3040.629967189212,False,9428,0,0
picard-markduplicate,18182.0,47118.0,104205.456154465,104205.456154465,FAMR_1.05,57087.456154465006,False,13560,0,0
picard-markduplicate,18182.0,58667.0,65909.01512768511,65909.01512768511,FAMR_1.05,7242.01512768511,False,10571,0,0
picard-markduplicate,18182.0,46772.0,51269.11927604843,51269.11927604843,FAMR_1.05,4497.119276048426,False,8541,0,0
picard-markduplicate,18182.0,56244.0,62174.790497148235,62174.790497148235,FAMR_1.05,5930.790497148235,False,9030,0,0
picard-markduplicate,18182.0,56244.0,60494.659650745925,60494.659650745925,FAMR_1.05,4250.659650745925,False,9528,0,0
picard-markduplicate,18182.0,52806.0,59592.48486408944,59592.48486408944,FAMR_1.05,6786.4848640894415,False,9147,0,0
picard-markduplicate,18182.0,43444.0,45203.43559130325,45203.43559130325,FAMR_1.05,1759.4355913032487,False,8935,0,0
picard-markduplicate,18182.0,55412.0,59689.493730407514,59689.493730407514,FAMR_1.05,4277.493730407514,False,9566,0,0
picard-markduplicate,18182.0,45364.0,52315.31442424242,52315.31442424242,FAMR_1.05,6951.314424242417,False,9170,0,0
picard-markduplicate,18182.0,55124.0,54938.77321058688,109877.54642117376,FAMR_1.05,54753.546421173756,False,9331,5511,1
picard-markduplicate,18182.0,55124.0,58266.3342995169,58266.3342995169,FAMR_1.05,3142.3342995169005,False,10390,0,0
picard-markduplicate,18182.0,42132.0,56659.41965338106,56659.41965338106,FAMR_1.05,14527.419653381061,False,8871,0,0
picard-markduplicate,18182.0,52980.0,57257.75816649105,57257.75816649105,FAMR_1.05,4277.758166491047,False,8995,0,0
picard-markduplicate,18182.0,58040.0,64067.05079279764,64067.05079279764,FAMR_1.05,6027.050792797643,False,9478,0,0
picard-markduplicate,18182.0,60148.0,61807.95405899243,61807.95405899243,FAMR_1.05,1659.954058992429,False,9458,0,0
picard-markduplicate,18182.0,48084.0,56643.8937976061,56643.8937976061,FAMR_1.05,8559.893797606099,False,13748,0,0
picard-markduplicate,18182.0,56308.0,58983.823691141144,58983.823691141144,FAMR_1.05,2675.823691141144,False,13422,0,0
picard-markduplicate,18182.0,51051.0,57202.70003469496,57202.70003469496,FAMR_1.05,6151.700034694957,False,9421,0,0
picard-markduplicate,18182.0,55444.0,62712.61336273047,62712.61336273047,FAMR_1.05,7268.613362730473,False,10687,0,0
picard-markduplicate,18182.0,56308.0,61527.16066180912,61527.16066180912,FAMR_1.05,5219.160661809117,False,10324,0,0
samtools-sort-markduplicate,10240.0,20473.0,20473.0,20473.0,FAMR_1.05,0.0,False,1250,0,0
samtools-sort-markduplicate,10240.0,20392.0,23811.51114435303,23811.51114435303,FAMR_1.05,3419.5111443530295,False,1213,0,0
samtools-sort-markduplicate,10240.0,20423.0,20873.921803127872,20873.921803127872,FAMR_1.05,450.9218031278724,False,1255,0,0
samtools-sort-markduplicate,10240.0,20498.0,20513.345111543644,20513.345111543644,FAMR_1.05,15.345111543643725,False,1676,0,0
samtools-sort-markduplicate,10240.0,20433.0,20646.743823725792,20646.743823725792,FAMR_1.05,213.74382372579203,False,1214,0,0
samtools-sort-markduplicate,10240.0,20387.0,20405.31716082659,20405.31716082659,FAMR_1.05,18.317160826591135,False,1256,0,0
samtools-sort-markduplicate,10240.0,20478.0,20514.814382022472,20514.814382022472,FAMR_1.05,36.81438202247227,False,1692,0,0
samtools-sort-markduplicate,10240.0,20489.0,23942.684730538927,23942.684730538927,FAMR_1.05,3453.6847305389274,False,1539,0,0
samtools-sort-markduplicate,10240.0,20499.0,20580.597080937638,20580.597080937638,FAMR_1.05,81.59708093763766,False,1510,0,0
samtools-sort-markduplicate,10240.0,20508.0,20572.61635408852,20572.61635408852,FAMR_1.05,64.6163540885209,False,1910,0,0
samtools-sort-markduplicate,10240.0,20445.0,24379.79048189165,24379.79048189165,FAMR_1.05,3934.7904818916504,False,1731,0,0
samtools-sort-markduplicate,10240.0,20501.0,20556.333333333332,20556.333333333332,FAMR_1.05,55.33333333333212,False,1413,0,0
samtools-sort-markduplicate,10240.0,20461.0,24429.30545563549,24429.30545563549,FAMR_1.05,3968.305455635491,False,1497,0,0
samtools-sort-markduplicate,10240.0,20433.0,24434.96082845565,24434.96082845565,FAMR_1.05,4001.960828455649,False,1249,0,0
samtools-sort-markduplicate,10240.0,20412.0,20418.10771992819,20418.10771992819,FAMR_1.05,6.107719928189908,False,1585,0,0
samtools-sort-markduplicate,10240.0,20467.0,20506.866796523827,20506.866796523827,FAMR_1.05,39.86679652382736,False,1352,0,0
samtools-sort-markduplicate,10240.0,20400.0,20520.96056922621,20520.96056922621,FAMR_1.05,120.96056922620846,False,1811,0,0
samtools-sort-markduplicate,10240.0,20419.0,20687.850926132563,20687.850926132563,FAMR_1.05,268.8509261325635,False,1739,0,0
samtools-sort-markduplicate,10240.0,20454.0,20454.0,20454.0,FAMR_1.05,0.0,False,1656,0,0
samtools-sort-markduplicate,10240.0,20542.0,24488.129263913823,24488.129263913823,FAMR_1.05,3946.129263913823,False,1538,0,0
samtools-sort-markduplicate,10240.0,20491.0,22564.640119760475,22564.640119760475,FAMR_1.05,2073.6401197604755,False,1557,0,0
samtools-sort-markduplicate,10240.0,20515.0,20542.220256523662,20542.220256523662,FAMR_1.05,27.2202565236621,False,1166,0,0
samtools-sort-markduplicate,10240.0,20415.0,21321.39406487233,21321.39406487233,FAMR_1.05,906.3940648723292,False,1420,0,0
samtools-sort-markduplicate,10240.0,20504.0,23963.800568947445,23963.800568947445,FAMR_1.05,3459.800568947445,False,1225,0,0
samtools-sort-markduplicate,10240.0,20425.0,20588.25488454707,20588.25488454707,FAMR_1.05,163.2548845470701,False,1283,0,0
samtools-sort-markduplicate,10240.0,20447.0,20456.181409968565,20456.181409968565,FAMR_1.05,9.181409968565276,False,1273,0,0
samtools-sort-markduplicate,10240.0,20449.0,20479.639796224154,20479.639796224154,FAMR_1.05,30.639796224153542,False,1052,0,0
samtools-sort-markduplicate,10240.0,20470.0,20476.12415856395,20476.12415856395,FAMR_1.05,6.124158563950914,False,1811,0,0
samtools-sort-markduplicate,10240.0,20511.0,24473.142857142855,24473.142857142855,FAMR_1.05,3962.142857142855,False,1361,0,0
samtools-sort-markduplicate,10240.0,20493.0,20868.673693858847,20868.673693858847,FAMR_1.05,375.6736938588474,False,1415,0,0
samtools-sort-markduplicate,15360.0,20468.0,20767.07579908676,20767.07579908676,FAMR_1.05,299.0757990867605,False,1820,0,0
samtools-sort-markduplicate,15360.0,20487.0,20496.1966182852,20496.1966182852,FAMR_1.05,9.196618285201112,False,2338,0,0
samtools-sort-markduplicate,15360.0,20506.0,24468.363690832837,24468.363690832837,FAMR_1.05,3962.363690832837,False,2035,0,0
samtools-sort-markduplicate,15360.0,20467.0,20521.4335106383,20521.4335106383,FAMR_1.05,54.433510638300504,False,2034,0,0
samtools-sort-markduplicate,15360.0,20483.0,20510.6051212938,20510.6051212938,FAMR_1.05,27.60512129380004,False,1880,0,0
samtools-sort-markduplicate,15360.0,20418.0,20439.39931127414,20439.39931127414,FAMR_1.05,21.399311274140928,False,2076,0,0
samtools-sort-markduplicate,15360.0,20447.0,20492.98965362123,20492.98965362123,FAMR_1.05,45.98965362122908,False,2053,0,0
samtools-sort-markduplicate,15360.0,20471.0,20662.14762116496,20662.14762116496,FAMR_1.05,191.14762116496058,False,1821,0,0
samtools-sort-markduplicate,15360.0,20430.0,23877.313969157058,23877.313969157058,FAMR_1.05,3447.3139691570577,False,1883,0,0
samtools-sort-markduplicate,15360.0,20467.0,22528.093969774054,22528.093969774054,FAMR_1.05,2061.093969774054,False,2013,0,0
samtools-sort-markduplicate,15360.0,20407.0,20394.978203240058,40789.956406480116,FAMR_1.05,20382.956406480116,False,1791,521,1
samtools-sort-markduplicate,15360.0,20465.0,20733.874290833086,20733.874290833086,FAMR_1.05,268.874290833086,False,2378,0,0
samtools-sort-markduplicate,15360.0,20453.0,55333.6770871644,55333.6770871644,FAMR_1.05,34880.6770871644,False,2091,0,0
samtools-sort-markduplicate,15360.0,20445.0,20445.0,20445.0,FAMR_1.05,0.0,False,1832,0,0
samtools-sort-markduplicate,15360.0,20456.0,24423.33573141487,24423.33573141487,FAMR_1.05,3967.3357314148707,False,2204,0,0
samtools-sort-markduplicate,15360.0,20497.0,20503.134989524093,20503.134989524093,FAMR_1.05,6.134989524092816,False,1806,0,0
samtools-sort-markduplicate,15360.0,20401.0,24334.605988023955,24334.605988023955,FAMR_1.05,3933.6059880239554,False,2017,0,0
samtools-sort-markduplicate,15360.0,20499.0,20532.776063511083,20532.776063511083,FAMR_1.05,33.77606351108261,False,1731,0,0
samtools-sort-markduplicate,15360.0,20419.0,20614.245052257058,20614.245052257058,FAMR_1.05,195.24505225705798,False,1913,0,0
samtools-sort-markduplicate,15360.0,20421.0,20442.399251497005,20442.399251497005,FAMR_1.05,21.399251497005025,False,1804,0,0
samtools-sort-markduplicate,15360.0,20472.0,20610.69918699187,20610.69918699187,FAMR_1.05,138.6991869918711,False,1818,0,0
samtools-sort-markduplicate,15360.0,20400.0,22477.890952666265,22477.890952666265,FAMR_1.05,2077.8909526662646,False,1693,0,0
samtools-sort-markduplicate,15360.0,20433.0,23870.098473510923,23870.098473510923,FAMR_1.05,3437.098473510923,False,1730,0,0
samtools-sort-markduplicate,15360.0,20467.0,20473.03390330189,20473.03390330189,FAMR_1.05,6.03390330188995,False,1977,0,0
samtools-sort-markduplicate,15360.0,20411.0,24329.496633248542,24329.496633248542,FAMR_1.05,3918.496633248542,False,2071,0,0
samtools-sort-markduplicate,15360.0,20486.0,20595.258666666665,20595.258666666665,FAMR_1.05,109.2586666666648,False,2329,0,0
samtools-sort-markduplicate,15360.0,20437.0,20455.06984969054,20455.06984969054,FAMR_1.05,18.06984969053883,False,1763,0,0
samtools-sort-markduplicate,15360.0,20498.0,22579.10871518419,22579.10871518419,FAMR_1.05,2081.1087151841894,False,2073,0,0
samtools-sort-markduplicate,15360.0,20486.0,20558.64539007092,20558.64539007092,FAMR_1.05,72.64539007092026,False,2139,0,0
samtools-sort-markduplicate,15360.0,20415.0,20829.00405588103,20829.00405588103,FAMR_1.05,414.00405588102876,False,2157,0,0
samtools-sort-markduplicate,18182.0,20468.0,20495.15789473684,20495.15789473684,FAMR_1.05,27.157894736839808,False,2013,0,0
samtools-sort-markduplicate,18182.0,20480.0,20544.52813203301,20544.52813203301,FAMR_1.05,64.52813203301048,False,2526,0,0
samtools-sort-markduplicate,18182.0,20500.0,20506.135887458848,20506.135887458848,FAMR_1.05,6.135887458847719,False,2808,0,0
samtools-sort-markduplicate,18182.0,20444.0,20447.05910519228,20447.05910519228,FAMR_1.05,3.0591051922783663,False,2718,0,0
samtools-sort-markduplicate,18182.0,20439.0,24388.41731575794,24388.41731575794,FAMR_1.05,3949.417315757939,False,2472,0,0
samtools-sort-markduplicate,18182.0,20454.0,20563.088000000003,20563.088000000003,FAMR_1.05,109.08800000000338,False,2390,0,0
samtools-sort-markduplicate,18182.0,20430.0,20624.513537637606,20624.513537637606,FAMR_1.05,194.51353763760562,False,2940,0,0
samtools-sort-markduplicate,18182.0,20496.0,20535.923284387172,20535.923284387172,FAMR_1.05,39.923284387172316,False,3152,0,0
samtools-sort-markduplicate,18182.0,20512.0,24475.523067705217,24475.523067705217,FAMR_1.05,3963.523067705217,False,2257,0,0
samtools-sort-markduplicate,18182.0,20425.0,24349.827895839568,24349.827895839568,FAMR_1.05,3924.8278958395676,False,2468,0,0
samtools-sort-markduplicate,18182.0,20444.0,22502.77779440371,22502.77779440371,FAMR_1.05,2058.7777944037116,False,2391,0,0
samtools-sort-markduplicate,18182.0,20468.0,20477.188089181505,20477.188089181505,FAMR_1.05,9.188089181505347,False,2463,0,0
samtools-sort-markduplicate,18182.0,20516.0,20570.563829787232,20570.563829787232,FAMR_1.05,54.56382978723195,False,2207,0,0
samtools-sort-markduplicate,18182.0,20468.0,20501.72498502097,20501.72498502097,FAMR_1.05,33.72498502097005,False,2134,0,0
samtools-sort-markduplicate,18182.0,20476.0,20690.193634542622,20690.193634542622,FAMR_1.05,214.19363454262202,False,2088,0,0
samtools-sort-markduplicate,18182.0,20482.0,20469.934020618555,40939.86804123711,FAMR_1.05,20457.86804123711,False,1989,578,1
samtools-sort-markduplicate,18182.0,20466.0,20478.249588508155,20478.249588508155,FAMR_1.05,12.249588508155284,False,2362,0,0
samtools-sort-markduplicate,18182.0,20448.0,21245.650298301975,21245.650298301975,FAMR_1.05,797.6502983019745,False,2562,0,0
samtools-sort-markduplicate,18182.0,20425.0,24418.06451612903,24418.06451612903,FAMR_1.05,3993.0645161290304,False,2327,0,0
samtools-sort-markduplicate,18182.0,20492.0,20715.582275662437,20715.582275662437,FAMR_1.05,223.5822756624366,False,2380,0,0
samtools-sort-markduplicate,18182.0,20449.0,23917.42493257417,23917.42493257417,FAMR_1.05,3468.4249325741694,False,2350,0,0
samtools-sort-markduplicate,18182.0,20486.0,22559.134131736526,22559.134131736526,FAMR_1.05,2073.134131736526,False,2345,0,0
samtools-sort-markduplicate,18182.0,20501.0,20528.201680672268,20528.201680672268,FAMR_1.05,27.201680672267685,False,1914,0,0
samtools-sort-markduplicate,18182.0,20431.0,22508.67695072637,22508.67695072637,FAMR_1.05,2077.6769507263707,False,2414,0,0
samtools-sort-markduplicate,18182.0,20484.0,24433.609580838325,24433.609580838325,FAMR_1.05,3949.609580838325,False,2704,0,0
samtools-sort-markduplicate,18182.0,20476.0,23920.331637234365,23920.331637234365,FAMR_1.05,3444.331637234365,False,2991,0,0
samtools-sort-markduplicate,18182.0,20468.0,20474.03419811321,20474.03419811321,FAMR_1.05,6.03419811321146,False,2019,0,0
samtools-sort-markduplicate,18182.0,20382.0,20679.819178082194,20679.819178082194,FAMR_1.05,297.8191780821944,False,2703,0,0
samtools-sort-markduplicate,18182.0,20483.0,20605.54398404609,20605.54398404609,FAMR_1.05,122.54398404608946,False,2477,0,0
samtools-sort-markduplicate,18182.0,20429.0,20447.35489667565,20447.35489667565,FAMR_1.05,18.354896675649798,False,2301,0,0
samtools-index-markduplicate,10240.0,34.0,45.33333333333333,45.33333333333333,FAMR_1.05,11.333333333333329,False,123,0,0
samtools-index-markduplicate,10240.0,34.0,35.78947368421053,35.78947368421053,FAMR_1.05,1.7894736842105274,False,100,0,0
samtools-index-markduplicate,10240.0,34.0,37.77777777777778,37.77777777777778,FAMR_1.05,3.7777777777777786,False,108,0,0
samtools-index-markduplicate,10240.0,34.0,48.16666666666667,48.16666666666667,FAMR_1.05,14.166666666666671,False,394,0,0
samtools-index-markduplicate,10240.0,34.0,42.5,42.5,FAMR_1.05,8.5,False,141,0,0
samtools-index-markduplicate,10240.0,34.0,56.66666666666667,56.66666666666667,FAMR_1.05,22.66666666666667,False,120,0,0
samtools-index-markduplicate,10240.0,34.0,75.55555555555556,75.55555555555556,FAMR_1.05,41.55555555555556,False,98,0,0
samtools-index-markduplicate,10240.0,34.0,52.30769230769231,52.30769230769231,FAMR_1.05,18.307692307692307,False,495,0,0
samtools-index-markduplicate,10240.0,34.0,64.22222222222223,64.22222222222223,FAMR_1.05,30.22222222222223,False,157,0,0
samtools-index-markduplicate,10240.0,34.0,45.33333333333333,45.33333333333333,FAMR_1.05,11.333333333333329,False,513,0,0
samtools-index-markduplicate,10240.0,34.0,42.5,42.5,FAMR_1.05,8.5,False,144,0,0
samtools-index-markduplicate,10240.0,34.0,26.444444444444446,52.88888888888889,FAMR_1.05,18.888888888888893,False,133,128,1
samtools-index-markduplicate,10240.0,34.0,39.66666666666667,39.66666666666667,FAMR_1.05,5.666666666666671,False,507,0,0
samtools-index-markduplicate,10240.0,34.0,36.125,36.125,FAMR_1.05,2.125,False,162,0,0
samtools-index-markduplicate,10240.0,34.0,37.77777777777778,37.77777777777778,FAMR_1.05,3.7777777777777786,False,444,0,0
samtools-index-markduplicate,10240.0,34.0,48.57142857142858,48.57142857142858,FAMR_1.05,14.571428571428577,False,155,0,0
samtools-index-markduplicate,10240.0,34.0,45.33333333333333,45.33333333333333,FAMR_1.05,11.333333333333329,False,329,0,0
samtools-index-markduplicate,10240.0,34.0,61.81818181818182,61.81818181818182,FAMR_1.05,27.81818181818182,False,165,0,0
samtools-index-markduplicate,10240.0,34.0,32.38095238095238,64.76190476190476,FAMR_1.05,30.76190476190476,False,198,190,1
samtools-index-markduplicate,10240.0,34.0,35.78947368421053,35.78947368421053,FAMR_1.05,1.7894736842105274,False,101,0,0
samtools-index-markduplicate,10240.0,34.0,40.0,40.0,FAMR_1.05,6.0,False,136,0,0
samtools-index-markduplicate,10240.0,34.0,34.0,34.0,FAMR_1.05,0.0,False,130,0,0
samtools-index-markduplicate,10240.0,34.0,52.88888888888889,52.88888888888889,FAMR_1.05,18.888888888888893,False,135,0,0
samtools-index-markduplicate,10240.0,34.0,45.33333333333333,45.33333333333333,FAMR_1.05,11.333333333333329,False,127,0,0
samtools-index-markduplicate,10240.0,34.0,56.66666666666667,56.66666666666667,FAMR_1.05,22.66666666666667,False,110,0,0
samtools-index-markduplicate,10240.0,34.0,96.33333333333334,96.33333333333334,FAMR_1.05,62.33333333333334,False,144,0,0
samtools-index-markduplicate,10240.0,34.0,43.06666666666667,43.06666666666667,FAMR_1.05,9.06666666666667,False,132,0,0
samtools-index-markduplicate,10240.0,34.0,39.66666666666667,39.66666666666667,FAMR_1.05,5.666666666666671,False,225,0,0
samtools-index-markduplicate,10240.0,34.0,38.00000000000001,38.00000000000001,FAMR_1.05,4.000000000000007,False,123,0,0
samtools-index-markduplicate,10240.0,34.0,71.77777777777779,71.77777777777779,FAMR_1.05,37.777777777777786,False,202,0,0
samtools-index-markduplicate,15360.0,34.0,61.81818181818182,61.81818181818182,FAMR_1.05,27.81818181818182,False,132,0,0
samtools-index-markduplicate,15360.0,34.0,32.38095238095238,64.76190476190476,FAMR_1.05,30.76190476190476,False,364,349,1
samtools-index-markduplicate,15360.0,34.0,41.285714285714285,41.285714285714285,FAMR_1.05,7.285714285714285,False,111,0,0
samtools-index-markduplicate,15360.0,34.0,40.0,40.0,FAMR_1.05,6.0,False,124,0,0
samtools-index-markduplicate,15360.0,34.0,37.77777777777778,37.77777777777778,FAMR_1.05,3.7777777777777786,False,177,0,0
samtools-index-markduplicate,15360.0,34.0,49.69230769230769,49.69230769230769,FAMR_1.05,15.692307692307693,False,190,0,0
samtools-index-markduplicate,15360.0,34.0,75.55555555555556,75.55555555555556,FAMR_1.05,41.55555555555556,False,143,0,0
samtools-index-markduplicate,15360.0,34.0,35.78947368421053,35.78947368421053,FAMR_1.05,1.7894736842105274,False,91,0,0
samtools-index-markduplicate,15360.0,34.0,45.33333333333333,45.33333333333333,FAMR_1.05,11.333333333333329,False,118,0,0
samtools-index-markduplicate,15360.0,34.0,45.33333333333333,45.33333333333333,FAMR_1.05,11.333333333333329,False,106,0,0
samtools-index-markduplicate,15360.0,34.0,49.69230769230769,49.69230769230769,FAMR_1.05,15.692307692307693,False,162,0,0
samtools-index-markduplicate,15360.0,34.0,48.16666666666667,48.16666666666667,FAMR_1.05,14.166666666666671,False,565,0,0
samtools-index-markduplicate,15360.0,34.0,56.66666666666667,56.66666666666667,FAMR_1.05,22.66666666666667,False,160,0,0
samtools-index-markduplicate,15360.0,34.0,56.66666666666667,56.66666666666667,FAMR_1.05,22.66666666666667,False,105,0,0
samtools-index-markduplicate,15360.0,34.0,61.81818181818182,61.81818181818182,FAMR_1.05,27.81818181818182,False,146,0,0
samtools-index-markduplicate,15360.0,34.0,39.66666666666667,39.66666666666667,FAMR_1.05,5.666666666666671,False,118,0,0
samtools-index-markduplicate,15360.0,34.0,37.77777777777778,37.77777777777778,FAMR_1.05,3.7777777777777786,False,139,0,0
samtools-index-markduplicate,15360.0,34.0,52.88888888888889,52.88888888888889,FAMR_1.05,18.888888888888893,False,120,0,0
samtools-index-markduplicate,15360.0,34.0,42.5,42.5,FAMR_1.05,8.5,False,450,0,0
samtools-index-markduplicate,15360.0,34.0,42.5,42.5,FAMR_1.05,8.5,False,157,0,0
samtools-index-markduplicate,15360.0,34.0,31.733333333333334,63.46666666666667,FAMR_1.05,29.46666666666667,False,121,116,1
samtools-index-markduplicate,15360.0,34.0,37.77777777777778,37.77777777777778,FAMR_1.05,3.7777777777777786,False,113,0,0
samtools-index-markduplicate,15360.0,34.0,45.33333333333333,45.33333333333333,FAMR_1.05,11.333333333333329,False,172,0,0
samtools-index-markduplicate,15360.0,34.0,40.0,40.0,FAMR_1.05,6.0,False,208,0,0
samtools-index-markduplicate,15360.0,33.0,69.66666666666667,69.66666666666667,FAMR_1.05,36.66666666666667,False,174,0,0
samtools-index-markduplicate,15360.0,34.0,36.61538461538462,36.61538461538462,FAMR_1.05,2.6153846153846203,False,158,0,0
samtools-index-markduplicate,15360.0,34.0,35.78947368421053,35.78947368421053,FAMR_1.05,1.7894736842105274,False,116,0,0
samtools-index-markduplicate,15360.0,34.0,92.28571428571429,92.28571428571429,FAMR_1.05,58.28571428571429,False,158,0,0
samtools-index-markduplicate,15360.0,34.0,46.142857142857146,46.142857142857146,FAMR_1.05,12.142857142857146,False,487,0,0
samtools-index-markduplicate,15360.0,34.0,34.0,34.0,FAMR_1.05,0.0,False,142,0,0
samtools-index-markduplicate,18182.0,34.0,37.77777777777778,37.77777777777778,FAMR_1.05,3.7777777777777786,False,129,0,0
samtools-index-markduplicate,18182.0,34.0,45.33333333333333,45.33333333333333,FAMR_1.05,11.333333333333329,False,440,0,0
samtools-index-markduplicate,18182.0,34.0,43.06666666666667,43.06666666666667,FAMR_1.05,9.06666666666667,False,405,0,0
samtools-index-markduplicate,18182.0,34.0,107.66666666666666,107.66666666666666,FAMR_1.05,73.66666666666666,False,183,0,0
samtools-index-markduplicate,18182.0,34.0,56.66666666666667,56.66666666666667,FAMR_1.05,22.66666666666667,False,158,0,0
samtools-index-markduplicate,18182.0,34.0,61.81818181818182,61.81818181818182,FAMR_1.05,27.81818181818182,False,132,0,0
samtools-index-markduplicate,18182.0,34.0,45.33333333333333,45.33333333333333,FAMR_1.05,11.333333333333329,False,384,0,0
samtools-index-markduplicate,18182.0,34.0,35.78947368421053,35.78947368421053,FAMR_1.05,1.7894736842105274,False,234,0,0
samtools-index-markduplicate,18182.0,34.0,32.3,64.6,FAMR_1.05,30.599999999999994,False,228,219,1
samtools-index-markduplicate,18182.0,34.0,56.66666666666667,56.66666666666667,FAMR_1.05,22.66666666666667,False,392,0,0
samtools-index-markduplicate,18182.0,34.0,36.125,36.125,FAMR_1.05,2.125,False,216,0,0
samtools-index-markduplicate,18182.0,34.0,52.30769230769231,52.30769230769231,FAMR_1.05,18.307692307692307,False,419,0,0
samtools-index-markduplicate,18182.0,34.0,40.0,40.0,FAMR_1.05,6.0,False,180,0,0
samtools-index-markduplicate,18182.0,34.0,42.5,42.5,FAMR_1.05,8.5,False,118,0,0
samtools-index-markduplicate,18182.0,34.0,75.55555555555556,75.55555555555556,FAMR_1.05,41.55555555555556,False,123,0,0
samtools-index-markduplicate,18182.0,34.0,59.50000000000001,59.50000000000001,FAMR_1.05,25.500000000000007,False,171,0,0
samtools-index-markduplicate,18182.0,34.0,42.5,42.5,FAMR_1.05,8.5,False,150,0,0
samtools-index-markduplicate,18182.0,34.0,45.33333333333333,45.33333333333333,FAMR_1.05,11.333333333333329,False,415,0,0
samtools-index-markduplicate,18182.0,34.0,34.0,34.0,FAMR_1.05,0.0,False,146,0,0
samtools-index-markduplicate,18182.0,34.0,48.57142857142858,48.57142857142858,FAMR_1.05,14.571428571428577,False,147,0,0
samtools-index-markduplicate,18182.0,34.0,48.57142857142858,48.57142857142858,FAMR_1.05,14.571428571428577,False,150,0,0
samtools-index-markduplicate,18182.0,34.0,39.66666666666667,39.66666666666667,FAMR_1.05,5.666666666666671,False,106,0,0
samtools-index-markduplicate,18182.0,34.0,71.77777777777779,71.77777777777779,FAMR_1.05,37.777777777777786,False,133,0,0
samtools-index-markduplicate,18182.0,34.0,46.142857142857146,46.142857142857146,FAMR_1.05,12.142857142857146,False,239,0,0
samtools-index-markduplicate,18182.0,34.0,56.66666666666667,56.66666666666667,FAMR_1.05,22.66666666666667,False,197,0,0
samtools-index-markduplicate,18182.0,34.0,37.77777777777778,37.77777777777778,FAMR_1.05,3.7777777777777786,False,185,0,0
samtools-index-markduplicate,18182.0,33.0,34.73684210526316,34.73684210526316,FAMR_1.05,1.7368421052631575,False,116,0,0
samtools-index-markduplicate,18182.0,34.0,37.77777777777778,37.77777777777778,FAMR_1.05,3.7777777777777786,False,540,0,0
samtools-index-markduplicate,18182.0,34.0,32.38095238095238,64.76190476190476,FAMR_1.05,30.76190476190476,False,218,209,1
samtools-index-markduplicate,18182.0,34.0,40.0,40.0,FAMR_1.05,6.0,False,146,0,0
picard-validate-sam,10240.0,2870.0,25417.64367816092,25417.64367816092,FAMR_1.05,22547.64367816092,False,1127,0,0
picard-validate-sam,10240.0,3270.0,19798.363636363636,19798.363636363636,FAMR_1.05,16528.363636363636,False,1355,0,0
picard-validate-sam,10240.0,3494.0,4342.6176911544235,4342.6176911544235,FAMR_1.05,848.6176911544235,False,1130,0,0
picard-validate-sam,10240.0,3646.0,3646.0,3646.0,FAMR_1.05,0.0,False,1293,0,0
picard-validate-sam,10240.0,3528.0,23905.24137931034,23905.24137931034,FAMR_1.05,20377.24137931034,False,1264,0,0
picard-validate-sam,10240.0,3257.0,5726.517497348886,5726.517497348886,FAMR_1.05,2469.5174973488856,False,1149,0,0
picard-validate-sam,10240.0,3103.0,19135.166666666664,19135.166666666664,FAMR_1.05,16032.166666666664,False,1275,0,0
picard-validate-sam,10240.0,3048.0,19964.399999999998,19964.399999999998,FAMR_1.05,16916.399999999998,False,1444,0,0
picard-validate-sam,10240.0,2856.0,2889.6991150442473,2889.6991150442473,FAMR_1.05,33.699115044247264,False,1701,0,0
picard-validate-sam,10240.0,2923.0,16507.066390041495,16507.066390041495,FAMR_1.05,13584.066390041495,False,1448,0,0
picard-validate-sam,10240.0,3303.0,7447.2328125,7447.2328125,FAMR_1.05,4144.2328125,False,1355,0,0
picard-validate-sam,10240.0,3422.0,2959.567567567568,5919.135135135136,FAMR_1.05,2497.135135135136,False,1239,1217,1
picard-validate-sam,10240.0,2911.0,3787.712353471596,3787.712353471596,FAMR_1.05,876.7123534715961,False,1864,0,0
picard-validate-sam,10240.0,3000.0,21567.07317073171,21567.07317073171,FAMR_1.05,18567.07317073171,False,1668,0,0
picard-validate-sam,10240.0,3168.0,18306.0,18306.0,FAMR_1.05,15138.0,False,1572,0,0
picard-validate-sam,10240.0,2990.0,17465.193133047214,17465.193133047214,FAMR_1.05,14475.193133047214,False,1548,0,0
picard-validate-sam,10240.0,3604.0,22625.11111111111,22625.11111111111,FAMR_1.05,19021.11111111111,False,2017,0,0
picard-validate-sam,10240.0,3612.0,31095.48603351956,31095.48603351956,FAMR_1.05,27483.48603351956,False,1880,0,0
picard-validate-sam,10240.0,3632.0,4589.633440514469,4589.633440514469,FAMR_1.05,957.6334405144689,False,1892,0,0
picard-validate-sam,10240.0,3292.0,4564.6083262531865,4564.6083262531865,FAMR_1.05,1272.6083262531865,False,1373,0,0
picard-validate-sam,10240.0,3115.0,3538.135838150289,3538.135838150289,FAMR_1.05,423.13583815028915,False,1406,0,0
picard-validate-sam,10240.0,3306.0,3422.2080344332853,3422.2080344332853,FAMR_1.05,116.20803443328532,False,1348,0,0
picard-validate-sam,10240.0,2842.0,22929.434554973825,22929.434554973825,FAMR_1.05,20087.434554973825,False,1510,0,0
picard-validate-sam,10240.0,3351.0,5255.970652173914,5255.970652173914,FAMR_1.05,1904.9706521739135,False,1212,0,0
picard-validate-sam,10240.0,2808.0,15535.317073170732,15535.317073170732,FAMR_1.05,12727.317073170732,False,1443,0,0
picard-validate-sam,10240.0,3455.0,3489.207920792079,3489.207920792079,FAMR_1.05,34.20792079207922,False,1386,0,0
picard-validate-sam,10240.0,2922.0,3387.451327433628,3387.451327433628,FAMR_1.05,465.4513274336282,False,1307,0,0
picard-validate-sam,10240.0,3178.0,3274.30303030303,3274.30303030303,FAMR_1.05,96.30303030303003,False,1628,0,0
picard-validate-sam,10240.0,3438.0,4822.5076142131975,4822.5076142131975,FAMR_1.05,1384.5076142131975,False,1302,0,0
picard-validate-sam,10240.0,3158.0,18778.821428571428,18778.821428571428,FAMR_1.05,15620.821428571428,False,1255,0,0
picard-validate-sam,15360.0,3585.0,20943.94736842105,20943.94736842105,FAMR_1.05,17358.94736842105,False,1873,0,0
picard-validate-sam,15360.0,4271.0,4308.685294117647,4308.685294117647,FAMR_1.05,37.68529411764666,False,2629,0,0
picard-validate-sam,15360.0,3315.0,3364.038461538461,3364.038461538461,FAMR_1.05,49.03846153846098,False,2112,0,0
picard-validate-sam,15360.0,3514.0,4929.113367174281,4929.113367174281,FAMR_1.05,1415.113367174281,False,1837,0,0
picard-validate-sam,15360.0,3299.0,4168.8327974276535,4168.8327974276535,FAMR_1.05,869.8327974276535,False,2407,0,0
picard-validate-sam,15360.0,3689.0,5115.0790144435005,5115.0790144435005,FAMR_1.05,1426.0790144435005,False,1763,0,0
picard-validate-sam,15360.0,3701.0,20900.66804979253,20900.66804979253,FAMR_1.05,17199.66804979253,False,2089,0,0
picard-validate-sam,15360.0,3418.0,27721.778947368424,27721.778947368424,FAMR_1.05,24303.778947368424,False,1588,0,0
picard-validate-sam,15360.0,3891.0,26364.879310344826,26364.879310344826,FAMR_1.05,22473.879310344826,False,1907,0,0
picard-validate-sam,15360.0,4201.0,4242.59405940594,4242.59405940594,FAMR_1.05,41.59405940594024,False,1842,0,0
picard-validate-sam,15360.0,3567.0,8816.54716981132,8816.54716981132,FAMR_1.05,5249.54716981132,False,1746,0,0
picard-validate-sam,15360.0,3291.0,27865.00549450549,27865.00549450549,FAMR_1.05,24574.00549450549,False,2169,0,0
picard-validate-sam,15360.0,3950.0,36231.84523809524,36231.84523809524,FAMR_1.05,32281.845238095237,False,1882,0,0
picard-validate-sam,15360.0,4114.0,4277.018731988473,4277.018731988473,FAMR_1.05,163.0187319884726,False,1623,0,0
picard-validate-sam,15360.0,3809.0,6013.552516411378,6013.552516411378,FAMR_1.05,2204.552516411378,False,2135,0,0
picard-validate-sam,15360.0,3917.0,24154.83333333333,24154.83333333333,FAMR_1.05,20237.83333333333,False,1639,0,0
picard-validate-sam,15360.0,4051.0,22577.57333333333,22577.57333333333,FAMR_1.05,18526.57333333333,False,2343,0,0
picard-validate-sam,15360.0,3317.0,20823.38888888889,20823.38888888889,FAMR_1.05,17506.38888888889,False,1712,0,0
picard-validate-sam,15360.0,3777.0,25446.188571428575,25446.188571428575,FAMR_1.05,21669.188571428575,False,2687,0,0
picard-validate-sam,15360.0,3788.0,3733.574712643678,7467.149425287356,FAMR_1.05,3679.1494252873563,False,1953,1919,1
picard-validate-sam,15360.0,3536.0,4541.333333333334,4541.333333333334,FAMR_1.05,1005.3333333333339,False,1732,0,0
picard-validate-sam,15360.0,3738.0,3851.272727272727,3851.272727272727,FAMR_1.05,113.27272727272702,False,1733,0,0
picard-validate-sam,15360.0,3927.0,4657.343347639485,4657.343347639485,FAMR_1.05,730.3433476394848,False,1767,0,0
picard-validate-sam,15360.0,3758.0,4889.80522993688,4889.80522993688,FAMR_1.05,1131.80522993688,False,2655,0,0
picard-validate-sam,15360.0,4160.0,24627.2,24627.2,FAMR_1.05,20467.2,False,1953,0,0
picard-validate-sam,15360.0,3680.0,26455.60975609757,26455.60975609757,FAMR_1.05,22775.60975609757,False,2350,0,0
picard-validate-sam,15360.0,3537.0,21414.927272727273,21414.927272727273,FAMR_1.05,17877.927272727273,False,1790,0,0
picard-validate-sam,15360.0,4007.0,7123.555555555555,7123.555555555555,FAMR_1.05,3116.5555555555547,False,1419,0,0
picard-validate-sam,15360.0,4100.0,23638.620689655174,23638.620689655174,FAMR_1.05,19538.620689655174,False,2213,0,0
picard-validate-sam,15360.0,4111.0,4765.849557522124,4765.849557522124,FAMR_1.05,654.8495575221241,False,1923,0,0
picard-validate-sam,18182.0,4372.0,25537.7339055794,25537.7339055794,FAMR_1.05,21165.7339055794,False,2048,0,0
picard-validate-sam,18182.0,4096.0,24356.571428571428,24356.571428571428,FAMR_1.05,20260.571428571428,False,2867,0,0
picard-validate-sam,18182.0,4364.0,4364.0,4364.0,FAMR_1.05,0.0,False,2334,0,0
picard-validate-sam,18182.0,4318.0,27970.738853503182,27970.738853503182,FAMR_1.05,23652.738853503182,False,2712,0,0
picard-validate-sam,18182.0,4248.0,7565.181525241677,7565.181525241677,FAMR_1.05,3317.1815252416773,False,2123,0,0
picard-validate-sam,18182.0,3764.0,3931.003412969283,3931.003412969283,FAMR_1.05,167.0034129692831,False,2021,0,0
picard-validate-sam,18182.0,4297.0,29977.295857988163,29977.295857988163,FAMR_1.05,25680.295857988163,False,2699,0,0
picard-validate-sam,18182.0,3956.0,26652.137142857144,26652.137142857144,FAMR_1.05,22696.137142857144,False,2340,0,0
picard-validate-sam,18182.0,3919.0,5099.293958521191,5099.293958521191,FAMR_1.05,1180.2939585211907,False,2000,0,0
picard-validate-sam,18182.0,3982.0,24330.38532110092,24330.38532110092,FAMR_1.05,20348.38532110092,False,2603,0,0
picard-validate-sam,18182.0,4253.0,29152.831395348843,29152.831395348843,FAMR_1.05,24899.831395348843,False,2974,0,0
picard-validate-sam,18182.0,3630.0,20165.020408163266,20165.020408163266,FAMR_1.05,16535.020408163266,False,2644,0,0
picard-validate-sam,18182.0,4020.0,5569.3039049235995,5569.3039049235995,FAMR_1.05,1549.3039049235995,False,2265,0,0
picard-validate-sam,18182.0,3956.0,34056.96089385475,34056.96089385475,FAMR_1.05,30100.960893854754,False,2063,0,0
picard-validate-sam,18182.0,3796.0,3852.1538461538457,3852.1538461538457,FAMR_1.05,56.153846153845734,False,1945,0,0
picard-validate-sam,18182.0,3610.0,3719.3939393939395,3719.3939393939395,FAMR_1.05,109.39393939393949,False,1781,0,0
picard-validate-sam,18182.0,4436.0,25367.210084033613,25367.210084033613,FAMR_1.05,20931.210084033613,False,2037,0,0
picard-validate-sam,18182.0,4148.0,4196.943952802359,4196.943952802359,FAMR_1.05,48.94395280235858,False,2305,0,0
picard-validate-sam,18182.0,3657.0,21084.49655172414,21084.49655172414,FAMR_1.05,17427.49655172414,False,2004,0,0
picard-validate-sam,18182.0,4868.0,8136.2338709677415,8136.2338709677415,FAMR_1.05,3268.2338709677415,False,2112,0,0
picard-validate-sam,18182.0,4132.0,35771.9775280899,35771.9775280899,FAMR_1.05,31639.977528089898,False,2098,0,0
picard-validate-sam,18182.0,4830.0,4188.357740585773,8376.715481171546,FAMR_1.05,3546.7154811715463,False,2301,2260,1
picard-validate-sam,18182.0,4546.0,37461.95721925133,37461.95721925133,FAMR_1.05,32915.95721925133,False,2316,0,0
picard-validate-sam,18182.0,4000.0,5797.513321492006,5797.513321492006,FAMR_1.05,1797.513321492006,False,2138,0,0
picard-validate-sam,18182.0,4236.0,26243.497674418606,26243.497674418606,FAMR_1.05,22007.497674418606,False,2517,0,0
picard-validate-sam,18182.0,3828.0,4821.807692307692,4821.807692307692,FAMR_1.05,993.8076923076924,False,2903,0,0
picard-validate-sam,18182.0,3780.0,4030.2439024390237,4030.2439024390237,FAMR_1.05,250.2439024390237,False,2003,0,0
picard-validate-sam,18182.0,4260.0,5400.58064516129,5400.58064516129,FAMR_1.05,1140.5806451612898,False,2721,0,0
picard-validate-sam,18182.0,3620.0,19651.42857142857,19651.42857142857,FAMR_1.05,16031.428571428569,False,2816,0,0
picard-validate-sam,18182.0,4292.0,4975.6814159292035,4975.6814159292035,FAMR_1.05,683.6814159292035,False,2582,0,0
picard-collect-wgs-metrics,10240.0,1743.0,2210.2247191011234,2210.2247191011234,FAMR_1.05,467.22471910112336,False,1257,0,0
picard-collect-wgs-metrics,10240.0,1698.0,2346.553676919943,2346.553676919943,FAMR_1.05,648.553676919943,False,1195,0,0
picard-collect-wgs-metrics,10240.0,1576.0,1953.7445972495086,1953.7445972495086,FAMR_1.05,377.7445972495086,False,1332,0,0
picard-collect-wgs-metrics,10240.0,1452.0,8926.119815668204,8926.119815668204,FAMR_1.05,7474.119815668204,False,1404,0,0
picard-collect-wgs-metrics,10240.0,1751.0,3016.068673565381,3016.068673565381,FAMR_1.05,1265.0686735653808,False,1245,0,0
picard-collect-wgs-metrics,10240.0,1581.0,3676.449023280706,3676.449023280706,FAMR_1.05,2095.449023280706,False,1198,0,0
picard-collect-wgs-metrics,10240.0,1584.0,4837.241379310344,4837.241379310344,FAMR_1.05,3253.241379310344,False,1338,0,0
picard-collect-wgs-metrics,10240.0,1442.0,2101.387272727273,2101.387272727273,FAMR_1.05,659.3872727272728,False,1282,0,0
picard-collect-wgs-metrics,10240.0,1518.0,2024.0,2024.0,FAMR_1.05,506.0,False,1304,0,0
picard-collect-wgs-metrics,10240.0,1673.0,2630.523786169691,2630.523786169691,FAMR_1.05,957.523786169691,False,1370,0,0
picard-collect-wgs-metrics,10240.0,1583.0,1263.7967893500393,2527.5935787000785,FAMR_1.05,944.5935787000785,False,1379,1374,1
picard-collect-wgs-metrics,10240.0,1696.0,3591.011422637591,3591.011422637591,FAMR_1.05,1895.0114226375908,False,1267,0,0
picard-collect-wgs-metrics,10240.0,1597.0,1825.9908059467916,1825.9908059467916,FAMR_1.05,228.99080594679162,False,1314,0,0
picard-collect-wgs-metrics,10240.0,1713.0,4322.29094076655,4322.29094076655,FAMR_1.05,2609.29094076655,False,1252,0,0
picard-collect-wgs-metrics,10240.0,1440.0,2145.2788104089223,2145.2788104089223,FAMR_1.05,705.2788104089223,False,1353,0,0
picard-collect-wgs-metrics,10240.0,1687.0,1569.1154049761778,3138.2308099523557,FAMR_1.05,1451.2308099523557,False,1360,1355,1
picard-collect-wgs-metrics,10240.0,1767.0,2491.13216957606,2491.13216957606,FAMR_1.05,724.1321695760598,False,1384,0,0
picard-collect-wgs-metrics,10240.0,1409.0,1813.3367326126859,1813.3367326126859,FAMR_1.05,404.33673261268586,False,1313,0,0
picard-collect-wgs-metrics,10240.0,1579.0,2947.7457177814026,2947.7457177814026,FAMR_1.05,1368.7457177814026,False,1256,0,0
picard-collect-wgs-metrics,10240.0,1706.0,1627.7456741756448,3255.4913483512896,FAMR_1.05,1549.4913483512896,False,1292,1287,1
picard-collect-wgs-metrics,10240.0,1883.0,3135.5140873826053,3135.5140873826053,FAMR_1.05,1252.5140873826053,False,1279,0,0
picard-collect-wgs-metrics,10240.0,1752.0,2276.107041411272,2276.107041411272,FAMR_1.05,524.1070414112719,False,1250,0,0
picard-collect-wgs-metrics,10240.0,1751.0,1800.9470252648734,1800.9470252648734,FAMR_1.05,49.947025264873446,False,1282,0,0
picard-collect-wgs-metrics,10240.0,1765.0,2432.2392156862743,2432.2392156862743,FAMR_1.05,667.2392156862743,False,1249,0,0
picard-collect-wgs-metrics,10240.0,1452.0,2434.7508410845044,2434.7508410845044,FAMR_1.05,982.7508410845044,False,1251,0,0
picard-collect-wgs-metrics,10240.0,1842.0,3920.7902403495996,3920.7902403495996,FAMR_1.05,2078.7902403495996,False,1270,0,0
picard-collect-wgs-metrics,10240.0,1504.0,1972.473488554099,1972.473488554099,FAMR_1.05,468.47348855409905,False,1194,0,0
picard-collect-wgs-metrics,10240.0,1630.0,1937.5580776733466,1937.5580776733466,FAMR_1.05,307.5580776733466,False,1360,0,0
picard-collect-wgs-metrics,10240.0,1648.0,3053.5437100213217,3053.5437100213217,FAMR_1.05,1405.5437100213217,False,1340,0,0
picard-collect-wgs-metrics,10240.0,1369.0,1958.0057803468205,1958.0057803468205,FAMR_1.05,589.0057803468205,False,1225,0,0
picard-collect-wgs-metrics,15360.0,1555.0,2881.1535097310298,2881.1535097310298,FAMR_1.05,1326.1535097310298,False,1627,0,0
picard-collect-wgs-metrics,15360.0,1713.0,2166.0749301025166,2166.0749301025166,FAMR_1.05,453.07493010251665,False,1811,0,0
picard-collect-wgs-metrics,15360.0,1551.0,2014.9783226192253,2014.9783226192253,FAMR_1.05,463.9783226192253,False,1683,0,0
picard-collect-wgs-metrics,15360.0,1466.0,1957.6671607029432,1957.6671607029432,FAMR_1.05,491.6671607029432,False,1672,0,0
picard-collect-wgs-metrics,15360.0,1601.0,3407.8095411507643,3407.8095411507643,FAMR_1.05,1806.8095411507643,False,1709,0,0
picard-collect-wgs-metrics,15360.0,1740.0,2283.8637382339757,2283.8637382339757,FAMR_1.05,543.8637382339757,False,1655,0,0
picard-collect-wgs-metrics,15360.0,1823.0,2519.29761662253,2519.29761662253,FAMR_1.05,696.2976166225299,False,1665,0,0
picard-collect-wgs-metrics,15360.0,1748.0,2474.1104129263913,2474.1104129263913,FAMR_1.05,726.1104129263913,False,1667,0,0
picard-collect-wgs-metrics,15360.0,1684.0,3143.7642740619904,3143.7642740619904,FAMR_1.05,1459.7642740619904,False,1606,0,0
picard-collect-wgs-metrics,15360.0,1759.0,2256.2147758796905,2256.2147758796905,FAMR_1.05,497.2147758796905,False,1687,0,0
picard-collect-wgs-metrics,15360.0,1541.0,1369.093573093573,2738.187146187146,FAMR_1.05,1197.187146187146,False,1615,1609,1
picard-collect-wgs-metrics,15360.0,1642.0,1452.1358191653787,2904.2716383307575,FAMR_1.05,1262.2716383307575,False,1841,1834,1
picard-collect-wgs-metrics,15360.0,1549.0,3807.4888080581977,3807.4888080581977,FAMR_1.05,2258.4888080581977,False,1709,0,0
picard-collect-wgs-metrics,15360.0,1454.0,1662.4863067292647,1662.4863067292647,FAMR_1.05,208.4863067292647,False,1780,0,0
picard-collect-wgs-metrics,15360.0,1750.0,2983.4866220735785,2983.4866220735785,FAMR_1.05,1233.4866220735785,False,1673,0,0
picard-collect-wgs-metrics,15360.0,1657.0,2647.51291721667,2647.51291721667,FAMR_1.05,990.5129172166698,False,1623,0,0
picard-collect-wgs-metrics,15360.0,1803.0,3656.4924154025666,3656.4924154025666,FAMR_1.05,1853.4924154025666,False,1660,0,0
picard-collect-wgs-metrics,15360.0,1692.0,2817.1184908626446,2817.1184908626446,FAMR_1.05,1125.1184908626446,False,1579,0,0
picard-collect-wgs-metrics,15360.0,1585.0,3807.5767515087896,3807.5767515087896,FAMR_1.05,2222.5767515087896,False,1755,0,0
picard-collect-wgs-metrics,15360.0,1497.0,1462.7156469408224,2925.4312938816447,FAMR_1.05,1428.4312938816447,False,1615,1609,1
picard-collect-wgs-metrics,15360.0,1662.0,2445.662730114623,2445.662730114623,FAMR_1.05,783.6627301146232,False,1650,0,0
picard-collect-wgs-metrics,15360.0,1579.0,1689.1627906976742,1689.1627906976742,FAMR_1.05,110.16279069767415,False,1631,0,0
picard-collect-wgs-metrics,15360.0,1637.0,2257.3040304665187,2257.3040304665187,FAMR_1.05,620.3040304665187,False,1649,0,0
picard-collect-wgs-metrics,15360.0,1630.0,4636.180048661801,4636.180048661801,FAMR_1.05,3006.1800486618013,False,1815,0,0
picard-collect-wgs-metrics,15360.0,1599.0,1867.3636363636365,1867.3636363636365,FAMR_1.05,268.3636363636365,False,1827,0,0
picard-collect-wgs-metrics,15360.0,1655.0,2320.3047819232793,2320.3047819232793,FAMR_1.05,665.3047819232793,False,1746,0,0
picard-collect-wgs-metrics,15360.0,1677.0,2521.2937812723376,2521.2937812723376,FAMR_1.05,844.2937812723376,False,1629,0,0
picard-collect-wgs-metrics,15360.0,1421.0,1768.8913000591833,1768.8913000591833,FAMR_1.05,347.8913000591833,False,1668,0,0
picard-collect-wgs-metrics,15360.0,1705.0,10362.050113895215,10362.050113895215,FAMR_1.05,8657.050113895215,False,1789,0,0
picard-collect-wgs-metrics,15360.0,1674.0,2877.7268041237116,2877.7268041237116,FAMR_1.05,1203.7268041237116,False,1700,0,0
picard-collect-wgs-metrics,18182.0,1450.0,1864.20130399348,1864.20130399348,FAMR_1.05,414.20130399348,False,1896,0,0
picard-collect-wgs-metrics,18182.0,1500.0,2508.288928359976,2508.288928359976,FAMR_1.05,1008.2889283599761,False,1936,0,0
picard-collect-wgs-metrics,18182.0,1550.0,2580.693652977009,2580.693652977009,FAMR_1.05,1030.6936529770092,False,2053,0,0
picard-collect-wgs-metrics,18182.0,1540.0,1938.453082057322,1938.453082057322,FAMR_1.05,398.45308205732204,False,1990,0,0
picard-collect-wgs-metrics,18182.0,1602.0,2204.2969957081546,2204.2969957081546,FAMR_1.05,602.2969957081546,False,1921,0,0
picard-collect-wgs-metrics,18182.0,1706.0,2356.649154958257,2356.649154958257,FAMR_1.05,650.649154958257,False,1841,0,0
picard-collect-wgs-metrics,18182.0,1696.0,2915.5463917525776,2915.5463917525776,FAMR_1.05,1219.5463917525776,False,1914,0,0
picard-collect-wgs-metrics,18182.0,1773.0,1803.515589922674,1803.515589922674,FAMR_1.05,30.515589922674053,False,2003,0,0
picard-collect-wgs-metrics,18182.0,1753.0,2300.9270880023905,2300.9270880023905,FAMR_1.05,547.9270880023905,False,1901,0,0
picard-collect-wgs-metrics,18182.0,1660.0,2417.973648341663,2417.973648341663,FAMR_1.05,757.9736483416632,False,2123,0,0
picard-collect-wgs-metrics,18182.0,1708.0,2417.4946140035904,2417.4946140035904,FAMR_1.05,709.4946140035904,False,2104,0,0
picard-collect-wgs-metrics,18182.0,1622.0,4958.4675732217565,4958.4675732217565,FAMR_1.05,3336.4675732217565,False,2002,0,0
picard-collect-wgs-metrics,18182.0,1833.0,1967.193885760257,1967.193885760257,FAMR_1.05,134.193885760257,False,1866,0,0
picard-collect-wgs-metrics,18182.0,1687.0,3792.2965711361317,3792.2965711361317,FAMR_1.05,2105.2965711361317,False,1912,0,0
picard-collect-wgs-metrics,18182.0,1580.0,2949.6125611745515,2949.6125611745515,FAMR_1.05,1369.6125611745515,False,1864,0,0
picard-collect-wgs-metrics,18182.0,1668.0,1331.657008613939,2663.314017227878,FAMR_1.05,995.3140172278781,False,1954,1947,1
picard-collect-wgs-metrics,18182.0,1700.0,3549.7183819764464,3549.7183819764464,FAMR_1.05,1849.7183819764464,False,1958,0,0
picard-collect-wgs-metrics,18182.0,1496.0,2771.9061833688697,2771.9061833688697,FAMR_1.05,1275.9061833688697,False,2058,0,0
picard-collect-wgs-metrics,18182.0,1713.0,1615.4580780152444,3230.9161560304888,FAMR_1.05,1517.9161560304888,False,1909,1902,1
picard-collect-wgs-metrics,18182.0,1620.0,1939.510250569476,1939.510250569476,FAMR_1.05,319.51025056947606,False,2039,0,0
picard-collect-wgs-metrics,18182.0,1681.0,1970.6066987565182,1970.6066987565182,FAMR_1.05,289.6066987565182,False,1876,0,0
picard-collect-wgs-metrics,18182.0,1598.0,1759.7521815008724,1759.7521815008724,FAMR_1.05,161.75218150087244,False,1855,0,0
picard-collect-wgs-metrics,18182.0,1885.0,4633.3869613878005,4633.3869613878005,FAMR_1.05,2748.3869613878005,False,1899,0,0
picard-collect-wgs-metrics,18182.0,1762.0,2682.417896888485,2682.417896888485,FAMR_1.05,920.4178968884848,False,1913,0,0
picard-collect-wgs-metrics,18182.0,1624.0,2511.4349333820037,2511.4349333820037,FAMR_1.05,887.4349333820037,False,1883,0,0
picard-collect-wgs-metrics,18182.0,1762.0,10708.464692482916,10708.464692482916,FAMR_1.05,8946.464692482916,False,1906,0,0
picard-collect-wgs-metrics,18182.0,1697.0,2383.9243516955657,2383.9243516955657,FAMR_1.05,686.9243516955657,False,1875,0,0
picard-collect-wgs-metrics,18182.0,1872.0,2512.321931589537,2512.321931589537,FAMR_1.05,640.3219315895371,False,1871,0,0
picard-collect-wgs-metrics,18182.0,1722.0,3652.4725408835734,3652.4725408835734,FAMR_1.05,1930.4725408835734,False,2034,0,0
picard-collect-wgs-metrics,18182.0,1515.0,1975.772664306603,1975.772664306603,FAMR_1.05,460.772664306603,False,1880,0,0
fastqc,5113.0,666.0,900.585501858736,900.585501858736,FAMR_1.1,234.58550185873605,False,441,0,0
fastqc,5128.0,625.0,746.0387323943662,746.0387323943662,FAMR_1.1,121.0387323943662,False,432,0,0
fastqc,5113.0,796.0,1455.674891146589,1455.674891146589,FAMR_1.1,659.6748911465891,False,445,0,0
fastqc,5128.0,645.0,978.9361702127659,978.9361702127659,FAMR_1.1,333.9361702127659,False,439,0,0
fastqc,5113.0,669.0,834.8523676880222,834.8523676880222,FAMR_1.1,165.85236768802224,False,387,0,0
fastqc,5128.0,638.0,804.0223048327138,804.0223048327138,FAMR_1.1,166.02230483271376,False,429,0,0
fastqc,5113.0,580.0,680.1134521880065,680.1134521880065,FAMR_1.1,100.11345218800648,False,449,0,0
fastqc,5128.0,674.0,824.9935064935065,824.9935064935065,FAMR_1.1,150.99350649350652,False,460,0,0
fastqc,5113.0,626.0,609.6695652173913,1219.3391304347826,FAMR_1.1,593.3391304347826,False,441,438,1
fastqc,5128.0,781.0,882.0590452261306,882.0590452261306,FAMR_1.1,101.05904522613059,False,437,0,0
fastqc,5113.0,706.0,835.8773584905659,835.8773584905659,FAMR_1.1,129.87735849056594,False,434,0,0
fastqc,5128.0,826.0,1190.1582608695653,1190.1582608695653,FAMR_1.1,364.1582608695653,False,419,0,0
fastqc,5113.0,674.0,820.3325262308314,820.3325262308314,FAMR_1.1,146.33252623083138,False,447,0,0
fastqc,5128.0,630.0,802.4029952348536,802.4029952348536,FAMR_1.1,172.40299523485362,False,474,0,0
fastqc,5113.0,671.0,874.5549500454133,874.5549500454133,FAMR_1.1,203.5549500454133,False,452,0,0
fastqc,5128.0,730.0,767.699530516432,767.699530516432,FAMR_1.1,37.69953051643199,False,476,0,0
fastqc,5113.0,555.0,1070.520618556701,1070.520618556701,FAMR_1.1,515.520618556701,False,468,0,0
fastqc,5128.0,724.0,742.0999999999999,742.0999999999999,FAMR_1.1,18.09999999999991,False,445,0,0
fastqc,5113.0,748.0,915.8532423208192,915.8532423208192,FAMR_1.1,167.85324232081916,False,462,0,0
fastqc,5128.0,804.0,1073.0645481628599,1073.0645481628599,FAMR_1.1,269.06454816285986,False,480,0,0
fastqc,5113.0,785.0,982.1054925893637,982.1054925893637,FAMR_1.1,197.10549258936373,False,457,0,0
fastqc,5128.0,723.0,1088.1117166212532,1088.1117166212532,FAMR_1.1,365.1117166212532,False,446,0,0
fastqc,5113.0,737.0,1031.0460358056266,1031.0460358056266,FAMR_1.1,294.0460358056266,False,490,0,0
fastqc,5128.0,637.0,722.4995555555555,722.4995555555555,FAMR_1.1,85.4995555555555,False,458,0,0
fastqc,5113.0,707.0,966.9568713450292,966.9568713450292,FAMR_1.1,259.9568713450292,False,480,0,0
fastqc,5128.0,675.0,1044.840294840295,1044.840294840295,FAMR_1.1,369.840294840295,False,474,0,0
fastqc,5113.0,638.0,643.5172955974842,643.5172955974842,FAMR_1.1,5.517295597484235,False,441,0,0
fastqc,5128.0,688.0,885.0111856823265,885.0111856823265,FAMR_1.1,197.01118568232653,False,456,0,0
fastqc,5113.0,669.0,1053.147495361781,1053.147495361781,FAMR_1.1,384.147495361781,False,489,0,0
fastqc,5128.0,701.0,1081.5912938331317,1081.5912938331317,FAMR_1.1,380.59129383313166,False,481,0,0
fastqc,5113.0,738.0,947.659090909091,947.659090909091,FAMR_1.1,209.659090909091,False,449,0,0
fastqc,5128.0,689.0,1010.0176423416198,1010.0176423416198,FAMR_1.1,321.01764234161976,False,449,0,0
fastqc,5113.0,706.0,1044.9300265721877,1044.9300265721877,FAMR_1.1,338.93002657218767,False,486,0,0
fastqc,5128.0,725.0,959.877085162423,959.877085162423,FAMR_1.1,234.877085162423,False,494,0,0
fastqc,5113.0,571.0,618.4037735849056,618.4037735849056,FAMR_1.1,47.40377358490559,False,474,0,0
fastqc,5128.0,759.0,1003.4614820249449,1003.4614820249449,FAMR_1.1,244.46148202494487,False,488,0,0
fastqc,5113.0,723.0,837.0598840952994,837.0598840952994,FAMR_1.1,114.05988409529937,False,465,0,0
fastqc,5128.0,706.0,776.8421955403087,776.8421955403087,FAMR_1.1,70.8421955403087,False,461,0,0
fastqc,5113.0,742.0,1020.8260869565216,1020.8260869565216,FAMR_1.1,278.82608695652164,False,465,0,0
fastqc,5128.0,645.0,674.4376528117359,674.4376528117359,FAMR_1.1,29.437652811735916,False,463,0,0
fastqc,5113.0,722.0,791.0035137034436,791.0035137034436,FAMR_1.1,69.00351370344356,False,463,0,0
fastqc,5128.0,750.0,950.750883392226,950.750883392226,FAMR_1.1,200.750883392226,False,435,0,0
fastqc,5113.0,739.0,873.5408970976254,873.5408970976254,FAMR_1.1,134.54089709762536,False,452,0,0
fastqc,5128.0,710.0,988.551292090838,988.551292090838,FAMR_1.1,278.55129209083805,False,456,0,0
fastqc,5113.0,642.0,739.3820224719102,739.3820224719102,FAMR_1.1,97.3820224719102,False,461,0,0
fastqc,5128.0,687.0,1000.8493485342019,1000.8493485342019,FAMR_1.1,313.8493485342019,False,449,0,0
fastqc,5113.0,717.0,740.6979246733282,740.6979246733282,FAMR_1.1,23.697924673328203,False,402,0,0
fastqc,5128.0,656.0,1133.725338491296,1133.725338491296,FAMR_1.1,477.72533849129604,False,424,0,0
fastqc,5113.0,649.0,840.5370036101083,840.5370036101083,FAMR_1.1,191.5370036101083,False,431,0,0
fastqc,5128.0,782.0,1015.921965317919,1015.921965317919,FAMR_1.1,233.921965317919,False,456,0,0
fastqc,5113.0,735.0,1072.2,1072.2,FAMR_1.1,337.20000000000005,False,451,0,0
fastqc,5128.0,658.0,1109.9662027833003,1109.9662027833003,FAMR_1.1,451.96620278330033,False,467,0,0
fastqc,5113.0,651.0,904.0532915360503,904.0532915360503,FAMR_1.1,253.05329153605032,False,447,0,0
fastqc,5128.0,674.0,692.1271393643033,692.1271393643033,FAMR_1.1,18.127139364303275,False,490,0,0
fastqc,5113.0,638.0,864.2637362637363,864.2637362637363,FAMR_1.1,226.2637362637363,False,456,0,0
fastqc,5128.0,685.0,935.8825816485225,935.8825816485225,FAMR_1.1,250.88258164852255,False,469,0,0
fastqc,5113.0,706.0,807.543829787234,807.543829787234,FAMR_1.1,101.54382978723402,False,466,0,0
fastqc,5128.0,712.0,1180.910447761194,1180.910447761194,FAMR_1.1,468.91044776119406,False,457,0,0
fastqc,5113.0,711.0,897.6994577846631,897.6994577846631,FAMR_1.1,186.69945778466308,False,455,0,0
fastqc,5128.0,656.0,816.1524926686218,816.1524926686218,FAMR_1.1,160.1524926686218,False,473,0,0
fastqc,7669.0,678.0,697.9411764705881,697.9411764705881,FAMR_1.1,19.94117647058806,False,632,0,0
fastqc,7692.0,721.0,998.7349768875193,998.7349768875193,FAMR_1.1,277.73497688751934,False,573,0,0
fastqc,7669.0,654.0,872.8659384309832,872.8659384309832,FAMR_1.1,218.8659384309832,False,694,0,0
fastqc,7692.0,679.0,1014.5588723051409,1014.5588723051409,FAMR_1.1,335.5588723051409,False,646,0,0
fastqc,7669.0,637.0,822.4848265895954,822.4848265895954,FAMR_1.1,185.4848265895954,False,701,0,0
fastqc,7692.0,666.0,971.0709677419355,971.0709677419355,FAMR_1.1,305.07096774193553,False,662,0,0
fastqc,7669.0,542.0,739.9517470881863,739.9517470881863,FAMR_1.1,197.95174708818627,False,671,0,0
fastqc,7692.0,683.0,1067.1145299145298,1067.1145299145298,FAMR_1.1,384.11452991452984,False,639,0,0
fastqc,7669.0,631.0,748.9111933395004,748.9111933395004,FAMR_1.1,117.91119333950041,False,641,0,0
fastqc,7692.0,617.0,777.5576208178438,777.5576208178438,FAMR_1.1,160.55762081784383,False,664,0,0
fastqc,7669.0,719.0,1204.3923220973784,1204.3923220973784,FAMR_1.1,485.3923220973784,False,632,0,0
fastqc,7692.0,709.0,759.304674457429,759.304674457429,FAMR_1.1,50.30467445742897,False,655,0,0
fastqc,7669.0,789.0,864.4068868587492,864.4068868587492,FAMR_1.1,75.4068868587492,False,618,0,0
fastqc,7692.0,765.0,1007.3684210526317,1007.3684210526317,FAMR_1.1,242.36842105263167,False,622,0,0
fastqc,7669.0,672.0,1182.9861386138614,1182.9861386138614,FAMR_1.1,510.9861386138614,False,643,0,0
fastqc,7692.0,678.0,883.6784741144413,883.6784741144413,FAMR_1.1,205.67847411444131,False,653,0,0
fastqc,7669.0,718.0,922.62638469285,922.62638469285,FAMR_1.1,204.62638469285002,False,620,0,0
fastqc,7692.0,650.0,844.4364161849711,844.4364161849711,FAMR_1.1,194.4364161849711,False,615,0,0
fastqc,7669.0,707.0,958.0404624277458,958.0404624277458,FAMR_1.1,251.04046242774575,False,586,0,0
fastqc,7692.0,696.0,731.9436619718309,731.9436619718309,FAMR_1.1,35.94366197183092,False,651,0,0
fastqc,7669.0,664.0,956.7373913043477,956.7373913043477,FAMR_1.1,292.73739130434774,False,609,0,0
fastqc,7692.0,759.0,869.4096978215038,869.4096978215038,FAMR_1.1,110.40969782150376,False,640,0,0
fastqc,7669.0,619.0,716.937019969278,716.937019969278,FAMR_1.1,97.93701996927803,False,686,0,0
fastqc,7692.0,740.0,950.2272727272727,950.2272727272727,FAMR_1.1,210.22727272727275,False,724,0,0
fastqc,7669.0,708.0,1038.6900790166812,1038.6900790166812,FAMR_1.1,330.69007901668124,False,674,0,0
fastqc,7692.0,711.0,1096.4076322636602,1096.4076322636602,FAMR_1.1,385.40763226366016,False,652,0,0
fastqc,7669.0,752.0,957.7889720898571,957.7889720898571,FAMR_1.1,205.7889720898571,False,619,0,0
fastqc,7692.0,707.0,967.0373134328358,967.0373134328358,FAMR_1.1,260.03731343283584,False,616,0,0
fastqc,7669.0,668.0,758.2702702702703,758.2702702702703,FAMR_1.1,90.27027027027032,False,664,0,0
fastqc,7692.0,668.0,797.3661971830986,797.3661971830986,FAMR_1.1,129.36619718309862,False,705,0,0
fastqc,7669.0,642.0,714.8272251308902,714.8272251308902,FAMR_1.1,72.82722513089016,False,685,0,0
fastqc,7692.0,657.0,671.302668539326,671.302668539326,FAMR_1.1,14.302668539325964,False,634,0,0
fastqc,7669.0,641.0,865.1946688206787,865.1946688206787,FAMR_1.1,224.19466882067866,False,692,0,0
fastqc,7692.0,678.0,948.5063938618925,948.5063938618925,FAMR_1.1,270.50639386189255,False,690,0,0
fastqc,7669.0,771.0,977.3719081272084,977.3719081272084,FAMR_1.1,206.37190812720837,False,628,0,0
fastqc,7692.0,783.0,1442.550165380375,1442.550165380375,FAMR_1.1,659.5501653803749,False,663,0,0
fastqc,7669.0,660.0,665.7075471698113,665.7075471698113,FAMR_1.1,5.707547169811278,False,668,0,0
fastqc,7692.0,606.0,759.2753906250001,759.2753906250001,FAMR_1.1,153.2753906250001,False,692,0,0
fastqc,7669.0,652.0,863.2273924495171,863.2273924495171,FAMR_1.1,211.22739244951708,False,550,0,0
fastqc,7692.0,715.0,1108.4689413823273,1108.4689413823273,FAMR_1.1,393.46894138232733,False,556,0,0
fastqc,7669.0,700.0,974.585635359116,974.585635359116,FAMR_1.1,274.58563535911605,False,631,0,0
fastqc,7692.0,763.0,1339.97621407334,1339.97621407334,FAMR_1.1,576.9762140733401,False,641,0,0
fastqc,7669.0,762.0,1132.323992994746,1132.323992994746,FAMR_1.1,370.32399299474605,False,634,0,0
fastqc,7692.0,742.0,876.7276395427034,876.7276395427034,FAMR_1.1,134.7276395427034,False,632,0,0
fastqc,7669.0,630.0,774.7173913043479,774.7173913043479,FAMR_1.1,144.71739130434787,False,651,0,0
fastqc,7692.0,590.0,807.2754491017964,807.2754491017964,FAMR_1.1,217.27544910179643,False,648,0,0
fastqc,7669.0,655.0,728.4201235657545,728.4201235657545,FAMR_1.1,73.42012356575447,False,693,0,0
fastqc,7692.0,676.0,778.5740402193785,778.5740402193785,FAMR_1.1,102.5740402193785,False,677,0,0
fastqc,7669.0,646.0,757.5056726094003,757.5056726094003,FAMR_1.1,111.50567260940034,False,648,0,0
fastqc,7692.0,648.0,784.0753077480088,784.0753077480088,FAMR_1.1,136.07530774800875,False,682,0,0
fastqc,7669.0,700.0,873.5376044568245,873.5376044568245,FAMR_1.1,173.5376044568245,False,668,0,0
fastqc,7692.0,707.0,893.0258806613947,893.0258806613947,FAMR_1.1,186.0258806613947,False,722,0,0
fastqc,7669.0,695.0,716.9118835893291,716.9118835893291,FAMR_1.1,21.911883589329136,False,632,0,0
fastqc,7692.0,658.0,682.1467889908257,682.1467889908257,FAMR_1.1,24.146788990825712,False,617,0,0
fastqc,7669.0,645.0,789.4967532467532,789.4967532467532,FAMR_1.1,144.4967532467532,False,675,0,0
fastqc,7692.0,692.0,1001.9348534201954,1001.9348534201954,FAMR_1.1,309.9348534201954,False,673,0,0
fastqc,7669.0,671.0,1112.9085820895523,1112.9085820895523,FAMR_1.1,441.9085820895523,False,683,0,0
fastqc,7692.0,669.0,651.5478260869564,1303.0956521739129,FAMR_1.1,634.0956521739129,False,661,657,1
fastqc,7669.0,654.0,813.6642228739003,813.6642228739003,FAMR_1.1,159.66422287390026,False,678,0,0
fastqc,7692.0,769.0,1168.1919850885367,1168.1919850885367,FAMR_1.1,399.19198508853674,False,631,0,0
fastqc,9078.0,622.0,783.6323943661972,783.6323943661972,FAMR_1.1,161.63239436619722,False,747,0,0
fastqc,9105.0,695.0,898.374306106265,898.374306106265,FAMR_1.1,203.37430610626495,False,728,0,0
fastqc,9078.0,636.0,664.7844827586207,664.7844827586207,FAMR_1.1,28.784482758620697,False,817,0,0
fastqc,9105.0,649.0,960.5659875996457,960.5659875996457,FAMR_1.1,311.5659875996457,False,803,0,0
fastqc,9078.0,642.0,1017.249299719888,1017.249299719888,FAMR_1.1,375.249299719888,False,814,0,0
fastqc,9105.0,676.0,853.5089078233927,853.5089078233927,FAMR_1.1,177.50890782339275,False,791,0,0
fastqc,9078.0,673.0,691.1002444987776,691.1002444987776,FAMR_1.1,18.100244498777556,False,825,0,0
fastqc,9105.0,681.0,931.3969298245614,931.3969298245614,FAMR_1.1,250.39692982456143,False,763,0,0
fastqc,9078.0,719.0,756.9142312579414,756.9142312579414,FAMR_1.1,37.914231257941424,False,827,0,0
fastqc,9105.0,786.0,905.5397039030955,905.5397039030955,FAMR_1.1,119.53970390309553,False,792,0,0
fastqc,9078.0,653.0,794.773204196933,794.773204196933,FAMR_1.1,141.77320419693297,False,814,0,0
fastqc,9105.0,617.0,937.2879776328052,937.2879776328052,FAMR_1.1,320.2879776328052,False,789,0,0
fastqc,9078.0,546.0,667.7959961868446,667.7959961868446,FAMR_1.1,121.7959961868446,False,824,0,0
fastqc,9105.0,696.0,994.6975973487986,994.6975973487986,FAMR_1.1,298.6975973487986,False,799,0,0
fastqc,9078.0,642.0,849.9877085162424,849.9877085162424,FAMR_1.1,207.98770851624238,False,817,0,0
fastqc,9105.0,670.0,892.4008350730688,892.4008350730688,FAMR_1.1,222.40083507306883,False,784,0,0
fastqc,9078.0,659.0,892.7112887112888,892.7112887112888,FAMR_1.1,233.71128871128883,False,814,0,0
fastqc,9105.0,698.0,865.5471331389699,865.5471331389699,FAMR_1.1,167.5471331389699,False,772,0,0
fastqc,9078.0,693.0,1267.314949201742,1267.314949201742,FAMR_1.1,574.3149492017419,False,810,0,0
fastqc,9105.0,642.0,740.6799276672696,740.6799276672696,FAMR_1.1,98.67992766726957,False,806,0,0
fastqc,9078.0,677.0,828.9206484641638,828.9206484641638,FAMR_1.1,151.92064846416383,False,832,0,0
fastqc,9105.0,634.0,653.988682295877,653.988682295877,FAMR_1.1,19.98868229587697,False,780,0,0
fastqc,9078.0,706.0,883.2693984306887,883.2693984306887,FAMR_1.1,177.26939843068874,False,817,0,0
fastqc,9105.0,713.0,712.0212765957447,1424.0425531914893,FAMR_1.1,711.0425531914893,False,792,787,1
fastqc,9078.0,719.0,841.8105590062112,841.8105590062112,FAMR_1.1,122.81055900621118,False,650,0,0
fastqc,9105.0,685.0,734.2766798418972,734.2766798418972,FAMR_1.1,49.27667984189725,False,652,0,0
fastqc,9078.0,694.0,882.4598612487611,882.4598612487611,FAMR_1.1,188.45986124876106,False,667,0,0
fastqc,9105.0,750.0,967.6514584891547,967.6514584891547,FAMR_1.1,217.65145848915472,False,633,0,0
fastqc,9078.0,704.0,1089.7297297297298,1089.7297297297298,FAMR_1.1,385.7297297297298,False,752,0,0
fastqc,9105.0,716.0,854.661971830986,854.661971830986,FAMR_1.1,138.66197183098598,False,701,0,0
fastqc,9078.0,756.0,902.1083455344069,902.1083455344069,FAMR_1.1,146.1083455344069,False,737,0,0
fastqc,9105.0,738.0,937.700284090909,937.700284090909,FAMR_1.1,199.700284090909,False,721,0,0
fastqc,9078.0,675.0,772.0851063829788,772.0851063829788,FAMR_1.1,97.08510638297878,False,742,0,0
fastqc,9105.0,790.0,1045.3476331360946,1045.3476331360946,FAMR_1.1,255.3476331360946,False,717,0,0
fastqc,9078.0,662.0,1222.2581967213114,1222.2581967213114,FAMR_1.1,560.2581967213114,False,773,0,0
fastqc,9105.0,689.0,1154.1395131086142,1154.1395131086142,FAMR_1.1,465.1395131086142,False,731,0,0
fastqc,9078.0,709.0,788.4730803177404,788.4730803177404,FAMR_1.1,79.47308031774037,False,779,0,0
fastqc,9105.0,739.0,807.4810636583401,807.4810636583401,FAMR_1.1,68.48106365834008,False,746,0,0
fastqc,9078.0,696.0,790.054054054054,790.054054054054,FAMR_1.1,94.05405405405395,False,774,0,0
fastqc,9105.0,729.0,745.6438356164383,745.6438356164383,FAMR_1.1,16.64383561643831,False,739,0,0
fastqc,9078.0,649.0,966.0943983402491,966.0943983402491,FAMR_1.1,317.0943983402491,False,783,0,0
fastqc,9105.0,731.0,977.7672155688623,977.7672155688623,FAMR_1.1,246.7672155688623,False,732,0,0
fastqc,9078.0,657.0,898.9491017964073,898.9491017964073,FAMR_1.1,241.94910179640726,False,772,0,0
fastqc,9105.0,761.0,899.5461741424801,899.5461741424801,FAMR_1.1,138.54617414248014,False,736,0,0
fastqc,9078.0,663.0,848.9884080370942,848.9884080370942,FAMR_1.1,185.98840803709425,False,774,0,0
fastqc,9105.0,650.0,942.2680412371134,942.2680412371134,FAMR_1.1,292.2680412371134,False,739,0,0
fastqc,9078.0,708.0,1022.6666666666666,1022.6666666666666,FAMR_1.1,314.66666666666663,False,778,0,0
fastqc,9105.0,650.0,723.7347294938919,723.7347294938919,FAMR_1.1,73.7347294938919,False,749,0,0
fastqc,9078.0,697.0,948.9277108433735,948.9277108433735,FAMR_1.1,251.92771084337346,False,774,0,0
fastqc,9105.0,730.0,1067.2587532023913,1067.2587532023913,FAMR_1.1,337.2587532023913,False,761,0,0
fastqc,9078.0,651.0,904.0532915360503,904.0532915360503,FAMR_1.1,253.05329153605032,False,790,0,0
fastqc,9105.0,704.0,978.6645817044566,978.6645817044566,FAMR_1.1,274.6645817044566,False,752,0,0
fastqc,9078.0,675.0,879.7683923705722,879.7683923705722,FAMR_1.1,204.7683923705722,False,774,0,0
fastqc,9105.0,773.0,964.6350974930363,964.6350974930363,FAMR_1.1,191.63509749303626,False,741,0,0
fastqc,9078.0,582.0,563.0265352539802,1126.0530705079605,FAMR_1.1,544.0530705079605,False,782,777,1
fastqc,9105.0,695.0,901.9449225473322,901.9449225473322,FAMR_1.1,206.94492254733223,False,736,0,0
fastqc,9078.0,696.0,1202.8549323017405,1202.8549323017405,FAMR_1.1,506.8549323017405,False,759,0,0
fastqc,9105.0,769.0,1275.4496268656715,1275.4496268656715,FAMR_1.1,506.44962686567146,False,745,0,0
fastqc,9078.0,724.0,1061.3247794707295,1061.3247794707295,FAMR_1.1,337.3247794707295,False,779,0,0
fastqc,9105.0,725.0,1119.0814393939393,1119.0814393939393,FAMR_1.1,394.08143939393926,False,744,0,0
fastq-cleaner,10240.0,1683.0,1683.0,1683.0,FAMR_1.1,0.0,False,2149,0,0
fastq-cleaner,10240.0,1683.0,1687.333905579399,1687.333905579399,FAMR_1.1,4.3339055793990156,False,2230,0,0
fastq-cleaner,10240.0,1684.0,1691.2027373823782,1691.2027373823782,FAMR_1.1,7.2027373823782455,False,2207,0,0
fastq-cleaner,10240.0,1684.0,1685.441780821918,1685.441780821918,FAMR_1.1,1.4417808219179733,False,2299,0,0
fastq-cleaner,10240.0,1684.0,1684.0,1684.0,FAMR_1.1,0.0,False,2175,0,0
fastq-cleaner,10240.0,1683.0,1685.884318766067,1685.884318766067,FAMR_1.1,2.8843187660670537,False,2192,0,0
fastq-cleaner,10240.0,1684.0,1692.6953528399313,1692.6953528399313,FAMR_1.1,8.695352839931275,False,2307,0,0
fastq-cleaner,10240.0,1684.0,1689.7621899059022,1689.7621899059022,FAMR_1.1,5.762189905902233,False,2325,0,0
fastq-cleaner,10240.0,1684.0,1689.877835951134,1689.877835951134,FAMR_1.1,5.877835951134102,False,2316,0,0
fastq-cleaner,10240.0,1683.0,1688.7835051546394,1688.7835051546394,FAMR_1.1,5.7835051546394425,False,2296,0,0
fastq-cleaner,10240.0,1684.0,1688.321642429427,1688.321642429427,FAMR_1.1,4.321642429426902,False,2181,0,0
fastq-cleaner,10240.0,1683.0,1688.7785407725323,1688.7785407725323,FAMR_1.1,5.778540772532324,False,2133,0,0
fastq-cleaner,10240.0,1683.0,1684.4347826086957,1684.4347826086957,FAMR_1.1,1.4347826086957411,False,2328,0,0
fastq-cleaner,10240.0,1684.0,1686.876174210077,1686.876174210077,FAMR_1.1,2.876174210076897,False,2184,0,0
fastq-cleaner,10240.0,1684.0,1694.1097770154377,1694.1097770154377,FAMR_1.1,10.109777015437658,False,2279,0,0
fastq-cleaner,10240.0,1684.0,1685.4380871050387,1685.4380871050387,FAMR_1.1,1.4380871050386759,False,2298,0,0
fastq-cleaner,10240.0,1684.0,1697.020618556701,1697.020618556701,FAMR_1.1,13.020618556701038,False,2298,0,0
fastq-cleaner,10240.0,1684.0,1686.876174210077,1686.876174210077,FAMR_1.1,2.876174210076897,False,2273,0,0
fastq-cleaner,10240.0,1683.0,1684.4421593830336,1684.4421593830336,FAMR_1.1,1.4421593830336406,False,2250,0,0
fastq-cleaner,10240.0,1684.0,1688.4045335658236,1688.4045335658236,FAMR_1.1,4.404533565823613,False,2199,0,0
fastq-cleaner,10240.0,1683.0,1685.9320557491292,1685.9320557491292,FAMR_1.1,2.9320557491291765,False,2221,0,0
fastq-cleaner,10240.0,1683.0,1683.0,1683.0,FAMR_1.1,0.0,False,2193,0,0
fastq-cleaner,10240.0,1683.0,1685.8867924528302,1685.8867924528302,FAMR_1.1,2.88679245283015,False,2270,0,0
fastq-cleaner,10240.0,1683.0,1685.872013651877,1685.872013651877,FAMR_1.1,2.8720136518770687,False,2309,0,0
fastq-cleaner,10240.0,1684.0,1688.336480686695,1688.336480686695,FAMR_1.1,4.33648068669504,False,2167,0,0
fastq-cleaner,10240.0,1684.0,1699.9552110249786,1699.9552110249786,FAMR_1.1,15.955211024978553,False,2158,0,0
fastq-cleaner,10240.0,1683.0,1690.229381443299,1690.229381443299,FAMR_1.1,7.229381443298962,False,2197,0,0
fastq-cleaner,10240.0,1683.0,1691.68271711092,1691.68271711092,FAMR_1.1,8.682717110920066,False,2295,0,0
fastq-cleaner,10240.0,1683.0,1697.4711951848667,1697.4711951848667,FAMR_1.1,14.471195184866701,False,2181,0,0
fastq-cleaner,10240.0,1684.0,1689.767123287671,1689.767123287671,FAMR_1.1,5.767123287670984,False,2277,0,0
fastq-cleaner,15360.0,1748.0,1752.485885372113,1752.485885372113,FAMR_1.1,4.485885372112989,False,3221,0,0
fastq-cleaner,15360.0,1747.0,1749.994001713796,1749.994001713796,FAMR_1.1,2.994001713796024,False,3397,0,0
fastq-cleaner,15360.0,1748.0,1750.9957155098548,1750.9957155098548,FAMR_1.1,2.99571550985479,False,3196,0,0
fastq-cleaner,15360.0,1747.0,1756.0128976784179,1756.0128976784179,FAMR_1.1,9.012897678417858,False,3161,0,0
fastq-cleaner,15360.0,1748.0,1766.0516351118763,1766.0516351118763,FAMR_1.1,18.051635111876294,False,3286,0,0
fastq-cleaner,15360.0,1748.0,1751.0452961672477,1751.0452961672477,FAMR_1.1,3.0452961672476704,False,3102,0,0
fastq-cleaner,15360.0,1748.0,1761.515463917526,1761.515463917526,FAMR_1.1,13.515463917525949,False,3244,0,0
fastq-cleaner,15360.0,1748.0,1749.496575342466,1749.496575342466,FAMR_1.1,1.4965753424660306,False,3093,0,0
fastq-cleaner,15360.0,1747.0,1757.4790059982863,1757.4790059982863,FAMR_1.1,10.479005998286311,False,3146,0,0
fastq-cleaner,15360.0,1747.0,1754.510748065348,1754.510748065348,FAMR_1.1,7.510748065348025,False,3303,0,0
fastq-cleaner,15360.0,1748.0,1746.5110732538333,3493.0221465076665,FAMR_1.1,1745.0221465076665,False,3233,2921,1
fastq-cleaner,15360.0,1747.0,1751.4987124463516,1751.4987124463516,FAMR_1.1,4.498712446351647,False,3381,0,0
fastq-cleaner,15360.0,1748.0,1748.0000000000002,1748.0000000000002,FAMR_1.1,2.2737367544323206e-13,False,3400,0,0
fastq-cleaner,15360.0,1747.0,1752.9828767123283,1752.9828767123283,FAMR_1.1,5.982876712328334,False,3139,0,0
fastq-cleaner,15360.0,1748.0,1763.0300945829752,1763.0300945829752,FAMR_1.1,15.030094582975153,False,3277,0,0
fastq-cleaner,15360.0,1747.0,1746.9999999999998,1746.9999999999998,FAMR_1.1,0.0,False,3207,0,0
fastq-cleaner,15360.0,1748.0,1750.9829351535834,1750.9829351535834,FAMR_1.1,2.982935153583412,False,3240,0,0
fastq-cleaner,15360.0,1748.0,1749.491467576792,1749.491467576792,FAMR_1.1,1.4914675767920471,False,3193,0,0
fastq-cleaner,15360.0,1748.0,1749.496575342466,1749.496575342466,FAMR_1.1,1.4965753424660306,False,3288,0,0
fastq-cleaner,15360.0,1748.0,1750.9854824935953,1750.9854824935953,FAMR_1.1,2.9854824935953275,False,3186,0,0
fastq-cleaner,15360.0,1748.0,1752.5012875536481,1752.5012875536481,FAMR_1.1,4.501287553648126,False,3117,0,0
fastq-cleaner,15360.0,1747.0,1752.9777587681776,1752.9777587681776,FAMR_1.1,5.977758768177637,False,3148,0,0
fastq-cleaner,15360.0,1747.0,1753.0034364261167,1753.0034364261167,FAMR_1.1,6.00343642611665,False,3158,0,0
fastq-cleaner,15360.0,1747.0,1754.4721984602222,1754.4721984602222,FAMR_1.1,7.4721984602222165,False,3278,0,0
fastq-cleaner,15360.0,1748.0,1752.4782237403933,1752.4782237403933,FAMR_1.1,4.478223740393332,False,3208,0,0
fastq-cleaner,15360.0,1748.0,1754.0017167381977,1754.0017167381977,FAMR_1.1,6.001716738197729,False,3400,0,0
fastq-cleaner,15360.0,1747.0,1754.478595890411,1754.478595890411,FAMR_1.1,7.478595890411043,False,3155,0,0
fastq-cleaner,15360.0,1748.0,1758.4939965694684,1758.4939965694684,FAMR_1.1,10.493996569468436,False,3183,0,0
fastq-cleaner,15360.0,1747.0,1752.9726495726495,1752.9726495726495,FAMR_1.1,5.972649572649516,False,3297,0,0
fastq-cleaner,15360.0,1748.0,1749.496575342466,1749.496575342466,FAMR_1.1,1.4965753424660306,False,3228,0,0
fastq-cleaner,18182.0,1775.0,1778.0923344947737,1778.0923344947737,FAMR_1.1,3.092334494773695,False,3604,0,0
fastq-cleaner,18182.0,1775.0,1784.1652323580033,1784.1652323580033,FAMR_1.1,9.165232358003323,False,3949,0,0
fastq-cleaner,18182.0,1775.0,1781.0944206008583,1781.0944206008583,FAMR_1.1,6.094420600858257,False,3952,0,0
fastq-cleaner,18182.0,1775.0,1782.5919589392643,1782.5919589392643,FAMR_1.1,7.591958939264259,False,3934,0,0
fastq-cleaner,18182.0,1775.0,1781.0735671514112,1781.0735671514112,FAMR_1.1,6.0735671514112255,False,3933,0,0
fastq-cleaner,18182.0,1775.0,1779.566895368782,1779.566895368782,FAMR_1.1,4.56689536878207,False,3953,0,0
fastq-cleaner,18182.0,1775.0,1790.2622527944968,1790.2622527944968,FAMR_1.1,15.262252794496817,False,3939,0,0
fastq-cleaner,18182.0,1775.0,1776.5448215839858,1776.5448215839858,FAMR_1.1,1.5448215839858221,False,3948,0,0
fastq-cleaner,18182.0,1775.0,1787.188841201717,1787.188841201717,FAMR_1.1,12.188841201716968,False,3945,0,0
fastq-cleaner,18182.0,1775.0,1775.0,1775.0,FAMR_1.1,0.0,False,3960,0,0
fastq-cleaner,18182.0,1775.0,1775.0,1775.0,FAMR_1.1,0.0,False,3931,0,0
fastq-cleaner,18182.0,1775.0,1778.0315969257044,1778.0315969257044,FAMR_1.1,3.0315969257044344,False,3943,0,0
fastq-cleaner,18182.0,1776.0,1776.0,1776.0,FAMR_1.1,0.0,False,3658,0,0
fastq-cleaner,18182.0,1775.0,1785.6560891938252,1785.6560891938252,FAMR_1.1,10.65608919382521,False,3624,0,0
fastq-cleaner,18182.0,1775.0,1791.8173987941427,1791.8173987941427,FAMR_1.1,16.81739879414272,False,3740,0,0
fastq-cleaner,18182.0,1775.0,1776.5145051194543,1776.5145051194543,FAMR_1.1,1.5145051194542702,False,3757,0,0
fastq-cleaner,18182.0,1775.0,1779.5708154506437,1779.5708154506437,FAMR_1.1,4.5708154506437495,False,3759,0,0
fastq-cleaner,18182.0,1775.0,1778.0923344947737,1778.0923344947737,FAMR_1.1,3.092334494773695,False,3730,0,0
fastq-cleaner,18182.0,1775.0,1782.6311263972484,1782.6311263972484,FAMR_1.1,7.6311263972484085,False,3736,0,0
fastq-cleaner,18182.0,1775.0,1779.5708154506437,1779.5708154506437,FAMR_1.1,4.5708154506437495,False,3734,0,0
fastq-cleaner,18182.0,1775.0,1782.5919589392643,1782.5919589392643,FAMR_1.1,7.591958939264259,False,3716,0,0
fastq-cleaner,18182.0,1774.0,1780.0962199312717,1780.0962199312717,FAMR_1.1,6.096219931271662,False,3725,0,0
fastq-cleaner,18182.0,1774.0,1778.6399302528334,1778.6399302528334,FAMR_1.1,4.639930252833437,False,3737,0,0
fastq-cleaner,18182.0,1775.0,1781.0735671514112,1781.0735671514112,FAMR_1.1,6.0735671514112255,False,3751,0,0
fastq-cleaner,18182.0,1774.0,1777.0402742073695,1777.0402742073695,FAMR_1.1,3.040274207369521,False,3760,0,0
fastq-cleaner,18182.0,1775.0,1776.5145051194543,1776.5145051194543,FAMR_1.1,1.5145051194542702,False,3760,0,0
fastq-cleaner,18182.0,1775.0,1778.0315969257044,1778.0315969257044,FAMR_1.1,3.0315969257044344,False,3747,0,0
fastq-cleaner,18182.0,1775.0,1787.188841201717,1787.188841201717,FAMR_1.1,12.188841201716968,False,3748,0,0
fastq-cleaner,18182.0,1775.0,1776.520994001714,1776.520994001714,FAMR_1.1,1.520994001713916,False,3765,0,0
fastq-cleaner,18182.0,1775.0,1776.519691780822,1776.519691780822,FAMR_1.1,1.519691780822086,False,3781,0,0
burrows-wheeler-aligner,10240.0,15243.0,15313.244239631336,15313.244239631336,FAMR_1.1,70.24423963133631,False,4144,0,0
burrows-wheeler-aligner,10240.0,15342.0,15821.67294156163,15821.67294156163,FAMR_1.1,479.67294156163007,False,4152,0,0
burrows-wheeler-aligner,10240.0,15308.0,15308.0,15308.0,FAMR_1.1,0.0,False,4343,0,0
burrows-wheeler-aligner,10240.0,15395.0,15338.445935154132,30676.891870308264,FAMR_1.1,15281.891870308264,False,4477,3997,1
burrows-wheeler-aligner,10240.0,15224.0,15216.438410596029,30432.876821192058,FAMR_1.1,15208.876821192058,False,4079,3642,1
burrows-wheeler-aligner,10240.0,15276.0,15363.53438113949,15363.53438113949,FAMR_1.1,87.5343811394905,False,4430,0,0
burrows-wheeler-aligner,10240.0,15244.0,15332.485004837148,15332.485004837148,FAMR_1.1,88.48500483714815,False,4291,0,0
burrows-wheeler-aligner,10240.0,15395.0,15582.712967539957,15582.712967539957,FAMR_1.1,187.7129675399574,False,4473,0,0
burrows-wheeler-aligner,10240.0,15248.0,15275.83405243943,15275.83405243943,FAMR_1.1,27.834052439429797,False,4444,0,0
burrows-wheeler-aligner,10240.0,15208.0,15248.39309428951,15248.39309428951,FAMR_1.1,40.39309428950946,False,4504,0,0
burrows-wheeler-aligner,10240.0,15137.0,15199.913549459683,15199.913549459683,FAMR_1.1,62.913549459683054,False,4278,0,0
burrows-wheeler-aligner,10240.0,15257.0,15294.345789817233,15294.345789817233,FAMR_1.1,37.3457898172328,False,4508,0,0
burrows-wheeler-aligner,10240.0,15299.0,15344.307996051333,15344.307996051333,FAMR_1.1,45.30799605133325,False,4504,0,0
burrows-wheeler-aligner,10240.0,15240.0,15321.536964980543,15321.536964980543,FAMR_1.1,81.53696498054342,False,4439,0,0
burrows-wheeler-aligner,10240.0,15231.0,15263.550221929969,15263.550221929969,FAMR_1.1,32.55022192996876,False,4510,0,0
burrows-wheeler-aligner,10240.0,15312.0,15329.468057366363,15329.468057366363,FAMR_1.1,17.4680573663627,False,4479,0,0
burrows-wheeler-aligner,10240.0,15182.0,15237.500830840812,15237.500830840812,FAMR_1.1,55.50083084081234,False,4458,0,0
burrows-wheeler-aligner,10240.0,15247.0,18593.902439024387,18593.902439024387,FAMR_1.1,3346.9024390243867,False,4507,0,0
burrows-wheeler-aligner,10240.0,15251.0,15296.867669172932,15296.867669172932,FAMR_1.1,45.86766917293244,False,4370,0,0
burrows-wheeler-aligner,10240.0,15345.0,15297.321340964842,30594.642681929683,FAMR_1.1,15249.642681929683,False,4340,3875,1
burrows-wheeler-aligner,10240.0,15226.0,15238.33074182054,15238.33074182054,FAMR_1.1,12.330741820540425,False,4351,0,0
burrows-wheeler-aligner,10240.0,15293.0,15638.029540658985,15638.029540658985,FAMR_1.1,345.02954065898484,False,4109,0,0
burrows-wheeler-aligner,10240.0,15226.0,15248.721605040624,15248.721605040624,FAMR_1.1,22.721605040624127,False,4443,0,0
burrows-wheeler-aligner,10240.0,15361.0,15459.906884596334,15459.906884596334,FAMR_1.1,98.90688459633384,False,4540,0,0
burrows-wheeler-aligner,10240.0,15292.0,15397.479811574696,15397.479811574696,FAMR_1.1,105.47981157469621,False,4486,0,0
burrows-wheeler-aligner,10240.0,15255.0,15413.670133729567,15413.670133729567,FAMR_1.1,158.67013372956717,False,4343,0,0
burrows-wheeler-aligner,10240.0,15244.0,15251.476213830309,15251.476213830309,FAMR_1.1,7.476213830308552,False,4398,0,0
burrows-wheeler-aligner,10240.0,15225.0,15355.464834276478,15355.464834276478,FAMR_1.1,130.46483427647763,False,4529,0,0
burrows-wheeler-aligner,10240.0,15210.0,15230.182451484494,15230.182451484494,FAMR_1.1,20.182451484493868,False,4484,0,0
burrows-wheeler-aligner,10240.0,15335.0,15393.077556397167,15393.077556397167,FAMR_1.1,58.07755639716743,False,4392,0,0
burrows-wheeler-aligner,15360.0,15446.0,15489.194933377199,15489.194933377199,FAMR_1.1,43.19493337719905,False,6374,0,0
burrows-wheeler-aligner,15360.0,15467.0,15508.081009296147,15508.081009296147,FAMR_1.1,41.081009296147386,False,6640,0,0
burrows-wheeler-aligner,15360.0,15409.0,15880.369703909699,15880.369703909699,FAMR_1.1,471.3697039096987,False,6350,0,0
burrows-wheeler-aligner,15360.0,15492.0,15530.063882063883,15530.063882063883,FAMR_1.1,38.063882063883284,False,6622,0,0
burrows-wheeler-aligner,15360.0,15499.0,15535.00829737803,15535.00829737803,FAMR_1.1,36.008297378029965,False,6552,0,0
burrows-wheeler-aligner,15360.0,15352.0,15359.676,15359.676,FAMR_1.1,7.675999999999476,False,6579,0,0
burrows-wheeler-aligner,15360.0,15334.0,15331.48499261932,30662.96998523864,FAMR_1.1,15328.96998523864,False,6610,5901,1
burrows-wheeler-aligner,15360.0,15390.0,15356.643881293765,30713.28776258753,FAMR_1.1,15323.28776258753,False,6198,5534,1
burrows-wheeler-aligner,15360.0,15402.0,15526.450549450548,15526.450549450548,FAMR_1.1,124.45054945054835,False,6391,0,0
burrows-wheeler-aligner,15360.0,15394.0,15498.349257585542,15498.349257585542,FAMR_1.1,104.34925758554164,False,6548,0,0
burrows-wheeler-aligner,15360.0,15445.0,15462.755789127934,15462.755789127934,FAMR_1.1,17.755789127933895,False,6288,0,0
burrows-wheeler-aligner,15360.0,15342.0,15510.179646596862,15510.179646596862,FAMR_1.1,168.17964659686186,False,6479,0,0
burrows-wheeler-aligner,15360.0,15353.0,15367.92272800907,15367.92272800907,FAMR_1.1,14.922728009070852,False,6378,0,0
burrows-wheeler-aligner,15360.0,15422.0,15501.560991845563,15501.560991845563,FAMR_1.1,79.56099184556297,False,6506,0,0
burrows-wheeler-aligner,15360.0,15510.0,15601.235294117647,15601.235294117647,FAMR_1.1,91.23529411764684,False,6492,0,0
burrows-wheeler-aligner,15360.0,15421.0,15441.462431580694,15441.462431580694,FAMR_1.1,20.4624315806941,False,6270,0,0
burrows-wheeler-aligner,15360.0,15429.0,15475.542986425338,15475.542986425338,FAMR_1.1,46.54298642533831,False,6639,0,0
burrows-wheeler-aligner,15360.0,15387.0,15967.40240487564,15967.40240487564,FAMR_1.1,580.4024048756401,False,6534,0,0
burrows-wheeler-aligner,15360.0,15397.0,15479.67181906931,15479.67181906931,FAMR_1.1,82.67181906931,False,6647,0,0
burrows-wheeler-aligner,15360.0,15377.0,15446.68429003021,15446.68429003021,FAMR_1.1,69.68429003021083,False,6080,0,0
burrows-wheeler-aligner,15360.0,15513.0,15638.347446670976,15638.347446670976,FAMR_1.1,125.34744667097584,False,6163,0,0
burrows-wheeler-aligner,15360.0,15439.0,15467.42802142618,15467.42802142618,FAMR_1.1,28.42802142617984,False,6594,0,0
burrows-wheeler-aligner,15360.0,15433.0,15458.751710328717,15458.751710328717,FAMR_1.1,25.75171032871731,False,6194,0,0
burrows-wheeler-aligner,15360.0,15432.0,15372.292116717716,30744.58423343543,FAMR_1.1,15312.584233435431,False,6649,5936,1
burrows-wheeler-aligner,15360.0,15359.0,15511.673956262426,15511.673956262426,FAMR_1.1,152.67395626242615,False,6698,0,0
burrows-wheeler-aligner,15360.0,15353.0,15337.763810783988,30675.527621567977,FAMR_1.1,15322.527621567977,False,6761,6036,1
burrows-wheeler-aligner,15360.0,15442.0,15495.903257978724,15495.903257978724,FAMR_1.1,53.90325797872356,False,6428,0,0
burrows-wheeler-aligner,15360.0,15436.0,15495.974745021855,15495.974745021855,FAMR_1.1,59.97474502185469,False,6560,0,0
burrows-wheeler-aligner,15360.0,15370.0,15579.270013123361,15579.270013123361,FAMR_1.1,209.27001312336142,False,6726,0,0
burrows-wheeler-aligner,15360.0,15449.0,15510.631648936169,15510.631648936169,FAMR_1.1,61.63164893616886,False,6561,0,0
burrows-wheeler-aligner,18182.0,15472.0,15489.650586701433,15489.650586701433,FAMR_1.1,17.650586701432985,False,7274,0,0
burrows-wheeler-aligner,18182.0,15500.0,15591.370558375635,15591.370558375635,FAMR_1.1,91.37055837563457,False,7987,0,0
burrows-wheeler-aligner,18182.0,15371.0,15323.240556009812,30646.481112019625,FAMR_1.1,15275.481112019625,False,7899,7052,1
burrows-wheeler-aligner,18182.0,15459.0,15944.941060903735,15944.941060903735,FAMR_1.1,485.941060903735,False,7857,0,0
burrows-wheeler-aligner,18182.0,15457.0,15527.04682779456,15527.04682779456,FAMR_1.1,70.04682779456016,False,7950,0,0
burrows-wheeler-aligner,18182.0,15413.0,15477.06068162926,15477.06068162926,FAMR_1.1,64.06068162926022,False,7856,0,0
burrows-wheeler-aligner,18182.0,15567.0,15651.617196507988,15651.617196507988,FAMR_1.1,84.61719650798841,False,7759,0,0
burrows-wheeler-aligner,18182.0,15427.0,15439.493521218012,15439.493521218012,FAMR_1.1,12.493521218011665,False,7821,0,0
burrows-wheeler-aligner,18182.0,15444.0,15477.328685258966,15477.328685258966,FAMR_1.1,33.32868525896629,False,7875,0,0
burrows-wheeler-aligner,18182.0,15431.0,16044.77636573692,16044.77636573692,FAMR_1.1,613.7763657369196,False,8143,0,0
burrows-wheeler-aligner,18182.0,15496.0,15665.867801047123,15665.867801047123,FAMR_1.1,169.86780104712307,False,8189,0,0
burrows-wheeler-aligner,18182.0,15538.0,15565.873124592305,15565.873124592305,FAMR_1.1,27.87312459230452,False,7772,0,0
burrows-wheeler-aligner,18182.0,15485.0,15479.842631140718,30959.685262281437,FAMR_1.1,15474.685262281437,False,7610,6794,1
burrows-wheeler-aligner,18182.0,15443.0,15609.732864387372,15609.732864387372,FAMR_1.1,166.7328643873716,False,7669,0,0
burrows-wheeler-aligner,18182.0,15510.0,15885.709640708828,15885.709640708828,FAMR_1.1,375.7096407088284,False,7906,0,0
burrows-wheeler-aligner,18182.0,15500.0,15440.029018216994,30880.058036433988,FAMR_1.1,15380.058036433988,False,7903,7056,1
burrows-wheeler-aligner,18182.0,15492.0,15604.631857237278,15604.631857237278,FAMR_1.1,112.63185723727838,False,7706,0,0
burrows-wheeler-aligner,18182.0,15448.0,15473.85439330544,15473.85439330544,FAMR_1.1,25.85439330544068,False,7818,0,0
burrows-wheeler-aligner,18182.0,15385.0,15427.855153203342,15427.855153203342,FAMR_1.1,42.855153203341615,False,7672,0,0
burrows-wheeler-aligner,18182.0,15412.0,15471.881495871785,15471.881495871785,FAMR_1.1,59.881495871784864,False,7752,0,0
burrows-wheeler-aligner,18182.0,15533.0,15584.60465116279,15584.60465116279,FAMR_1.1,51.604651162790105,False,7892,0,0
burrows-wheeler-aligner,18182.0,15516.0,15536.705254378649,15536.705254378649,FAMR_1.1,20.705254378648533,False,7815,0,0
burrows-wheeler-aligner,18182.0,15442.0,15416.463370266247,30832.926740532494,FAMR_1.1,15390.926740532494,False,7638,6819,1
burrows-wheeler-aligner,18182.0,15451.0,15583.40145513339,15583.40145513339,FAMR_1.1,132.4014551333894,False,7683,0,0
burrows-wheeler-aligner,18182.0,15494.0,15532.068796068796,15532.068796068796,FAMR_1.1,38.068796068795564,False,7704,0,0
burrows-wheeler-aligner,18182.0,15423.0,15527.545836023242,15527.545836023242,FAMR_1.1,104.54583602324237,False,7855,0,0
burrows-wheeler-aligner,18182.0,15436.0,15481.533923303834,15481.533923303834,FAMR_1.1,45.533923303833944,False,7708,0,0
burrows-wheeler-aligner,18182.0,15384.0,15391.544874938696,15391.544874938696,FAMR_1.1,7.544874938696012,False,7894,0,0
burrows-wheeler-aligner,18182.0,15482.0,15561.8298420883,15561.8298420883,FAMR_1.1,79.82984208830021,False,7739,0,0
burrows-wheeler-aligner,18182.0,15490.0,15542.322663664147,15542.322663664147,FAMR_1.1,52.3226636641466,False,7568,0,0
picard-markduplicate,10240.0,57210.0,64320.02603359574,64320.02603359574,FAMR_1.1,7110.026033595743,False,5618,0,0
picard-markduplicate,10240.0,43045.0,45274.51158227721,45274.51158227721,FAMR_1.1,2229.511582277213,False,5593,0,0
picard-markduplicate,10240.0,50035.0,53732.27107540173,53732.27107540173,FAMR_1.1,3697.2710754017317,False,5588,0,0
picard-markduplicate,10240.0,55042.0,60697.535682569,60697.535682569,FAMR_1.1,5655.535682569003,False,5516,0,0
picard-markduplicate,10240.0,60015.0,69899.90360261596,69899.90360261596,FAMR_1.1,9884.90360261596,False,5554,0,0
picard-markduplicate,10240.0,59382.0,67510.89150765647,67510.89150765647,FAMR_1.1,8128.891507656474,False,5036,0,0
picard-markduplicate,10240.0,45435.0,50355.577648538194,50355.577648538194,FAMR_1.1,4920.577648538194,False,6357,0,0
picard-markduplicate,10240.0,58006.0,63624.07956032452,63624.07956032452,FAMR_1.1,5618.079560324521,False,5887,0,0
picard-markduplicate,10240.0,52401.0,54557.002553784245,54557.002553784245,FAMR_1.1,2156.002553784245,False,6227,0,0
picard-markduplicate,10240.0,54090.0,59232.302606836754,59232.302606836754,FAMR_1.1,5142.302606836754,False,6705,0,0
picard-markduplicate,10240.0,56875.0,64589.706966457794,64589.706966457794,FAMR_1.1,7714.706966457794,False,6180,0,0
picard-markduplicate,10240.0,55649.0,70643.01995542743,70643.01995542743,FAMR_1.1,14994.01995542743,False,5446,0,0
picard-markduplicate,10240.0,47479.0,51460.915710968824,51460.915710968824,FAMR_1.1,3981.915710968824,False,6416,0,0
picard-markduplicate,10240.0,53733.0,64300.490000000005,64300.490000000005,FAMR_1.1,10567.490000000005,False,6282,0,0
picard-markduplicate,10240.0,56872.0,59585.881763569596,59585.881763569596,FAMR_1.1,2713.881763569596,False,8592,0,0
picard-markduplicate,10240.0,57557.0,64928.93559612538,64928.93559612538,FAMR_1.1,7371.935596125382,False,5917,0,0
picard-markduplicate,10240.0,41859.0,58988.41918525262,58988.41918525262,FAMR_1.1,17129.41918525262,False,5747,0,0
picard-markduplicate,10240.0,57840.0,64172.12807511065,64172.12807511065,FAMR_1.1,6332.128075110653,False,5926,0,0
picard-markduplicate,10240.0,57338.0,58270.29248549504,58270.29248549504,FAMR_1.1,932.2924854950397,False,8649,0,0
picard-markduplicate,10240.0,57639.0,78637.28317664779,78637.28317664779,FAMR_1.1,20998.28317664779,False,6005,0,0
picard-markduplicate,10240.0,58504.0,61766.692555129244,61766.692555129244,FAMR_1.1,3262.6925551292443,False,5575,0,0
picard-markduplicate,10240.0,60182.0,69216.54515930344,69216.54515930344,FAMR_1.1,9034.545159303438,False,5456,0,0
picard-markduplicate,10240.0,49573.0,51121.759899934616,51121.759899934616,FAMR_1.1,1548.7598999346155,False,6522,0,0
picard-markduplicate,10240.0,53844.0,51761.288174347974,103522.57634869595,FAMR_1.1,49678.57634869595,False,5879,3472,1
picard-markduplicate,10240.0,47554.0,51368.915674035765,51368.915674035765,FAMR_1.1,3814.915674035765,False,5607,0,0
picard-markduplicate,10240.0,56624.0,61445.428402430494,61445.428402430494,FAMR_1.1,4821.428402430494,False,5575,0,0
picard-markduplicate,10240.0,57470.0,65687.91897757415,65687.91897757415,FAMR_1.1,8217.918977574154,False,6008,0,0
picard-markduplicate,10240.0,56070.0,55627.48766853009,111254.97533706018,FAMR_1.1,55184.97533706018,False,6417,3790,1
picard-markduplicate,10240.0,46646.0,52133.32016849079,52133.32016849079,FAMR_1.1,5487.320168490791,False,5435,0,0
picard-markduplicate,10240.0,37774.0,42075.61377506539,42075.61377506539,FAMR_1.1,4301.613775065387,False,6328,0,0
picard-markduplicate,15360.0,55697.0,61721.43313837031,61721.43313837031,FAMR_1.1,6024.43313837031,False,7495,0,0
picard-markduplicate,15360.0,55684.0,63306.66671234284,63306.66671234284,FAMR_1.1,7622.6667123428415,False,11357,0,0
picard-markduplicate,15360.0,58083.0,65004.94933958245,65004.94933958245,FAMR_1.1,6921.949339582447,False,7771,0,0
picard-markduplicate,15360.0,51141.0,56715.305501842086,56715.305501842086,FAMR_1.1,5574.3055018420855,False,8121,0,0
picard-markduplicate,15360.0,55735.0,58496.41200493142,58496.41200493142,FAMR_1.1,2761.4120049314224,False,7986,0,0
picard-markduplicate,15360.0,54584.0,60152.206918252195,60152.206918252195,FAMR_1.1,5568.2069182521955,False,8252,0,0
picard-markduplicate,15360.0,55232.0,54962.3696836707,109924.7393673414,FAMR_1.1,54692.739367341404,False,8018,4735,1
picard-markduplicate,15360.0,55800.0,57298.72675071776,57298.72675071776,FAMR_1.1,1498.7267507177603,False,7762,0,0
picard-markduplicate,15360.0,45400.0,64717.75974818874,64717.75974818874,FAMR_1.1,19317.759748188742,False,8021,0,0
picard-markduplicate,15360.0,60968.0,59367.60708361354,118735.21416722708,FAMR_1.1,57767.21416722708,False,8165,4822,1
picard-markduplicate,15360.0,49965.0,58609.79976671851,58609.79976671851,FAMR_1.1,8644.799766718512,False,7735,0,0
picard-markduplicate,15360.0,59404.0,67951.29770125815,67951.29770125815,FAMR_1.1,8547.297701258154,False,8210,0,0
picard-markduplicate,15360.0,38431.0,41572.55476937096,41572.55476937096,FAMR_1.1,3141.5547693709595,False,8388,0,0
picard-markduplicate,15360.0,33206.0,44350.479452054795,44350.479452054795,FAMR_1.1,11144.479452054795,False,7697,0,0
picard-markduplicate,15360.0,46959.0,50531.11169321039,50531.11169321039,FAMR_1.1,3572.1116932103905,False,7947,0,0
picard-markduplicate,15360.0,55513.0,57883.308124921445,57883.308124921445,FAMR_1.1,2370.3081249214447,False,7866,0,0
picard-markduplicate,15360.0,59873.0,63461.026449991456,63461.026449991456,FAMR_1.1,3588.0264499914556,False,9411,0,0
picard-markduplicate,15360.0,45874.0,52617.81890907559,52617.81890907559,FAMR_1.1,6743.818909075591,False,7662,0,0
picard-markduplicate,15360.0,56636.0,58380.46567475855,58380.46567475855,FAMR_1.1,1744.4656747585468,False,8473,0,0
picard-markduplicate,15360.0,53626.0,58149.61379237882,58149.61379237882,FAMR_1.1,4523.613792378819,False,7712,0,0
picard-markduplicate,15360.0,41171.0,46751.77385815879,46751.77385815879,FAMR_1.1,5580.773858158791,False,8062,0,0
picard-markduplicate,15360.0,54633.0,72979.73305219802,72979.73305219802,FAMR_1.1,18346.73305219802,False,7976,0,0
picard-markduplicate,15360.0,53668.0,56447.72883256252,56447.72883256252,FAMR_1.1,2779.7288325625195,False,8153,0,0
picard-markduplicate,15360.0,60484.0,72379.18666666668,72379.18666666668,FAMR_1.1,11895.186666666676,False,9423,0,0
picard-markduplicate,15360.0,61305.0,67242.59899744327,67242.59899744327,FAMR_1.1,5937.598997443274,False,8037,0,0
picard-markduplicate,15360.0,49393.0,55691.57344480774,55691.57344480774,FAMR_1.1,6298.573444807742,False,8290,0,0
picard-markduplicate,15360.0,59074.0,65801.20739525103,65801.20739525103,FAMR_1.1,6727.207395251025,False,7972,0,0
picard-markduplicate,15360.0,57401.0,64154.202493404824,64154.202493404824,FAMR_1.1,6753.202493404824,False,9410,0,0
picard-markduplicate,15360.0,61496.0,67327.97531256062,67327.97531256062,FAMR_1.1,5831.975312560622,False,11880,0,0
picard-markduplicate,15360.0,50712.0,54533.79633099482,54533.79633099482,FAMR_1.1,3821.7963309948173,False,8168,0,0
picard-markduplicate,18182.0,56244.0,76687.04383345046,76687.04383345046,FAMR_1.1,20443.043833450458,False,8935,0,0
picard-markduplicate,18182.0,57401.0,60159.683471321696,60159.683471321696,FAMR_1.1,2758.683471321696,False,9820,0,0
picard-markduplicate,18182.0,46456.0,47886.9078569564,47886.9078569564,FAMR_1.1,1430.9078569564008,False,9607,0,0
picard-markduplicate,18182.0,46867.0,52866.460942908154,52866.460942908154,FAMR_1.1,5999.460942908154,False,10126,0,0
picard-markduplicate,18182.0,55020.0,57283.759479956665,57283.759479956665,FAMR_1.1,2263.759479956665,False,10435,0,0
picard-markduplicate,18182.0,57267.0,62267.91177053731,62267.91177053731,FAMR_1.1,5000.911770537306,False,9779,0,0
picard-markduplicate,18182.0,42432.0,47021.63224100632,47021.63224100632,FAMR_1.1,4589.632241006322,False,10584,0,0
picard-markduplicate,18182.0,42963.0,45152.726576432826,45152.726576432826,FAMR_1.1,2189.726576432826,False,9220,0,0
picard-markduplicate,18182.0,60897.0,61946.81596390857,61946.81596390857,FAMR_1.1,1049.8159639085716,False,10882,0,0
picard-markduplicate,18182.0,42992.0,48115.50336599915,48115.50336599915,FAMR_1.1,5123.503365999153,False,9428,0,0
picard-markduplicate,18182.0,47118.0,53442.96835343881,53442.96835343881,FAMR_1.1,6324.96835343881,False,13560,0,0
picard-markduplicate,18182.0,58667.0,75897.7903844355,75897.7903844355,FAMR_1.1,17230.790384435502,False,10571,0,0
picard-markduplicate,18182.0,46772.0,44962.8365368584,89925.6730737168,FAMR_1.1,43153.673073716796,False,8541,5044,1
picard-markduplicate,18182.0,56244.0,68624.4463429518,68624.4463429518,FAMR_1.1,12380.446342951793,False,9030,0,0
picard-markduplicate,18182.0,56244.0,63956.21521893393,63956.21521893393,FAMR_1.1,7712.215218933932,False,9528,0,0
picard-markduplicate,18182.0,52806.0,58676.798604026844,58676.798604026844,FAMR_1.1,5870.798604026844,False,9147,0,0
picard-markduplicate,18182.0,43444.0,46929.19991047671,46929.19991047671,FAMR_1.1,3485.199910476709,False,8935,0,0
picard-markduplicate,18182.0,55412.0,64216.95041203663,64216.95041203663,FAMR_1.1,8804.950412036633,False,9566,0,0
picard-markduplicate,18182.0,45364.0,51891.16337148803,51891.16337148803,FAMR_1.1,6527.16337148803,False,9170,0,0
picard-markduplicate,18182.0,55124.0,64203.32060635845,64203.32060635845,FAMR_1.1,9079.320606358451,False,9331,0,0
picard-markduplicate,18182.0,55124.0,59747.07802715823,59747.07802715823,FAMR_1.1,4623.078027158233,False,10390,0,0
picard-markduplicate,18182.0,42132.0,46545.98693635915,46545.98693635915,FAMR_1.1,4413.98693635915,False,8871,0,0
picard-markduplicate,18182.0,52980.0,56733.06041230002,56733.06041230002,FAMR_1.1,3753.060412300023,False,8995,0,0
picard-markduplicate,18182.0,58040.0,63123.71160371954,63123.71160371954,FAMR_1.1,5083.711603719537,False,9478,0,0
picard-markduplicate,18182.0,60148.0,66112.08499156829,66112.08499156829,FAMR_1.1,5964.084991568292,False,9458,0,0
picard-markduplicate,18182.0,48084.0,85007.49046047914,85007.49046047914,FAMR_1.1,36923.49046047914,False,13748,0,0
picard-markduplicate,18182.0,56308.0,62752.40422802608,62752.40422802608,FAMR_1.1,6444.404228026076,False,13422,0,0
picard-markduplicate,18182.0,51051.0,54808.78356861637,54808.78356861637,FAMR_1.1,3757.783568616367,False,9421,0,0
picard-markduplicate,18182.0,55444.0,54482.0141157309,108964.0282314618,FAMR_1.1,53520.028231461794,False,10687,6312,1
picard-markduplicate,18182.0,56308.0,62688.58374418932,62688.58374418932,FAMR_1.1,6380.583744189324,False,10324,0,0
samtools-sort-markduplicate,10240.0,20473.0,20482.18895870736,20482.18895870736,FAMR_1.1,9.188958707360143,False,1250,0,0
samtools-sort-markduplicate,10240.0,20392.0,24550.332734889285,24550.332734889285,FAMR_1.1,4158.332734889285,False,1213,0,0
samtools-sort-markduplicate,10240.0,20423.0,20444.41096300734,20444.41096300734,FAMR_1.1,21.410963007339888,False,1255,0,0
samtools-sort-markduplicate,10240.0,20498.0,20579.77393617021,20579.77393617021,FAMR_1.1,81.77393617021153,False,1676,0,0
samtools-sort-markduplicate,10240.0,20433.0,24094.10382022472,24094.10382022472,FAMR_1.1,3661.103820224718,False,1214,0,0
samtools-sort-markduplicate,10240.0,20387.0,20587.169889913715,20587.169889913715,FAMR_1.1,200.16988991371545,False,1256,0,0
samtools-sort-markduplicate,10240.0,20478.0,22672.947305389225,22672.947305389225,FAMR_1.1,2194.947305389225,False,1692,0,0
samtools-sort-markduplicate,10240.0,20489.0,20625.230053191488,20625.230053191488,FAMR_1.1,136.23005319148797,False,1539,0,0
samtools-sort-markduplicate,10240.0,20499.0,24708.01346902125,24708.01346902125,FAMR_1.1,4209.013469021251,False,1510,0,0
samtools-sort-markduplicate,10240.0,20508.0,20541.790892750145,20541.790892750145,FAMR_1.1,33.79089275014485,False,1910,0,0
samtools-sort-markduplicate,10240.0,20445.0,24665.07339724386,24665.07339724386,FAMR_1.1,4220.073397243861,False,1731,0,0
samtools-sort-markduplicate,10240.0,20501.0,20781.32360984503,20781.32360984503,FAMR_1.1,280.32360984502884,False,1413,0,0
samtools-sort-markduplicate,10240.0,20461.0,55673.27500000001,55673.27500000001,FAMR_1.1,35212.27500000001,False,1497,0,0
samtools-sort-markduplicate,10240.0,20433.0,20505.233318603623,20505.233318603623,FAMR_1.1,72.23331860362305,False,1249,0,0
samtools-sort-markduplicate,10240.0,20412.0,20728.898630136984,20728.898630136984,FAMR_1.1,316.89863013698414,False,1585,0,0
samtools-sort-markduplicate,10240.0,20467.0,20503.794606741572,20503.794606741572,FAMR_1.1,36.79460674157235,False,1352,0,0
samtools-sort-markduplicate,10240.0,20400.0,20604.136090727152,20604.136090727152,FAMR_1.1,204.1360907271519,False,1811,0,0
samtools-sort-markduplicate,10240.0,20419.0,20495.65940831957,20495.65940831957,FAMR_1.1,76.6594083195705,False,1739,0,0
samtools-sort-markduplicate,10240.0,20454.0,22656.54994758125,22656.54994758125,FAMR_1.1,2202.5499475812503,False,1656,0,0
samtools-sort-markduplicate,10240.0,20542.0,21014.447102115915,21014.447102115915,FAMR_1.1,472.4471021159152,False,1538,0,0
samtools-sort-markduplicate,10240.0,20491.0,24137.183627656388,24137.183627656388,FAMR_1.1,3646.183627656388,False,1557,0,0
samtools-sort-markduplicate,10240.0,20515.0,20542.64824797844,20542.64824797844,FAMR_1.1,27.64824797843903,False,1166,0,0
samtools-sort-markduplicate,10240.0,20415.0,20463.233904311874,20463.233904311874,FAMR_1.1,48.23390431187363,False,1420,0,0
samtools-sort-markduplicate,10240.0,20504.0,20507.068083196173,20507.068083196173,FAMR_1.1,3.0680831961726653,False,1225,0,0
samtools-sort-markduplicate,10240.0,20425.0,20425.0,20425.0,FAMR_1.1,0.0,False,1283,0,0
samtools-sort-markduplicate,10240.0,20447.0,20450.059554092473,20450.059554092473,FAMR_1.1,3.059554092473263,False,1273,0,0
samtools-sort-markduplicate,10240.0,20449.0,20467.09112356237,20467.09112356237,FAMR_1.1,18.09112356237165,False,1052,0,0
samtools-sort-markduplicate,10240.0,20470.0,24665.676241771398,24665.676241771398,FAMR_1.1,4195.676241771398,False,1811,0,0
samtools-sort-markduplicate,10240.0,20511.0,22699.29013915906,22699.29013915906,FAMR_1.1,2188.2901391590603,False,1361,0,0
samtools-sort-markduplicate,10240.0,20493.0,20502.199311686367,20502.199311686367,FAMR_1.1,9.199311686366855,False,1415,0,0
samtools-sort-markduplicate,15360.0,20468.0,20606.672086720868,20606.672086720868,FAMR_1.1,138.6720867208678,False,1820,0,0
samtools-sort-markduplicate,15360.0,20487.0,20533.065807225303,20533.065807225303,FAMR_1.1,46.065807225302706,False,2338,0,0
samtools-sort-markduplicate,15360.0,20506.0,22714.1494683241,22714.1494683241,FAMR_1.1,2208.1494683241,False,2035,0,0
samtools-sort-markduplicate,15360.0,20467.0,24699.01378483668,24699.01378483668,FAMR_1.1,4232.013784836679,False,2034,0,0
samtools-sort-markduplicate,15360.0,20483.0,20495.25976357923,20495.25976357923,FAMR_1.1,12.259763579229912,False,1880,0,0
samtools-sort-markduplicate,15360.0,20418.0,24610.381921580367,24610.381921580367,FAMR_1.1,4192.381921580367,False,2076,0,0
samtools-sort-markduplicate,15360.0,20447.0,20758.60824742268,20758.60824742268,FAMR_1.1,311.6082474226787,False,2053,0,0
samtools-sort-markduplicate,15360.0,20471.0,21008.978251019485,21008.978251019485,FAMR_1.1,537.9782510194855,False,1821,0,0
samtools-sort-markduplicate,15360.0,20430.0,22626.576819407008,22626.576819407008,FAMR_1.1,2196.576819407008,False,1883,0,0
samtools-sort-markduplicate,15360.0,20467.0,20140.976991150445,40281.95398230089,FAMR_1.1,19814.95398230089,False,2013,585,1
samtools-sort-markduplicate,15360.0,20407.0,20480.505628095452,20480.505628095452,FAMR_1.1,73.50562809545227,False,1791,0,0
samtools-sort-markduplicate,15360.0,20465.0,20492.580862533694,20492.580862533694,FAMR_1.1,27.580862533694017,False,2378,0,0
samtools-sort-markduplicate,15360.0,20453.0,20459.121819814427,20459.121819814427,FAMR_1.1,6.121819814426999,False,2091,0,0
samtools-sort-markduplicate,15360.0,20445.0,20649.586390927285,20649.586390927285,FAMR_1.1,204.5863909272848,False,1832,0,0
samtools-sort-markduplicate,15360.0,20456.0,20486.179994098555,20486.179994098555,FAMR_1.1,30.179994098554744,False,2204,0,0
samtools-sort-markduplicate,15360.0,20497.0,20503.13315380012,20503.13315380012,FAMR_1.1,6.133153800121363,False,1806,0,0
samtools-sort-markduplicate,15360.0,20401.0,20555.278024911036,20555.278024911036,FAMR_1.1,154.27802491103648,False,2017,0,0
samtools-sort-markduplicate,15360.0,20499.0,20532.7912483141,20532.7912483141,FAMR_1.1,33.79124831410081,False,1731,0,0
samtools-sort-markduplicate,15360.0,20419.0,24597.55883233533,24597.55883233533,FAMR_1.1,4178.5588323353295,False,1913,0,0
samtools-sort-markduplicate,15360.0,20421.0,20436.28746818386,20436.28746818386,FAMR_1.1,15.287468183858437,False,1804,0,0
samtools-sort-markduplicate,15360.0,20472.0,20544.37118868758,20544.37118868758,FAMR_1.1,72.37118868757898,False,1818,0,0
samtools-sort-markduplicate,15360.0,20400.0,24578.350052403053,24578.350052403053,FAMR_1.1,4178.350052403053,False,1693,0,0
samtools-sort-markduplicate,15360.0,20433.0,20451.358490566035,20451.358490566035,FAMR_1.1,18.35849056603547,False,1730,0,0
samtools-sort-markduplicate,15360.0,20467.0,20575.722443559098,20575.722443559098,FAMR_1.1,108.72244355909788,False,1977,0,0
samtools-sort-markduplicate,15360.0,20411.0,24057.349655585505,24057.349655585505,FAMR_1.1,3646.3496555855054,False,2071,0,0
samtools-sort-markduplicate,15360.0,20486.0,55724.33100404561,55724.33100404561,FAMR_1.1,35238.33100404561,False,2329,0,0
samtools-sort-markduplicate,15360.0,20437.0,20440.057142857146,20440.057142857146,FAMR_1.1,3.0571428571456636,False,1763,0,0
samtools-sort-markduplicate,15360.0,20498.0,22688.298114337027,22688.298114337027,FAMR_1.1,2190.298114337027,False,2073,0,0
samtools-sort-markduplicate,15360.0,20486.0,20766.11850501367,20766.11850501367,FAMR_1.1,280.1185050136701,False,2139,0,0
samtools-sort-markduplicate,15360.0,20415.0,24047.6601316971,24047.6601316971,FAMR_1.1,3632.660131697099,False,2157,0,0
samtools-sort-markduplicate,18182.0,20468.0,22675.453565008986,22675.453565008986,FAMR_1.1,2207.4535650089856,False,2013,0,0
samtools-sort-markduplicate,18182.0,20480.0,20516.231755860237,20516.231755860237,FAMR_1.1,36.23175586023717,False,2526,0,0
samtools-sort-markduplicate,18182.0,20500.0,20631.730556171064,20631.730556171064,FAMR_1.1,131.73055617106365,False,2808,0,0
samtools-sort-markduplicate,18182.0,20444.0,24668.2962962963,24668.2962962963,FAMR_1.1,4224.296296296299,False,2718,0,0
samtools-sort-markduplicate,18182.0,20439.0,20420.636118598384,40841.27223719677,FAMR_1.1,20402.27223719677,False,2472,719,1
samtools-sort-markduplicate,18182.0,20454.0,20499.991605456453,20499.991605456453,FAMR_1.1,45.99160545645282,False,2390,0,0
samtools-sort-markduplicate,18182.0,20430.0,20457.095490716183,20457.095490716183,FAMR_1.1,27.09549071618312,False,2940,0,0
samtools-sort-markduplicate,18182.0,20496.0,22692.876646706587,22692.876646706587,FAMR_1.1,2196.876646706587,False,3152,0,0
samtools-sort-markduplicate,18182.0,20512.0,20620.9614873838,20620.9614873838,FAMR_1.1,108.96148738379998,False,2257,0,0
samtools-sort-markduplicate,18182.0,20425.0,20434.16878647314,20434.16878647314,FAMR_1.1,9.168786473139335,False,2468,0,0
samtools-sort-markduplicate,18182.0,20444.0,20447.058189977564,20447.058189977564,FAMR_1.1,3.058189977564325,False,2391,0,0
samtools-sort-markduplicate,18182.0,20468.0,24707.62470023981,24707.62470023981,FAMR_1.1,4239.624700239809,False,2463,0,0
samtools-sort-markduplicate,18182.0,20516.0,20522.138839018553,20522.138839018553,FAMR_1.1,6.1388390185529715,False,2207,0,0
samtools-sort-markduplicate,18182.0,20468.0,20743.02538071066,20743.02538071066,FAMR_1.1,275.0253807106601,False,2134,0,0
samtools-sort-markduplicate,18182.0,20476.0,20676.29879946643,20676.29879946643,FAMR_1.1,200.29879946642905,False,2088,0,0
samtools-sort-markduplicate,18182.0,20482.0,20696.16106785317,20696.16106785317,FAMR_1.1,214.1610678531688,False,1989,0,0
samtools-sort-markduplicate,18182.0,20466.0,24114.952994011972,24114.952994011972,FAMR_1.1,3648.952994011972,False,2362,0,0
samtools-sort-markduplicate,18182.0,20448.0,20463.307680790538,20463.307680790538,FAMR_1.1,15.307680790538143,False,2562,0,0
samtools-sort-markduplicate,18182.0,20425.0,24608.470579428056,24608.470579428056,FAMR_1.1,4183.470579428056,False,2327,0,0
samtools-sort-markduplicate,18182.0,20492.0,20565.81179648807,20565.81179648807,FAMR_1.1,73.81179648806938,False,2380,0,0
samtools-sort-markduplicate,18182.0,20449.0,20842.61044912924,20842.61044912924,FAMR_1.1,393.610449129239,False,2350,0,0
samtools-sort-markduplicate,18182.0,20486.0,20516.686039544635,20516.686039544635,FAMR_1.1,30.686039544634696,False,2345,0,0
samtools-sort-markduplicate,18182.0,20501.0,20522.492736258795,20522.492736258795,FAMR_1.1,21.49273625879505,False,1914,0,0
samtools-sort-markduplicate,18182.0,20431.0,24626.05118228075,24626.05118228075,FAMR_1.1,4195.051182280749,False,2414,0,0
samtools-sort-markduplicate,18182.0,20484.0,24157.860952951753,24157.860952951753,FAMR_1.1,3673.8609529517526,False,2704,0,0
samtools-sort-markduplicate,18182.0,20476.0,20793.89223744292,20793.89223744292,FAMR_1.1,317.8922374429203,False,2991,0,0
samtools-sort-markduplicate,18182.0,20468.0,20474.126309488176,20474.126309488176,FAMR_1.1,6.126309488176048,False,2019,0,0
samtools-sort-markduplicate,18182.0,20382.0,24545.638132295717,24545.638132295717,FAMR_1.1,4163.638132295717,False,2703,0,0
samtools-sort-markduplicate,18182.0,20483.0,21401.837129054522,21401.837129054522,FAMR_1.1,918.8371290545219,False,2477,0,0
samtools-sort-markduplicate,18182.0,20429.0,20493.367441860468,20493.367441860468,FAMR_1.1,64.3674418604678,False,2301,0,0
samtools-index-markduplicate,10240.0,34.0,40.0,40.0,FAMR_1.1,6.0,False,123,0,0
samtools-index-markduplicate,10240.0,34.0,51.00000000000001,51.00000000000001,FAMR_1.1,17.000000000000007,False,100,0,0
samtools-index-markduplicate,10240.0,34.0,38.00000000000001,38.00000000000001,FAMR_1.1,4.000000000000007,False,108,0,0
samtools-index-markduplicate,10240.0,34.0,35.78947368421053,35.78947368421053,FAMR_1.1,1.7894736842105274,False,394,0,0
samtools-index-markduplicate,10240.0,34.0,34.0,34.0,FAMR_1.1,0.0,False,141,0,0
samtools-index-markduplicate,10240.0,34.0,42.5,42.5,FAMR_1.1,8.5,False,120,0,0
samtools-index-markduplicate,10240.0,34.0,56.66666666666667,56.66666666666667,FAMR_1.1,22.66666666666667,False,98,0,0
samtools-index-markduplicate,10240.0,34.0,38.00000000000001,38.00000000000001,FAMR_1.1,4.000000000000007,False,495,0,0
samtools-index-markduplicate,10240.0,34.0,43.06666666666667,43.06666666666667,FAMR_1.1,9.06666666666667,False,157,0,0
samtools-index-markduplicate,10240.0,34.0,51.00000000000001,51.00000000000001,FAMR_1.1,17.000000000000007,False,513,0,0
samtools-index-markduplicate,10240.0,34.0,56.66666666666667,56.66666666666667,FAMR_1.1,22.66666666666667,False,144,0,0
samtools-index-markduplicate,10240.0,34.0,42.5,42.5,FAMR_1.1,8.5,False,133,0,0
samtools-index-markduplicate,10240.0,34.0,36.0,36.0,FAMR_1.1,2.0,False,507,0,0
samtools-index-markduplicate,10240.0,34.0,45.33333333333333,45.33333333333333,FAMR_1.1,11.333333333333329,False,162,0,0
samtools-index-markduplicate,10240.0,34.0,61.81818181818182,61.81818181818182,FAMR_1.1,27.81818181818182,False,444,0,0
samtools-index-markduplicate,10240.0,34.0,46.142857142857146,46.142857142857146,FAMR_1.1,12.142857142857146,False,155,0,0
samtools-index-markduplicate,10240.0,34.0,35.78947368421053,35.78947368421053,FAMR_1.1,1.7894736842105274,False,329,0,0
samtools-index-markduplicate,10240.0,34.0,48.57142857142858,48.57142857142858,FAMR_1.1,14.571428571428577,False,165,0,0
samtools-index-markduplicate,10240.0,34.0,89.25,89.25,FAMR_1.1,55.25,False,198,0,0
samtools-index-markduplicate,10240.0,34.0,40.8,40.8,FAMR_1.1,6.799999999999997,False,101,0,0
samtools-index-markduplicate,10240.0,34.0,59.50000000000001,59.50000000000001,FAMR_1.1,25.500000000000007,False,136,0,0
samtools-index-markduplicate,10240.0,34.0,34.0,34.0,FAMR_1.1,0.0,False,130,0,0
samtools-index-markduplicate,10240.0,34.0,75.55555555555556,75.55555555555556,FAMR_1.1,41.55555555555556,False,135,0,0
samtools-index-markduplicate,10240.0,34.0,40.0,40.0,FAMR_1.1,6.0,False,127,0,0
samtools-index-markduplicate,10240.0,34.0,45.33333333333333,45.33333333333333,FAMR_1.1,11.333333333333329,False,110,0,0
samtools-index-markduplicate,10240.0,34.0,68.0,68.0,FAMR_1.1,34.0,False,144,0,0
samtools-index-markduplicate,10240.0,34.0,26.444444444444446,52.88888888888889,FAMR_1.1,18.888888888888893,False,132,127,1
samtools-index-markduplicate,10240.0,34.0,71.77777777777779,71.77777777777779,FAMR_1.1,37.777777777777786,False,225,0,0
samtools-index-markduplicate,10240.0,34.0,45.33333333333333,45.33333333333333,FAMR_1.1,11.333333333333329,False,123,0,0
samtools-index-markduplicate,10240.0,34.0,37.77777777777778,37.77777777777778,FAMR_1.1,3.7777777777777786,False,202,0,0
samtools-index-markduplicate,15360.0,34.0,37.77777777777778,37.77777777777778,FAMR_1.1,3.7777777777777786,False,132,0,0
samtools-index-markduplicate,15360.0,34.0,34.0,34.0,FAMR_1.1,0.0,False,364,0,0
samtools-index-markduplicate,15360.0,34.0,36.0,36.0,FAMR_1.1,2.0,False,111,0,0
samtools-index-markduplicate,15360.0,34.0,45.33333333333333,45.33333333333333,FAMR_1.1,11.333333333333329,False,124,0,0
samtools-index-markduplicate,15360.0,34.0,42.5,42.5,FAMR_1.1,8.5,False,177,0,0
samtools-index-markduplicate,15360.0,34.0,48.57142857142858,48.57142857142858,FAMR_1.1,14.571428571428577,False,190,0,0
samtools-index-markduplicate,15360.0,34.0,68.0,68.0,FAMR_1.1,34.0,False,143,0,0
samtools-index-markduplicate,15360.0,34.0,42.5,42.5,FAMR_1.1,8.5,False,91,0,0
samtools-index-markduplicate,15360.0,34.0,34.0,34.0,FAMR_1.1,0.0,False,118,0,0
samtools-index-markduplicate,15360.0,34.0,43.714285714285715,43.714285714285715,FAMR_1.1,9.714285714285715,False,106,0,0
samtools-index-markduplicate,15360.0,34.0,56.66666666666667,56.66666666666667,FAMR_1.1,22.66666666666667,False,162,0,0
samtools-index-markduplicate,15360.0,34.0,37.77777777777778,37.77777777777778,FAMR_1.1,3.7777777777777786,False,565,0,0
samtools-index-markduplicate,15360.0,34.0,49.69230769230769,49.69230769230769,FAMR_1.1,15.692307692307693,False,160,0,0
samtools-index-markduplicate,15360.0,34.0,56.66666666666667,56.66666666666667,FAMR_1.1,22.66666666666667,False,105,0,0
samtools-index-markduplicate,15360.0,34.0,92.28571428571429,92.28571428571429,FAMR_1.1,58.28571428571429,False,146,0,0
samtools-index-markduplicate,15360.0,34.0,45.33333333333333,45.33333333333333,FAMR_1.1,11.333333333333329,False,118,0,0
samtools-index-markduplicate,15360.0,34.0,68.0,68.0,FAMR_1.1,34.0,False,139,0,0
samtools-index-markduplicate,15360.0,34.0,61.81818181818182,61.81818181818182,FAMR_1.1,27.81818181818182,False,120,0,0
samtools-index-markduplicate,15360.0,34.0,47.6,47.6,FAMR_1.1,13.600000000000001,False,450,0,0
samtools-index-markduplicate,15360.0,34.0,32.3,64.6,FAMR_1.1,30.599999999999994,False,157,151,1
samtools-index-markduplicate,15360.0,34.0,39.23076923076923,39.23076923076923,FAMR_1.1,5.2307692307692335,False,121,0,0
samtools-index-markduplicate,15360.0,34.0,35.78947368421053,35.78947368421053,FAMR_1.1,1.7894736842105274,False,113,0,0
samtools-index-markduplicate,15360.0,34.0,35.78947368421053,35.78947368421053,FAMR_1.1,1.7894736842105274,False,172,0,0
samtools-index-markduplicate,15360.0,34.0,52.30769230769231,52.30769230769231,FAMR_1.1,18.307692307692307,False,208,0,0
samtools-index-markduplicate,15360.0,33.0,38.8235294117647,38.8235294117647,FAMR_1.1,5.823529411764703,False,174,0,0
samtools-index-markduplicate,15360.0,34.0,43.06666666666667,43.06666666666667,FAMR_1.1,9.06666666666667,False,158,0,0
samtools-index-markduplicate,15360.0,34.0,75.55555555555556,75.55555555555556,FAMR_1.1,41.55555555555556,False,116,0,0
samtools-index-markduplicate,15360.0,34.0,56.66666666666667,56.66666666666667,FAMR_1.1,22.66666666666667,False,158,0,0
samtools-index-markduplicate,15360.0,34.0,42.0,42.0,FAMR_1.1,8.0,False,487,0,0
samtools-index-markduplicate,15360.0,34.0,40.0,40.0,FAMR_1.1,6.0,False,142,0,0
samtools-index-markduplicate,18182.0,34.0,37.77777777777778,37.77777777777778,FAMR_1.1,3.7777777777777786,False,129,0,0
samtools-index-markduplicate,18182.0,34.0,35.88888888888889,35.88888888888889,FAMR_1.1,1.8888888888888928,False,440,0,0
samtools-index-markduplicate,18182.0,34.0,45.33333333333333,45.33333333333333,FAMR_1.1,11.333333333333329,False,405,0,0
samtools-index-markduplicate,18182.0,34.0,37.77777777777778,37.77777777777778,FAMR_1.1,3.7777777777777786,False,183,0,0
samtools-index-markduplicate,18182.0,34.0,39.66666666666667,39.66666666666667,FAMR_1.1,5.666666666666671,False,158,0,0
samtools-index-markduplicate,18182.0,34.0,34.0,34.0,FAMR_1.1,0.0,False,132,0,0
samtools-index-markduplicate,18182.0,34.0,56.66666666666667,56.66666666666667,FAMR_1.1,22.66666666666667,False,384,0,0
samtools-index-markduplicate,18182.0,34.0,32.38095238095238,64.76190476190476,FAMR_1.1,30.76190476190476,False,234,224,1
samtools-index-markduplicate,18182.0,34.0,102.00000000000001,102.00000000000001,FAMR_1.1,68.00000000000001,False,228,0,0
samtools-index-markduplicate,18182.0,34.0,49.69230769230769,49.69230769230769,FAMR_1.1,15.692307692307693,False,392,0,0
samtools-index-markduplicate,18182.0,34.0,34.0,34.0,FAMR_1.1,0.0,False,216,0,0
samtools-index-markduplicate,18182.0,34.0,37.77777777777778,37.77777777777778,FAMR_1.1,3.7777777777777786,False,419,0,0
samtools-index-markduplicate,18182.0,34.0,45.33333333333333,45.33333333333333,FAMR_1.1,11.333333333333329,False,180,0,0
samtools-index-markduplicate,18182.0,34.0,56.66666666666667,56.66666666666667,FAMR_1.1,22.66666666666667,False,118,0,0
samtools-index-markduplicate,18182.0,34.0,42.5,42.5,FAMR_1.1,8.5,False,123,0,0
samtools-index-markduplicate,18182.0,34.0,47.6,47.6,FAMR_1.1,13.600000000000001,False,171,0,0
samtools-index-markduplicate,18182.0,34.0,59.50000000000001,59.50000000000001,FAMR_1.1,25.500000000000007,False,150,0,0
samtools-index-markduplicate,18182.0,34.0,51.00000000000001,51.00000000000001,FAMR_1.1,17.000000000000007,False,415,0,0
samtools-index-markduplicate,18182.0,34.0,85.0,85.0,FAMR_1.1,51.0,False,146,0,0
samtools-index-markduplicate,18182.0,34.0,61.20000000000001,61.20000000000001,FAMR_1.1,27.20000000000001,False,147,0,0
samtools-index-markduplicate,18182.0,34.0,71.77777777777779,71.77777777777779,FAMR_1.1,37.777777777777786,False,150,0,0
samtools-index-markduplicate,18182.0,34.0,42.5,42.5,FAMR_1.1,8.5,False,106,0,0
samtools-index-markduplicate,18182.0,34.0,45.33333333333333,45.33333333333333,FAMR_1.1,11.333333333333329,False,133,0,0
samtools-index-markduplicate,18182.0,34.0,40.8,40.8,FAMR_1.1,6.799999999999997,False,239,0,0
samtools-index-markduplicate,18182.0,34.0,51.00000000000001,51.00000000000001,FAMR_1.1,17.000000000000007,False,197,0,0
samtools-index-markduplicate,18182.0,34.0,39.23076923076923,39.23076923076923,FAMR_1.1,5.2307692307692335,False,185,0,0
samtools-index-markduplicate,18182.0,33.0,34.73684210526316,34.73684210526316,FAMR_1.1,1.7368421052631575,False,116,0,0
samtools-index-markduplicate,18182.0,34.0,61.81818181818182,61.81818181818182,FAMR_1.1,27.81818181818182,False,540,0,0
samtools-index-markduplicate,18182.0,34.0,42.5,42.5,FAMR_1.1,8.5,False,218,0,0
samtools-index-markduplicate,18182.0,34.0,40.8,40.8,FAMR_1.1,6.799999999999997,False,146,0,0
picard-validate-sam,10240.0,2870.0,16883.517241379308,16883.517241379308,FAMR_1.1,14013.517241379308,False,1127,0,0
picard-validate-sam,10240.0,3270.0,4921.1881188118805,4921.1881188118805,FAMR_1.1,1651.1881188118805,False,1355,0,0
picard-validate-sam,10240.0,3494.0,4526.954585930543,4526.954585930543,FAMR_1.1,1032.9545859305426,False,1130,0,0
picard-validate-sam,10240.0,3646.0,20521.771428571432,20521.771428571432,FAMR_1.1,16875.771428571432,False,1293,0,0
picard-validate-sam,10240.0,3528.0,21438.16216216216,21438.16216216216,FAMR_1.1,17910.16216216216,False,1264,0,0
picard-validate-sam,10240.0,3257.0,21953.025974025975,21953.025974025975,FAMR_1.1,18696.025974025975,False,1149,0,0
picard-validate-sam,10240.0,3103.0,3252.784582132565,3252.784582132565,FAMR_1.1,149.784582132565,False,1275,0,0
picard-validate-sam,10240.0,3048.0,25580.258064516125,25580.258064516125,FAMR_1.1,22532.258064516125,False,1444,0,0
picard-validate-sam,10240.0,2856.0,4813.741935483871,4813.741935483871,FAMR_1.1,1957.7419354838712,False,1701,0,0
picard-validate-sam,10240.0,2923.0,3719.3301282051284,3719.3301282051284,FAMR_1.1,796.3301282051284,False,1448,0,0
picard-validate-sam,10240.0,3303.0,3351.860946745562,3351.860946745562,FAMR_1.1,48.86094674556216,False,1355,0,0
picard-validate-sam,10240.0,3422.0,3422.0,3422.0,FAMR_1.1,0.0,False,1239,0,0
picard-validate-sam,10240.0,2911.0,16866.676470588234,16866.676470588234,FAMR_1.1,13955.676470588234,False,1864,0,0
picard-validate-sam,10240.0,3000.0,19222.222222222223,19222.222222222223,FAMR_1.1,16222.222222222223,False,1668,0,0
picard-validate-sam,10240.0,3168.0,3727.725321888412,3727.725321888412,FAMR_1.1,559.725321888412,False,1572,0,0
picard-validate-sam,10240.0,2990.0,24436.59685863874,24436.59685863874,FAMR_1.1,21446.59685863874,False,1548,0,0
picard-validate-sam,10240.0,3604.0,3913.2985074626868,3913.2985074626868,FAMR_1.1,309.29850746268676,False,2017,0,0
picard-validate-sam,10240.0,3612.0,3698.2567164179104,3698.2567164179104,FAMR_1.1,86.25671641791041,False,1880,0,0
picard-validate-sam,10240.0,3632.0,5071.850594227504,5071.850594227504,FAMR_1.1,1439.8505942275042,False,1892,0,0
picard-validate-sam,10240.0,3292.0,19638.482758620692,19638.482758620692,FAMR_1.1,16346.482758620692,False,1373,0,0
picard-validate-sam,10240.0,3115.0,26717.115384615383,26717.115384615383,FAMR_1.1,23602.115384615383,False,1406,0,0
picard-validate-sam,10240.0,3306.0,3345.008849557522,3345.008849557522,FAMR_1.1,39.0088495575219,False,1348,0,0
picard-validate-sam,10240.0,2842.0,3687.169934640523,3687.169934640523,FAMR_1.1,845.169934640523,False,1510,0,0
picard-validate-sam,10240.0,3351.0,19850.02083333333,19850.02083333333,FAMR_1.1,16499.02083333333,False,1212,0,0
picard-validate-sam,10240.0,2808.0,4961.503759398497,4961.503759398497,FAMR_1.1,2153.503759398497,False,1443,0,0
picard-validate-sam,10240.0,3455.0,3236.9768190598843,6473.953638119769,FAMR_1.1,3018.9536381197686,False,1386,1362,1
picard-validate-sam,10240.0,2922.0,18382.036363636365,18382.036363636365,FAMR_1.1,15460.036363636365,False,1307,0,0
picard-validate-sam,10240.0,3178.0,27869.98876404494,27869.98876404494,FAMR_1.1,24691.98876404494,False,1628,0,0
picard-validate-sam,10240.0,3438.0,23690.586206896554,23690.586206896554,FAMR_1.1,20252.586206896554,False,1302,0,0
picard-validate-sam,10240.0,3158.0,7885.069182389938,7885.069182389938,FAMR_1.1,4727.069182389938,False,1255,0,0
picard-validate-sam,15360.0,3585.0,20771.91176470588,20771.91176470588,FAMR_1.1,17186.91176470588,False,1873,0,0
picard-validate-sam,15360.0,4271.0,3723.2617912029673,7446.523582405935,FAMR_1.1,3175.5235824059346,False,2629,2583,1
picard-validate-sam,15360.0,3315.0,4231.688102893891,4231.688102893891,FAMR_1.1,916.6881028938906,False,2112,0,0
picard-validate-sam,15360.0,3514.0,19698.39837398374,19698.39837398374,FAMR_1.1,16184.398373983739,False,1837,0,0
picard-validate-sam,15360.0,3299.0,4670.55715495343,4670.55715495343,FAMR_1.1,1371.5571549534297,False,2407,0,0
picard-validate-sam,15360.0,3689.0,23207.16363636364,23207.16363636364,FAMR_1.1,19518.16363636364,False,1763,0,0
picard-validate-sam,15360.0,3701.0,22288.61160714286,22288.61160714286,FAMR_1.1,18587.61160714286,False,2089,0,0
picard-validate-sam,15360.0,3418.0,28081.56842105264,28081.56842105264,FAMR_1.1,24663.56842105264,False,1588,0,0
picard-validate-sam,15360.0,3891.0,33372.80769230769,33372.80769230769,FAMR_1.1,29481.807692307688,False,1907,0,0
picard-validate-sam,15360.0,4201.0,25527.698198198195,25527.698198198195,FAMR_1.1,21326.698198198195,False,1842,0,0
picard-validate-sam,15360.0,3567.0,3725.262798634812,3725.262798634812,FAMR_1.1,158.26279863481204,False,1746,0,0
picard-validate-sam,15360.0,3291.0,5204.788043478261,5204.788043478261,FAMR_1.1,1913.788043478261,False,2169,0,0
picard-validate-sam,15360.0,3950.0,23236.896551724134,23236.896551724134,FAMR_1.1,19286.896551724134,False,1882,0,0
picard-validate-sam,15360.0,4114.0,28348.770114942527,28348.770114942527,FAMR_1.1,24234.770114942527,False,1623,0,0
picard-validate-sam,15360.0,3809.0,3898.173913043478,3898.173913043478,FAMR_1.1,89.17391304347802,False,2135,0,0
picard-validate-sam,15360.0,3917.0,4587.165191740412,4587.165191740412,FAMR_1.1,670.1651917404124,False,1639,0,0
picard-validate-sam,15360.0,4051.0,5656.956706281834,5656.956706281834,FAMR_1.1,1605.9567062818342,False,2343,0,0
picard-validate-sam,15360.0,3317.0,23533.035502958577,23533.035502958577,FAMR_1.1,20216.035502958577,False,1712,0,0
picard-validate-sam,15360.0,3777.0,33123.01685393258,33123.01685393258,FAMR_1.1,29346.016853932582,False,2687,0,0
picard-validate-sam,15360.0,3788.0,3832.69616519174,3832.69616519174,FAMR_1.1,44.696165191739965,False,1953,0,0
picard-validate-sam,15360.0,3536.0,22939.8,22939.8,FAMR_1.1,19403.8,False,1732,0,0
picard-validate-sam,15360.0,3738.0,4962.399635036496,4962.399635036496,FAMR_1.1,1224.399635036496,False,1733,0,0
picard-validate-sam,15360.0,3927.0,6962.825026511135,6962.825026511135,FAMR_1.1,3035.8250265111346,False,1767,0,0
picard-validate-sam,15360.0,3758.0,3782.7236842105262,3782.7236842105262,FAMR_1.1,24.723684210526244,False,2655,0,0
picard-validate-sam,15360.0,4160.0,4822.551092318535,4822.551092318535,FAMR_1.1,662.5510923185348,False,1953,0,0
picard-validate-sam,15360.0,3680.0,3723.4218289085547,3723.4218289085547,FAMR_1.1,43.421828908554744,False,2350,0,0
picard-validate-sam,15360.0,3537.0,20927.25,20927.25,FAMR_1.1,17390.25,False,1790,0,0
picard-validate-sam,15360.0,4007.0,27453.67428571428,27453.67428571428,FAMR_1.1,23446.67428571428,False,1419,0,0
picard-validate-sam,15360.0,4100.0,22347.430830039524,22347.430830039524,FAMR_1.1,18247.430830039524,False,2213,0,0
picard-validate-sam,15360.0,4111.0,5247.803858520901,5247.803858520901,FAMR_1.1,1136.8038585209006,False,1923,0,0
picard-validate-sam,18182.0,4372.0,24708.967213114756,24708.967213114756,FAMR_1.1,20336.967213114756,False,2048,0,0
picard-validate-sam,18182.0,4096.0,25502.832116788322,25502.832116788322,FAMR_1.1,21406.832116788322,False,2867,0,0
picard-validate-sam,18182.0,4364.0,6375.470692717585,6375.470692717585,FAMR_1.1,2011.4706927175848,False,2334,0,0
picard-validate-sam,18182.0,4318.0,29250.180790960454,29250.180790960454,FAMR_1.1,24932.180790960454,False,2712,0,0
picard-validate-sam,18182.0,4248.0,5916.985605419137,5916.985605419137,FAMR_1.1,1668.9856054191368,False,2123,0,0
picard-validate-sam,18182.0,3764.0,32824.6033519553,32824.6033519553,FAMR_1.1,29060.603351955302,False,2021,0,0
picard-validate-sam,18182.0,4297.0,4581.47038327526,4581.47038327526,FAMR_1.1,284.47038327526025,False,2699,0,0
picard-validate-sam,18182.0,3956.0,25230.021276595748,25230.021276595748,FAMR_1.1,21274.021276595748,False,2340,0,0
picard-validate-sam,18182.0,3919.0,6197.983695652174,6197.983695652174,FAMR_1.1,2278.983695652174,False,2000,0,0
picard-validate-sam,18182.0,3982.0,3924.787356321839,7849.574712643678,FAMR_1.1,3867.574712643678,False,2603,2557,1
picard-validate-sam,18182.0,4253.0,24678.972789115644,24678.972789115644,FAMR_1.1,20425.972789115644,False,2974,0,0
picard-validate-sam,18182.0,3630.0,22776.139534883718,22776.139534883718,FAMR_1.1,19146.139534883718,False,2644,0,0
picard-validate-sam,18182.0,4020.0,24209.732142857145,24209.732142857145,FAMR_1.1,20189.732142857145,False,2265,0,0
picard-validate-sam,18182.0,3956.0,23406.333333333332,23406.333333333332,FAMR_1.1,19450.333333333332,False,2063,0,0
picard-validate-sam,18182.0,3796.0,3833.5841584158416,3833.5841584158416,FAMR_1.1,37.58415841584156,False,1945,0,0
picard-validate-sam,18182.0,3610.0,24875.804597701146,24875.804597701146,FAMR_1.1,21265.804597701146,False,1781,0,0
picard-validate-sam,18182.0,4436.0,36445.24210526317,36445.24210526317,FAMR_1.1,32009.24210526317,False,2037,0,0
picard-validate-sam,18182.0,4148.0,4160.12865497076,4160.12865497076,FAMR_1.1,12.12865497076018,False,2305,0,0
picard-validate-sam,18182.0,3657.0,4489.376865671641,4489.376865671641,FAMR_1.1,832.3768656716411,False,2004,0,0
picard-validate-sam,18182.0,4868.0,6234.18064516129,6234.18064516129,FAMR_1.1,1366.1806451612902,False,2112,0,0
picard-validate-sam,18182.0,4132.0,5535.96685082873,5535.96685082873,FAMR_1.1,1403.9668508287295,False,2098,0,0
picard-validate-sam,18182.0,4830.0,4976.363636363635,4976.363636363635,FAMR_1.1,146.36363636363512,False,2301,0,0
picard-validate-sam,18182.0,4546.0,10335.046875,10335.046875,FAMR_1.1,5789.046875,False,2316,0,0
picard-validate-sam,18182.0,4000.0,37166.666666666664,37166.666666666664,FAMR_1.1,33166.666666666664,False,2138,0,0
picard-validate-sam,18182.0,4236.0,24543.88235294118,24543.88235294118,FAMR_1.1,20307.88235294118,False,2517,0,0
picard-validate-sam,18182.0,3828.0,4886.546623794212,4886.546623794212,FAMR_1.1,1058.5466237942119,False,2903,0,0
picard-validate-sam,18182.0,3780.0,3945.4088952654233,3945.4088952654233,FAMR_1.1,165.40889526542333,False,2003,0,0
picard-validate-sam,18182.0,4260.0,7527.067669172932,7527.067669172932,FAMR_1.1,3267.0676691729323,False,2721,0,0
picard-validate-sam,18182.0,3620.0,3684.4510385756676,3684.4510385756676,FAMR_1.1,64.45103857566755,False,2816,0,0
picard-validate-sam,18182.0,4292.0,31571.214723926376,31571.214723926376,FAMR_1.1,27279.214723926376,False,2582,0,0
picard-collect-wgs-metrics,10240.0,1743.0,2827.785857572718,2827.785857572718,FAMR_1.1,1084.7858575727182,False,1257,0,0
picard-collect-wgs-metrics,10240.0,1698.0,2169.511582723061,2169.511582723061,FAMR_1.1,471.5115827230611,False,1195,0,0
picard-collect-wgs-metrics,10240.0,1576.0,2835.2885789014817,2835.2885789014817,FAMR_1.1,1259.2885789014817,False,1332,0,0
picard-collect-wgs-metrics,10240.0,1452.0,3809.652058432935,3809.652058432935,FAMR_1.1,2357.652058432935,False,1404,0,0
picard-collect-wgs-metrics,10240.0,1751.0,2434.6559511698883,2434.6559511698883,FAMR_1.1,683.6559511698883,False,1245,0,0
picard-collect-wgs-metrics,10240.0,1581.0,2090.925856697819,2090.925856697819,FAMR_1.1,509.9258566978192,False,1198,0,0
picard-collect-wgs-metrics,10240.0,1584.0,2127.566037735849,2127.566037735849,FAMR_1.1,543.566037735849,False,1338,0,0
picard-collect-wgs-metrics,10240.0,1442.0,2955.342823803968,2955.342823803968,FAMR_1.1,1513.3428238039678,False,1282,0,0
picard-collect-wgs-metrics,10240.0,1518.0,2180.4760491733787,2180.4760491733787,FAMR_1.1,662.4760491733787,False,1304,0,0
picard-collect-wgs-metrics,10240.0,1673.0,1794.582012242976,1794.582012242976,FAMR_1.1,121.5820122429759,False,1370,0,0
picard-collect-wgs-metrics,10240.0,1583.0,2670.824353660943,2670.824353660943,FAMR_1.1,1087.824353660943,False,1379,0,0
picard-collect-wgs-metrics,10240.0,1696.0,2049.900481540931,2049.900481540931,FAMR_1.1,353.9004815409312,False,1267,0,0
picard-collect-wgs-metrics,10240.0,1597.0,2416.9988086728613,2416.9988086728613,FAMR_1.1,819.9988086728613,False,1314,0,0
picard-collect-wgs-metrics,10240.0,1713.0,1540.849660622024,3081.699321244048,FAMR_1.1,1368.699321244048,False,1252,1247,1
picard-collect-wgs-metrics,10240.0,1440.0,2426.655777868518,2426.655777868518,FAMR_1.1,986.6557778685178,False,1353,0,0
picard-collect-wgs-metrics,10240.0,1687.0,3964.472571581483,3964.472571581483,FAMR_1.1,2277.472571581483,False,1360,0,0
picard-collect-wgs-metrics,10240.0,1767.0,2597.112676056338,2597.112676056338,FAMR_1.1,830.1126760563379,False,1384,0,0
picard-collect-wgs-metrics,10240.0,1409.0,1992.4368530020702,1992.4368530020702,FAMR_1.1,583.4368530020702,False,1313,0,0
picard-collect-wgs-metrics,10240.0,1579.0,3384.6175250183055,3384.6175250183055,FAMR_1.1,1805.6175250183055,False,1256,0,0
picard-collect-wgs-metrics,10240.0,1706.0,1650.581456088802,3301.162912177604,FAMR_1.1,1595.162912177604,False,1292,1287,1
picard-collect-wgs-metrics,10240.0,1883.0,2674.235660847881,2674.235660847881,FAMR_1.1,791.2356608478808,False,1279,0,0
picard-collect-wgs-metrics,10240.0,1752.0,5053.0919708029205,5053.0919708029205,FAMR_1.1,3301.0919708029205,False,1250,0,0
picard-collect-wgs-metrics,10240.0,1751.0,3466.410569105691,3466.410569105691,FAMR_1.1,1715.4105691056911,False,1282,0,0
picard-collect-wgs-metrics,10240.0,1765.0,1379.934790069786,2759.869580139572,FAMR_1.1,994.869580139572,False,1249,1244,1
picard-collect-wgs-metrics,10240.0,1452.0,2718.8622601279317,2718.8622601279317,FAMR_1.1,1266.8622601279317,False,1251,0,0
picard-collect-wgs-metrics,10240.0,1842.0,6278.052903967798,6278.052903967798,FAMR_1.1,4436.052903967798,False,1270,0,0
picard-collect-wgs-metrics,10240.0,1504.0,1995.2212759599581,1995.2212759599581,FAMR_1.1,491.2212759599581,False,1194,0,0
picard-collect-wgs-metrics,10240.0,1630.0,2101.4329206413645,2101.4329206413645,FAMR_1.1,471.4329206413645,False,1360,0,0
picard-collect-wgs-metrics,10240.0,1648.0,2011.934653084759,2011.934653084759,FAMR_1.1,363.934653084759,False,1340,0,0
picard-collect-wgs-metrics,10240.0,1369.0,1580.053425191733,1580.053425191733,FAMR_1.1,211.0534251917329,False,1225,0,0
picard-collect-wgs-metrics,15360.0,1555.0,2012.5020374898124,2012.5020374898124,FAMR_1.1,457.50203748981244,False,1627,0,0
picard-collect-wgs-metrics,15360.0,1713.0,2147.5930488341396,2147.5930488341396,FAMR_1.1,434.5930488341396,False,1811,0,0
picard-collect-wgs-metrics,15360.0,1551.0,2605.5215169974454,2605.5215169974454,FAMR_1.1,1054.5215169974454,False,1683,0,0
picard-collect-wgs-metrics,15360.0,1466.0,1537.4267972295197,1537.4267972295197,FAMR_1.1,71.4267972295197,False,1672,0,0
picard-collect-wgs-metrics,15360.0,1601.0,9811.997742663656,9811.997742663656,FAMR_1.1,8210.997742663656,False,1709,0,0
picard-collect-wgs-metrics,15360.0,1740.0,5425.028932140978,5425.028932140978,FAMR_1.1,3685.028932140978,False,1655,0,0
picard-collect-wgs-metrics,15360.0,1823.0,2540.3976515391937,2540.3976515391937,FAMR_1.1,717.3976515391937,False,1665,0,0
picard-collect-wgs-metrics,15360.0,1748.0,1799.4502369668248,1799.4502369668248,FAMR_1.1,51.45023696682483,False,1667,0,0
picard-collect-wgs-metrics,15360.0,1684.0,3558.560163850487,3558.560163850487,FAMR_1.1,1874.5601638504868,False,1606,0,0
picard-collect-wgs-metrics,15360.0,1759.0,2497.472303206997,2497.472303206997,FAMR_1.1,738.4723032069969,False,1687,0,0
picard-collect-wgs-metrics,15360.0,1541.0,3888.81091954023,3888.81091954023,FAMR_1.1,2347.81091954023,False,1615,0,0
picard-collect-wgs-metrics,15360.0,1642.0,2770.368659956582,2770.368659956582,FAMR_1.1,1128.3686599565822,False,1841,0,0
picard-collect-wgs-metrics,15360.0,1549.0,3505.880958450165,3505.880958450165,FAMR_1.1,1956.880958450165,False,1709,0,0
picard-collect-wgs-metrics,15360.0,1454.0,2722.607249466951,2722.607249466951,FAMR_1.1,1268.607249466951,False,1780,0,0
picard-collect-wgs-metrics,15360.0,1750.0,2630.692379182156,2630.692379182156,FAMR_1.1,880.692379182156,False,1673,0,0
picard-collect-wgs-metrics,15360.0,1657.0,4004.4918345127926,4004.4918345127926,FAMR_1.1,2347.4918345127926,False,1623,0,0
picard-collect-wgs-metrics,15360.0,1803.0,3695.203267211202,3695.203267211202,FAMR_1.1,1892.2032672112018,False,1660,0,0
picard-collect-wgs-metrics,15360.0,1692.0,2275.310507674144,2275.310507674144,FAMR_1.1,583.310507674144,False,1579,0,0
picard-collect-wgs-metrics,15360.0,1585.0,2759.3612417685795,2759.3612417685795,FAMR_1.1,1174.3612417685795,False,1755,0,0
picard-collect-wgs-metrics,15360.0,1497.0,1421.154386489314,2842.308772978628,FAMR_1.1,1345.308772978628,False,1615,1609,1
picard-collect-wgs-metrics,15360.0,1662.0,2405.367272727273,2405.367272727273,FAMR_1.1,743.3672727272728,False,1650,0,0
picard-collect-wgs-metrics,15360.0,1579.0,1752.054611347163,1752.054611347163,FAMR_1.1,173.05461134716302,False,1631,0,0
picard-collect-wgs-metrics,15360.0,1637.0,2237.1343012704174,2237.1343012704174,FAMR_1.1,600.1343012704174,False,1649,0,0
picard-collect-wgs-metrics,15360.0,1630.0,2159.809663250366,2159.809663250366,FAMR_1.1,529.8096632503662,False,1815,0,0
picard-collect-wgs-metrics,15360.0,1599.0,1289.9663341645883,2579.9326683291765,FAMR_1.1,980.9326683291765,False,1827,1820,1
picard-collect-wgs-metrics,15360.0,1655.0,2432.4965924579737,2432.4965924579737,FAMR_1.1,777.4965924579737,False,1746,0,0
picard-collect-wgs-metrics,15360.0,1677.0,2703.5023571563265,2703.5023571563265,FAMR_1.1,1026.5023571563265,False,1629,0,0
picard-collect-wgs-metrics,15360.0,1421.0,1885.1126550126999,1885.1126550126999,FAMR_1.1,464.11265501269986,False,1668,0,0
picard-collect-wgs-metrics,15360.0,1705.0,2055.2801494130204,2055.2801494130204,FAMR_1.1,350.28014941302035,False,1789,0,0
picard-collect-wgs-metrics,15360.0,1674.0,2126.183745583039,2126.183745583039,FAMR_1.1,452.1837455830391,False,1700,0,0
picard-collect-wgs-metrics,18182.0,1450.0,2710.704132954297,2710.704132954297,FAMR_1.1,1260.7041329542972,False,1896,0,0
picard-collect-wgs-metrics,18182.0,1500.0,2229.6918767507004,2229.6918767507004,FAMR_1.1,729.6918767507004,False,1936,0,0
picard-collect-wgs-metrics,18182.0,1550.0,1873.6522399392559,1873.6522399392559,FAMR_1.1,323.6522399392559,False,2053,0,0
picard-collect-wgs-metrics,18182.0,1540.0,2315.009293680297,2315.009293680297,FAMR_1.1,775.0092936802971,False,1990,0,0
picard-collect-wgs-metrics,18182.0,1602.0,5460.065554916619,5460.065554916619,FAMR_1.1,3858.0655549166186,False,1921,0,0
picard-collect-wgs-metrics,18182.0,1706.0,5282.895506792059,5282.895506792059,FAMR_1.1,3576.8955067920588,False,1841,0,0
picard-collect-wgs-metrics,18182.0,1696.0,2966.907216494845,2966.907216494845,FAMR_1.1,1270.9072164948452,False,1914,0,0
picard-collect-wgs-metrics,18182.0,1773.0,2271.723138832998,2271.723138832998,FAMR_1.1,498.72313883299785,False,2003,0,0
picard-collect-wgs-metrics,18182.0,1753.0,2500.4210758377426,2500.4210758377426,FAMR_1.1,747.4210758377426,False,1901,0,0
picard-collect-wgs-metrics,18182.0,1660.0,2660.0100654252647,2660.0100654252647,FAMR_1.1,1000.0100654252647,False,2123,0,0
picard-collect-wgs-metrics,18182.0,1708.0,2014.2315789473685,2014.2315789473685,FAMR_1.1,306.23157894736846,False,2104,0,0
picard-collect-wgs-metrics,18182.0,1622.0,3324.248308051342,3324.248308051342,FAMR_1.1,1702.248308051342,False,2002,0,0
picard-collect-wgs-metrics,18182.0,1833.0,2407.268730372364,2407.268730372364,FAMR_1.1,574.2687303723642,False,1866,0,0
picard-collect-wgs-metrics,18182.0,1687.0,3688.53273657289,3688.53273657289,FAMR_1.1,2001.53273657289,False,1912,0,0
picard-collect-wgs-metrics,18182.0,1580.0,2234.2443064182194,2234.2443064182194,FAMR_1.1,654.2443064182194,False,1864,0,0
picard-collect-wgs-metrics,18182.0,1668.0,2212.7852980726134,2212.7852980726134,FAMR_1.1,544.7852980726134,False,1954,0,0
picard-collect-wgs-metrics,18182.0,1700.0,1856.5969428801288,1856.5969428801288,FAMR_1.1,156.59694288012884,False,1958,0,0
picard-collect-wgs-metrics,18182.0,1496.0,1337.1800618238024,2674.3601236476047,FAMR_1.1,1178.3601236476047,False,2058,2050,1
picard-collect-wgs-metrics,18182.0,1713.0,1977.0865722085011,1977.0865722085011,FAMR_1.1,264.08657220850114,False,1909,0,0
picard-collect-wgs-metrics,18182.0,1620.0,2212.4245472837024,2212.4245472837024,FAMR_1.1,592.4245472837024,False,2039,0,0
picard-collect-wgs-metrics,18182.0,1681.0,1740.4583537082315,1740.4583537082315,FAMR_1.1,59.45835370823147,False,1876,0,0
picard-collect-wgs-metrics,18182.0,1598.0,2069.8401305057096,2069.8401305057096,FAMR_1.1,471.84013050570957,False,1855,0,0
picard-collect-wgs-metrics,18182.0,1885.0,4576.726580949882,4576.726580949882,FAMR_1.1,2691.726580949882,False,1899,0,0
picard-collect-wgs-metrics,18182.0,1762.0,4623.0075254537405,4623.0075254537405,FAMR_1.1,2861.0075254537405,False,1913,0,0
picard-collect-wgs-metrics,18182.0,1624.0,2254.781115879828,2254.781115879828,FAMR_1.1,630.7811158798281,False,1883,0,0
picard-collect-wgs-metrics,18182.0,1762.0,2969.2829726418945,2969.2829726418945,FAMR_1.1,1207.2829726418945,False,1906,0,0
picard-collect-wgs-metrics,18182.0,1697.0,1595.305770248809,3190.611540497618,FAMR_1.1,1493.611540497618,False,1875,1868,1
picard-collect-wgs-metrics,18182.0,1872.0,2698.116546150574,2698.116546150574,FAMR_1.1,826.1165461505739,False,1871,0,0
picard-collect-wgs-metrics,18182.0,1722.0,2971.0259197324413,2971.0259197324413,FAMR_1.1,1249.0259197324413,False,2034,0,0
picard-collect-wgs-metrics,18182.0,1515.0,2961.194550063371,2961.194550063371,FAMR_1.1,1446.194550063371,False,1880,0,0
fastqc,5113.0,666.0,705.7738246505718,705.7738246505718,FAMR_1.15,39.77382465057178,False,441,0,0
fastqc,5128.0,625.0,725.5484460694697,725.5484460694697,FAMR_1.15,100.54844606946972,False,432,0,0
fastqc,5113.0,796.0,1330.6268656716418,1330.6268656716418,FAMR_1.15,534.6268656716418,False,445,0,0
fastqc,5128.0,645.0,803.8763493621196,803.8763493621196,FAMR_1.15,158.87634936211964,False,439,0,0
fastqc,5113.0,669.0,664.9151967435549,1329.8303934871099,FAMR_1.15,660.8303934871099,False,387,384,1
fastqc,5128.0,638.0,828.3979057591624,828.3979057591624,FAMR_1.15,190.39790575916243,False,429,0,0
fastqc,5113.0,580.0,913.128205128205,913.128205128205,FAMR_1.15,333.12820512820497,False,449,0,0
fastqc,5128.0,674.0,941.2869399428026,941.2869399428026,FAMR_1.15,267.28693994280263,False,460,0,0
fastqc,5113.0,626.0,888.8318999218139,888.8318999218139,FAMR_1.15,262.83189992181394,False,441,0,0
fastqc,5128.0,781.0,1061.7310177705979,1061.7310177705979,FAMR_1.15,280.7310177705979,False,437,0,0
fastqc,5113.0,706.0,944.7724425887264,944.7724425887264,FAMR_1.15,238.77244258872645,False,434,0,0
fastqc,5128.0,826.0,1011.5285396590067,1011.5285396590067,FAMR_1.15,185.5285396590067,False,419,0,0
fastqc,5113.0,674.0,770.2235142118863,770.2235142118863,FAMR_1.15,96.22351421188625,False,447,0,0
fastqc,5128.0,630.0,962.9077353215285,962.9077353215285,FAMR_1.15,332.90773532152855,False,474,0,0
fastqc,5113.0,671.0,692.0885714285713,692.0885714285713,FAMR_1.15,21.0885714285713,False,452,0,0
fastqc,5128.0,730.0,923.6734693877552,923.6734693877552,FAMR_1.15,193.67346938775518,False,476,0,0
fastqc,5113.0,555.0,984.7128712871287,984.7128712871287,FAMR_1.15,429.7128712871287,False,468,0,0
fastqc,5128.0,724.0,851.2520064205457,851.2520064205457,FAMR_1.15,127.25200642054574,False,445,0,0
fastqc,5113.0,748.0,1269.9642147117297,1269.9642147117297,FAMR_1.15,521.9642147117297,False,462,0,0
fastqc,5128.0,804.0,931.6423357664232,931.6423357664232,FAMR_1.15,127.64233576642323,False,480,0,0
fastqc,5113.0,785.0,1082.244152046784,1082.244152046784,FAMR_1.15,297.24415204678394,False,457,0,0
fastqc,5128.0,723.0,797.1799016163036,797.1799016163036,FAMR_1.15,74.1799016163036,False,446,0,0
fastqc,5113.0,737.0,838.8467336683417,838.8467336683417,FAMR_1.15,101.8467336683417,False,490,0,0
fastqc,5128.0,637.0,694.675020210186,694.675020210186,FAMR_1.15,57.67502021018595,False,458,0,0
fastqc,5113.0,707.0,928.9282511210762,928.9282511210762,FAMR_1.15,221.9282511210762,False,480,0,0
fastqc,5128.0,675.0,746.204974271012,746.204974271012,FAMR_1.15,71.20497427101202,False,474,0,0
fastqc,5113.0,638.0,996.3517060367453,996.3517060367453,FAMR_1.15,358.3517060367453,False,441,0,0
fastqc,5128.0,688.0,954.9611197511663,954.9611197511663,FAMR_1.15,266.9611197511663,False,456,0,0
fastqc,5113.0,669.0,827.0186688311687,827.0186688311687,FAMR_1.15,158.01866883116872,False,489,0,0
fastqc,5128.0,701.0,685.2528985507246,1370.5057971014492,FAMR_1.15,669.5057971014492,False,481,478,1
fastqc,5113.0,738.0,1143.7429787234041,1143.7429787234041,FAMR_1.15,405.7429787234041,False,449,0,0
fastqc,5128.0,689.0,902.0722543352601,902.0722543352601,FAMR_1.15,213.07225433526014,False,449,0,0
fastqc,5113.0,706.0,934.047471620227,934.047471620227,FAMR_1.15,228.04747162022704,False,486,0,0
fastqc,5128.0,725.0,761.6340668296657,761.6340668296657,FAMR_1.15,36.6340668296657,False,494,0,0
fastqc,5113.0,571.0,851.1895482728078,851.1895482728078,FAMR_1.15,280.18954827280777,False,474,0,0
fastqc,5128.0,759.0,1321.2765957446807,1321.2765957446807,FAMR_1.15,562.2765957446807,False,488,0,0
fastqc,5113.0,723.0,1405.7505154639173,1405.7505154639173,FAMR_1.15,682.7505154639173,False,465,0,0
fastqc,5128.0,706.0,963.0982658959537,963.0982658959537,FAMR_1.15,257.09826589595366,False,461,0,0
fastqc,5113.0,742.0,859.9101123595505,859.9101123595505,FAMR_1.15,117.91011235955045,False,465,0,0
fastqc,5128.0,645.0,886.4725457570714,886.4725457570714,FAMR_1.15,241.47254575707143,False,463,0,0
fastqc,5113.0,722.0,1060.8979591836737,1060.8979591836737,FAMR_1.15,338.8979591836737,False,463,0,0
fastqc,5128.0,750.0,899.8679577464787,899.8679577464787,FAMR_1.15,149.86795774647874,False,435,0,0
fastqc,5113.0,739.0,948.7773995915588,948.7773995915588,FAMR_1.15,209.77739959155883,False,452,0,0
fastqc,5128.0,710.0,904.3330763299923,904.3330763299923,FAMR_1.15,194.3330763299923,False,456,0,0
fastqc,5113.0,642.0,934.5179856115109,934.5179856115109,FAMR_1.15,292.5179856115109,False,461,0,0
fastqc,5128.0,687.0,711.9919159256265,711.9919159256265,FAMR_1.15,24.991915925626472,False,449,0,0
fastqc,5113.0,717.0,910.8288148721921,910.8288148721921,FAMR_1.15,193.82881487219208,False,402,0,0
fastqc,5128.0,656.0,961.4279569892474,961.4279569892474,FAMR_1.15,305.4279569892474,False,424,0,0
fastqc,5113.0,649.0,772.0786819098857,772.0786819098857,FAMR_1.15,123.07868190988574,False,431,0,0
fastqc,5128.0,782.0,980.1699544764795,980.1699544764795,FAMR_1.15,198.16995447647946,False,456,0,0
fastqc,5113.0,735.0,941.2368881118881,941.2368881118881,FAMR_1.15,206.2368881118881,False,451,0,0
fastqc,5128.0,658.0,990.8192371475955,990.8192371475955,FAMR_1.15,332.81923714759546,False,467,0,0
fastqc,5113.0,651.0,846.6613798572563,846.6613798572563,FAMR_1.15,195.6613798572563,False,447,0,0
fastqc,5128.0,674.0,693.4058988764045,693.4058988764045,FAMR_1.15,19.405898876404535,False,490,0,0
fastqc,5113.0,638.0,943.7396078431374,943.7396078431374,FAMR_1.15,305.7396078431374,False,456,0,0
fastqc,5128.0,685.0,823.6613805970151,823.6613805970151,FAMR_1.15,138.66138059701507,False,469,0,0
fastqc,5113.0,706.0,990.7403314917127,990.7403314917127,FAMR_1.15,284.7403314917127,False,466,0,0
fastqc,5128.0,712.0,950.341118188252,950.341118188252,FAMR_1.15,238.34111818825204,False,457,0,0
fastqc,5113.0,711.0,900.6440520446097,900.6440520446097,FAMR_1.15,189.64405204460968,False,455,0,0
fastqc,5128.0,656.0,807.5217391304348,807.5217391304348,FAMR_1.15,151.52173913043475,False,473,0,0
fastqc,7669.0,678.0,744.6526994359388,744.6526994359388,FAMR_1.15,66.65269943593876,False,632,0,0
fastqc,7692.0,721.0,855.4344766930519,855.4344766930519,FAMR_1.15,134.43447669305192,False,573,0,0
fastqc,7669.0,654.0,971.5064516129032,971.5064516129032,FAMR_1.15,317.5064516129032,False,694,0,0
fastqc,7692.0,679.0,1075.8181818181818,1075.8181818181818,FAMR_1.15,396.81818181818176,False,646,0,0
fastqc,7669.0,637.0,1074.7883895131085,1074.7883895131085,FAMR_1.15,437.78838951310854,False,701,0,0
fastqc,7692.0,666.0,915.2174840085288,915.2174840085288,FAMR_1.15,249.2174840085288,False,662,0,0
fastqc,7669.0,542.0,786.1356521739132,786.1356521739132,FAMR_1.15,244.13565217391317,False,671,0,0
fastqc,7692.0,683.0,874.1235795454545,874.1235795454545,FAMR_1.15,191.1235795454545,False,639,0,0
fastqc,7669.0,631.0,982.9169363538296,982.9169363538296,FAMR_1.15,351.91693635382956,False,641,0,0
fastqc,7692.0,617.0,804.1046931407942,804.1046931407942,FAMR_1.15,187.1046931407942,False,664,0,0
fastqc,7669.0,719.0,741.5971428571428,741.5971428571428,FAMR_1.15,22.597142857142785,False,632,0,0
fastqc,7692.0,709.0,946.5971479500892,946.5971479500892,FAMR_1.15,237.59714795008915,False,655,0,0
fastqc,7669.0,789.0,969.8523002421307,969.8523002421307,FAMR_1.15,180.8523002421307,False,618,0,0
fastqc,7692.0,765.0,1023.7265135699374,1023.7265135699374,FAMR_1.15,258.7265135699374,False,622,0,0
fastqc,7669.0,672.0,866.2256568778979,866.2256568778979,FAMR_1.15,194.2256568778979,False,643,0,0
fastqc,7692.0,678.0,994.915309446254,994.915309446254,FAMR_1.15,316.915309446254,False,653,0,0
fastqc,7669.0,718.0,1326.070663811563,1326.070663811563,FAMR_1.15,608.070663811563,False,620,0,0
fastqc,7692.0,650.0,1040.0000000000002,1040.0000000000002,FAMR_1.15,390.0000000000002,False,615,0,0
fastqc,7669.0,707.0,964.4624277456646,964.4624277456646,FAMR_1.15,257.4624277456646,False,586,0,0
fastqc,7692.0,696.0,734.6666666666666,734.6666666666666,FAMR_1.15,38.66666666666663,False,651,0,0
fastqc,7669.0,664.0,827.2575315840622,827.2575315840622,FAMR_1.15,163.25753158406224,False,609,0,0
fastqc,7692.0,759.0,994.7994836488812,994.7994836488812,FAMR_1.15,235.79948364888116,False,640,0,0
fastqc,7669.0,619.0,710.6646808510637,710.6646808510637,FAMR_1.15,91.66468085106374,False,686,0,0
fastqc,7692.0,740.0,1017.931570762053,1017.931570762053,FAMR_1.15,277.93157076205296,False,724,0,0
fastqc,7669.0,708.0,711.8874399450926,711.8874399450926,FAMR_1.15,3.8874399450926376,False,674,0,0
fastqc,7692.0,711.0,1322.9262295081967,1322.9262295081967,FAMR_1.15,611.9262295081967,False,652,0,0
fastqc,7669.0,752.0,930.7362318840579,930.7362318840579,FAMR_1.15,178.73623188405793,False,619,0,0
fastqc,7692.0,707.0,1032.7470261697065,1032.7470261697065,FAMR_1.15,325.7470261697065,False,616,0,0
fastqc,7669.0,668.0,803.2201492537314,803.2201492537314,FAMR_1.15,135.2201492537314,False,664,0,0
fastqc,7692.0,668.0,921.0000000000001,921.0000000000001,FAMR_1.15,253.0000000000001,False,705,0,0
fastqc,7669.0,642.0,744.1627486437615,744.1627486437615,FAMR_1.15,102.16274864376146,False,685,0,0
fastqc,7692.0,657.0,838.0812720848057,838.0812720848057,FAMR_1.15,181.08127208480573,False,634,0,0
fastqc,7669.0,641.0,664.6495003843198,664.6495003843198,FAMR_1.15,23.649500384319822,False,692,0,0
fastqc,7692.0,678.0,877.7091722595077,877.7091722595077,FAMR_1.15,199.70917225950768,False,690,0,0
fastqc,7669.0,771.0,862.4973821989529,862.4973821989529,FAMR_1.15,91.49738219895289,False,628,0,0
fastqc,7692.0,783.0,1124.6253122398005,1124.6253122398005,FAMR_1.15,341.62531223980045,False,663,0,0
fastqc,7669.0,660.0,754.2248062015503,754.2248062015503,FAMR_1.15,94.22480620155034,False,668,0,0
fastqc,7692.0,606.0,624.9072,624.9072,FAMR_1.15,18.90719999999999,False,692,0,0
fastqc,7669.0,652.0,777.2156334231805,777.2156334231805,FAMR_1.15,125.21563342318052,False,550,0,0
fastqc,7692.0,715.0,801.4563106796116,801.4563106796116,FAMR_1.15,86.45631067961165,False,556,0,0
fastqc,7669.0,700.0,1085.1269649334945,1085.1269649334945,FAMR_1.15,385.1269649334945,False,631,0,0
fastqc,7692.0,763.0,934.3780578206079,934.3780578206079,FAMR_1.15,171.37805782060786,False,641,0,0
fastqc,7669.0,762.0,889.0817772054089,889.0817772054089,FAMR_1.15,127.08177720540891,False,634,0,0
fastqc,7692.0,742.0,877.3804347826086,877.3804347826086,FAMR_1.15,135.38043478260863,False,632,0,0
fastqc,7669.0,630.0,677.854757929883,677.854757929883,FAMR_1.15,47.85475792988302,False,651,0,0
fastqc,7692.0,590.0,557.1501831501831,1114.3003663003662,FAMR_1.15,524.3003663003662,False,648,644,1
fastqc,7669.0,655.0,916.2813479623824,916.2813479623824,FAMR_1.15,261.28134796238237,False,693,0,0
fastqc,7692.0,676.0,850.94140625,850.94140625,FAMR_1.15,174.94140625,False,677,0,0
fastqc,7669.0,646.0,818.1685649202733,818.1685649202733,FAMR_1.15,172.1685649202733,False,648,0,0
fastqc,7692.0,648.0,853.9343009931246,853.9343009931246,FAMR_1.15,205.93430099312457,False,682,0,0
fastqc,7669.0,700.0,1054.0630182421228,1054.0630182421228,FAMR_1.15,354.0630182421228,False,668,0,0
fastqc,7692.0,707.0,935.3704850361197,935.3704850361197,FAMR_1.15,228.3704850361197,False,722,0,0
fastqc,7669.0,695.0,1061.3474576271187,1061.3474576271187,FAMR_1.15,366.34745762711873,False,632,0,0
fastqc,7692.0,658.0,824.7465857359637,824.7465857359637,FAMR_1.15,166.74658573596366,False,617,0,0
fastqc,7669.0,645.0,1141.0555004955402,1141.0555004955402,FAMR_1.15,496.0555004955402,False,675,0,0
fastqc,7692.0,692.0,721.0978593272172,721.0978593272172,FAMR_1.15,29.09785932721718,False,673,0,0
fastqc,7669.0,671.0,991.1643945469125,991.1643945469125,FAMR_1.15,320.1643945469125,False,683,0,0
fastqc,7692.0,669.0,850.7987059669302,850.7987059669302,FAMR_1.15,181.79870596693024,False,661,0,0
fastqc,7669.0,654.0,917.7679558011049,917.7679558011049,FAMR_1.15,263.7679558011049,False,678,0,0
fastqc,7692.0,769.0,1045.4176090468495,1045.4176090468495,FAMR_1.15,276.4176090468495,False,631,0,0
fastqc,9078.0,622.0,902.1704347826087,902.1704347826087,FAMR_1.15,280.1704347826087,False,747,0,0
fastqc,9105.0,695.0,1062.2553588070832,1062.2553588070832,FAMR_1.15,367.2553588070832,False,728,0,0
fastqc,9078.0,636.0,990.705501618123,990.705501618123,FAMR_1.15,354.705501618123,False,817,0,0
fastqc,9105.0,649.0,882.2835218093701,882.2835218093701,FAMR_1.15,233.2835218093701,False,803,0,0
fastqc,9078.0,642.0,896.5967588179219,896.5967588179219,FAMR_1.15,254.5967588179219,False,814,0,0
fastqc,9105.0,676.0,728.3699604743084,728.3699604743084,FAMR_1.15,52.369960474308414,False,791,0,0
fastqc,9078.0,673.0,873.8429319371728,873.8429319371728,FAMR_1.15,200.8429319371728,False,825,0,0
fastqc,9105.0,681.0,1057.6136363636363,1057.6136363636363,FAMR_1.15,376.61363636363626,False,763,0,0
fastqc,9078.0,719.0,915.7964533538938,915.7964533538938,FAMR_1.15,196.79645335389375,False,827,0,0
fastqc,9105.0,786.0,1030.866485013624,1030.866485013624,FAMR_1.15,244.86648501362401,False,792,0,0
fastqc,9078.0,653.0,661.7272012578616,661.7272012578616,FAMR_1.15,8.727201257861566,False,814,0,0
fastqc,9105.0,617.0,708.3685106382977,708.3685106382977,FAMR_1.15,91.36851063829772,False,789,0,0
fastqc,9078.0,546.0,796.7687296416938,796.7687296416938,FAMR_1.15,250.76872964169377,False,824,0,0
fastqc,9105.0,696.0,867.4386653581943,867.4386653581943,FAMR_1.15,171.43866535819427,False,799,0,0
fastqc,9078.0,642.0,770.7759882869692,770.7759882869692,FAMR_1.15,128.7759882869692,False,817,0,0
fastqc,9105.0,670.0,794.9252418645558,794.9252418645558,FAMR_1.15,124.9252418645558,False,784,0,0
fastqc,9078.0,659.0,908.5913173652694,908.5913173652694,FAMR_1.15,249.59131736526945,False,814,0,0
fastqc,9105.0,698.0,885.7718309859155,885.7718309859155,FAMR_1.15,187.77183098591547,False,772,0,0
fastqc,9078.0,693.0,1158.4477611940297,1158.4477611940297,FAMR_1.15,465.4477611940297,False,810,0,0
fastqc,9105.0,642.0,665.6863950807073,665.6863950807073,FAMR_1.15,23.686395080707257,False,806,0,0
fastqc,9078.0,677.0,771.4791111111111,771.4791111111111,FAMR_1.15,94.47911111111114,False,832,0,0
fastqc,9105.0,634.0,1168.621190130624,1168.621190130624,FAMR_1.15,534.621190130624,False,780,0,0
fastqc,9078.0,706.0,869.8498293515357,869.8498293515357,FAMR_1.15,163.84982935153573,False,817,0,0
fastqc,9105.0,713.0,902.1632653061225,902.1632653061225,FAMR_1.15,189.16326530612253,False,792,0,0
fastqc,9078.0,719.0,835.6885359116022,835.6885359116022,FAMR_1.15,116.68853591160223,False,650,0,0
fastqc,9105.0,685.0,1031.4759535655057,1031.4759535655057,FAMR_1.15,346.47595356550573,False,652,0,0
fastqc,9078.0,694.0,1423.8772213247173,1423.8772213247173,FAMR_1.15,729.8772213247173,False,667,0,0
fastqc,9105.0,750.0,884.9270664505672,884.9270664505672,FAMR_1.15,134.92706645056717,False,633,0,0
fastqc,9078.0,704.0,664.8029304029304,1329.6058608058609,FAMR_1.15,625.6058608058609,False,752,747,1
fastqc,9105.0,716.0,1202.804232804233,1202.804232804233,FAMR_1.15,486.8042328042329,False,701,0,0
fastqc,9078.0,756.0,1012.754716981132,1012.754716981132,FAMR_1.15,256.754716981132,False,737,0,0
fastqc,9105.0,738.0,1061.4482187241097,1061.4482187241097,FAMR_1.15,323.44821872410967,False,721,0,0
fastqc,9078.0,675.0,945.73885848319,945.73885848319,FAMR_1.15,270.73885848319003,False,742,0,0
fastqc,9105.0,790.0,1177.6527900797166,1177.6527900797166,FAMR_1.15,387.6527900797166,False,717,0,0
fastqc,9078.0,662.0,1042.225641025641,1042.225641025641,FAMR_1.15,380.2256410256409,False,773,0,0
fastqc,9105.0,689.0,896.0982658959538,896.0982658959538,FAMR_1.15,207.09826589595377,False,731,0,0
fastqc,9078.0,709.0,910.2614023144996,910.2614023144996,FAMR_1.15,201.2614023144996,False,779,0,0
fastqc,9105.0,739.0,1018.826023391813,1018.826023391813,FAMR_1.15,279.826023391813,False,746,0,0
fastqc,9078.0,696.0,884.1518202943455,884.1518202943455,FAMR_1.15,188.1518202943455,False,774,0,0
fastqc,9105.0,729.0,765.8361858190709,765.8361858190709,FAMR_1.15,36.83618581907092,False,739,0,0
fastqc,9078.0,649.0,953.6326530612246,953.6326530612246,FAMR_1.15,304.6326530612246,False,783,0,0
fastqc,9105.0,731.0,1272.5338491295938,1272.5338491295938,FAMR_1.15,541.5338491295938,False,732,0,0
fastqc,9078.0,657.0,875.6760355029586,875.6760355029586,FAMR_1.15,218.6760355029586,False,772,0,0
fastqc,9105.0,761.0,851.3106457242583,851.3106457242583,FAMR_1.15,90.31064572425828,False,736,0,0
fastqc,9078.0,663.0,811.9169755374351,811.9169755374351,FAMR_1.15,148.91697553743506,False,774,0,0
fastqc,9105.0,650.0,754.542395693136,754.542395693136,FAMR_1.15,104.54239569313597,False,739,0,0
fastqc,9078.0,708.0,887.4172989377845,887.4172989377845,FAMR_1.15,179.4172989377845,False,778,0,0
fastqc,9105.0,650.0,867.825311942959,867.825311942959,FAMR_1.15,217.82531194295905,False,749,0,0
fastqc,9078.0,697.0,721.4262428687856,721.4262428687856,FAMR_1.15,24.426242868785607,False,774,0,0
fastqc,9105.0,730.0,770.5555555555557,770.5555555555557,FAMR_1.15,40.55555555555566,False,761,0,0
fastqc,9078.0,651.0,853.2469879518073,853.2469879518073,FAMR_1.15,202.24698795180734,False,790,0,0
fastqc,9105.0,704.0,776.230498945889,776.230498945889,FAMR_1.15,72.23049894588905,False,752,0,0
fastqc,9078.0,675.0,924.1822429906542,924.1822429906542,FAMR_1.15,249.18224299065423,False,774,0,0
fastqc,9105.0,773.0,1143.4337254901961,1143.4337254901961,FAMR_1.15,370.43372549019614,False,741,0,0
fastqc,9078.0,582.0,747.0293333333333,747.0293333333333,FAMR_1.15,165.02933333333328,False,782,0,0
fastqc,9105.0,695.0,715.0105337078651,715.0105337078651,FAMR_1.15,20.01053370786508,False,736,0,0
fastqc,9078.0,696.0,829.66576819407,829.66576819407,FAMR_1.15,133.66576819406998,False,759,0,0
fastqc,9105.0,769.0,1049.0404624277455,1049.0404624277455,FAMR_1.15,280.0404624277455,False,745,0,0
fastqc,9078.0,724.0,896.0811594202899,896.0811594202899,FAMR_1.15,172.08115942028985,False,779,0,0
fastqc,9105.0,725.0,812.6654898499559,812.6654898499559,FAMR_1.15,87.66548984995586,False,744,0,0
fastq-cleaner,10240.0,1683.0,1691.68271711092,1691.68271711092,FAMR_1.15,8.682717110920066,False,2149,0,0
fastq-cleaner,10240.0,1683.0,1687.3301886792453,1687.3301886792453,FAMR_1.15,4.330188679245339,False,2230,0,0
fastq-cleaner,10240.0,1684.0,1692.6580976863756,1692.6580976863756,FAMR_1.15,8.65809768637564,False,2207,0,0
fastq-cleaner,10240.0,1684.0,1684.0,1684.0,FAMR_1.15,0.0,False,2299,0,0
fastq-cleaner,10240.0,1684.0,1688.3142613151156,1688.3142613151156,FAMR_1.15,4.314261315115573,False,2175,0,0
fastq-cleaner,10240.0,1683.0,1685.884318766067,1685.884318766067,FAMR_1.15,2.8843187660670537,False,2192,0,0
fastq-cleaner,10240.0,1684.0,1689.7869415807559,1689.7869415807559,FAMR_1.15,5.786941580755865,False,2307,0,0
fastq-cleaner,10240.0,1684.0,1691.2089041095892,1691.2089041095892,FAMR_1.15,7.208904109589184,False,2325,0,0
fastq-cleaner,10240.0,1684.0,1692.832167832168,1692.832167832168,FAMR_1.15,8.832167832167897,False,2316,0,0
fastq-cleaner,10240.0,1683.0,1688.7587681779296,1688.7587681779296,FAMR_1.15,5.758768177929596,False,2296,0,0
fastq-cleaner,10240.0,1684.0,1688.3142613151156,1688.3142613151156,FAMR_1.15,4.314261315115573,False,2181,0,0
fastq-cleaner,10240.0,1683.0,1688.7785407725323,1688.7785407725323,FAMR_1.15,5.778540772532324,False,2133,0,0
fastq-cleaner,10240.0,1683.0,1694.5471698113206,1694.5471698113206,FAMR_1.15,11.5471698113206,False,2328,0,0
fastq-cleaner,10240.0,1684.0,1697.020618556701,1697.020618556701,FAMR_1.15,13.020618556701038,False,2184,0,0
fastq-cleaner,10240.0,1684.0,1685.4368600682596,1685.4368600682596,FAMR_1.15,1.436860068259648,False,2279,0,0
fastq-cleaner,10240.0,1684.0,1688.3327615780447,1688.3327615780447,FAMR_1.15,4.33276157804471,False,2298,0,0
fastq-cleaner,10240.0,1684.0,1685.4430162810627,1685.4430162810627,FAMR_1.15,1.4430162810626825,False,2298,0,0
fastq-cleaner,10240.0,1684.0,1686.8737201365186,1686.8737201365186,FAMR_1.15,2.873720136518614,False,2273,0,0
fastq-cleaner,10240.0,1683.0,1684.4360068259389,1684.4360068259389,FAMR_1.15,1.4360068259388754,False,2250,0,0
fastq-cleaner,10240.0,1684.0,1699.9552110249786,1699.9552110249786,FAMR_1.15,15.955211024978553,False,2199,0,0
fastq-cleaner,10240.0,1683.0,1688.8743455497383,1688.8743455497383,FAMR_1.15,5.874345549738337,False,2221,0,0
fastq-cleaner,10240.0,1683.0,1685.884318766067,1685.884318766067,FAMR_1.15,2.8843187660670537,False,2193,0,0
fastq-cleaner,10240.0,1683.0,1684.4347826086957,1684.4347826086957,FAMR_1.15,1.4347826086957411,False,2270,0,0
fastq-cleaner,10240.0,1683.0,1687.333905579399,1687.333905579399,FAMR_1.15,4.3339055793990156,False,2309,0,0
fastq-cleaner,10240.0,1684.0,1689.781974248927,1689.781974248927,FAMR_1.15,5.781974248927099,False,2167,0,0
fastq-cleaner,10240.0,1684.0,1689.757264957265,1689.757264957265,FAMR_1.15,5.757264957265079,False,2158,0,0
fastq-cleaner,10240.0,1683.0,1696.0128865979382,1696.0128865979382,FAMR_1.15,13.012886597938177,False,2197,0,0
fastq-cleaner,10240.0,1683.0,1684.4409246575342,1684.4409246575342,FAMR_1.15,1.4409246575341967,False,2295,0,0
fastq-cleaner,10240.0,1683.0,1685.8744662681468,1685.8744662681468,FAMR_1.15,2.8744662681467616,False,2181,0,0
fastq-cleaner,10240.0,1684.0,1684.0,1684.0,FAMR_1.15,0.0,False,2277,0,0
fastq-cleaner,15360.0,1748.0,1754.1012216404888,1754.1012216404888,FAMR_1.15,6.101221640488802,False,3221,0,0
fastq-cleaner,15360.0,1747.0,1758.98627787307,1758.98627787307,FAMR_1.15,11.986277873070094,False,3397,0,0
fastq-cleaner,15360.0,1748.0,1750.9957155098548,1750.9957155098548,FAMR_1.15,2.99571550985479,False,3196,0,0
fastq-cleaner,15360.0,1747.0,1748.490614334471,1748.490614334471,FAMR_1.15,1.4906143344710472,False,3161,0,0
fastq-cleaner,15360.0,1748.0,1748.0000000000002,1748.0000000000002,FAMR_1.15,2.2737367544323206e-13,False,3286,0,0
fastq-cleaner,15360.0,1748.0,1754.0068728522338,1754.0068728522338,FAMR_1.15,6.006872852233755,False,3102,0,0
fastq-cleaner,15360.0,1748.0,1749.491467576792,1749.491467576792,FAMR_1.15,1.4914675767920471,False,3244,0,0
fastq-cleaner,15360.0,1748.0,1752.4820512820515,1752.4820512820515,FAMR_1.15,4.482051282051543,False,3093,0,0
fastq-cleaner,15360.0,1747.0,1751.4987124463516,1751.4987124463516,FAMR_1.15,4.498712446351647,False,3146,0,0
fastq-cleaner,15360.0,1747.0,1751.5693112467304,1751.5693112467304,FAMR_1.15,4.569311246730422,False,3303,0,0
fastq-cleaner,15360.0,1748.0,1752.485885372113,1752.485885372113,FAMR_1.15,4.485885372112989,False,3233,0,0
fastq-cleaner,15360.0,1747.0,1752.9777587681776,1752.9777587681776,FAMR_1.15,5.977758768177637,False,3381,0,0
fastq-cleaner,15360.0,1748.0,1749.496575342466,1749.496575342466,FAMR_1.15,1.4965753424660306,False,3400,0,0
fastq-cleaner,15360.0,1747.0,1749.994001713796,1749.994001713796,FAMR_1.15,2.994001713796024,False,3139,0,0
fastq-cleaner,15360.0,1748.0,1748.0000000000002,1748.0000000000002,FAMR_1.15,2.2737367544323206e-13,False,3277,0,0
fastq-cleaner,15360.0,1747.0,1757.4790059982863,1757.4790059982863,FAMR_1.15,10.479005998286311,False,3207,0,0
fastq-cleaner,15360.0,1748.0,1756.987146529563,1756.987146529563,FAMR_1.15,8.987146529563006,False,3240,0,0
fastq-cleaner,15360.0,1748.0,1755.4764756201885,1755.4764756201885,FAMR_1.15,7.476475620188467,False,3193,0,0
fastq-cleaner,15360.0,1748.0,1749.496575342466,1749.496575342466,FAMR_1.15,1.4965753424660306,False,3288,0,0
fastq-cleaner,15360.0,1748.0,1757.0258175559384,1757.0258175559384,FAMR_1.15,9.025817555938374,False,3186,0,0
fastq-cleaner,15360.0,1748.0,1751.0452961672477,1751.0452961672477,FAMR_1.15,3.0452961672476704,False,3117,0,0
fastq-cleaner,15360.0,1747.0,1765.0413080895007,1765.0413080895007,FAMR_1.15,18.041308089500717,False,3148,0,0
fastq-cleaner,15360.0,1747.0,1749.983774551665,1749.983774551665,FAMR_1.15,2.9837745516649647,False,3158,0,0
fastq-cleaner,15360.0,1747.0,1752.9982832618025,1752.9982832618025,FAMR_1.15,5.998283261802499,False,3278,0,0
fastq-cleaner,15360.0,1748.0,1754.0017167381977,1754.0017167381977,FAMR_1.15,6.001716738197729,False,3208,0,0
fastq-cleaner,15360.0,1748.0,1750.9829351535834,1750.9829351535834,FAMR_1.15,2.982935153583412,False,3400,0,0
fastq-cleaner,15360.0,1747.0,1752.9726495726495,1752.9726495726495,FAMR_1.15,5.972649572649516,False,3155,0,0
fastq-cleaner,15360.0,1748.0,1761.515463917526,1761.515463917526,FAMR_1.15,13.515463917525949,False,3183,0,0
fastq-cleaner,15360.0,1747.0,1746.9999999999998,1746.9999999999998,FAMR_1.15,0.0,False,3297,0,0
fastq-cleaner,15360.0,1748.0,1761.515463917526,1761.515463917526,FAMR_1.15,13.515463917525949,False,3228,0,0
fastq-cleaner,18182.0,1775.0,1778.0315969257044,1778.0315969257044,FAMR_1.15,3.0315969257044344,False,3604,0,0
fastq-cleaner,18182.0,1775.0,1781.0944206008583,1781.0944206008583,FAMR_1.15,6.094420600858257,False,3949,0,0
fastq-cleaner,18182.0,1775.0,1784.1337907375641,1784.1337907375641,FAMR_1.15,9.13379073756414,False,3952,0,0
fastq-cleaner,18182.0,1775.0,1776.519691780822,1776.519691780822,FAMR_1.15,1.519691780822086,False,3934,0,0
fastq-cleaner,18182.0,1775.0,1782.5919589392643,1782.5919589392643,FAMR_1.15,7.591958939264259,False,3933,0,0
fastq-cleaner,18182.0,1775.0,1779.566895368782,1779.566895368782,FAMR_1.15,4.56689536878207,False,3953,0,0
fastq-cleaner,18182.0,1775.0,1775.0,1775.0,FAMR_1.15,0.0,False,3939,0,0
fastq-cleaner,18182.0,1775.0,1779.5473953885569,1779.5473953885569,FAMR_1.15,4.547395388556879,False,3948,0,0
fastq-cleaner,18182.0,1775.0,1776.5145051194543,1776.5145051194543,FAMR_1.15,1.5145051194542702,False,3945,0,0
fastq-cleaner,18182.0,1775.0,1781.0996563573883,1781.0996563573883,FAMR_1.15,6.099656357388312,False,3960,0,0
fastq-cleaner,18182.0,1775.0,1788.7242268041234,1788.7242268041234,FAMR_1.15,13.724226804123418,False,3931,0,0
fastq-cleaner,18182.0,1775.0,1781.0944206008583,1781.0944206008583,FAMR_1.15,6.094420600858257,False,3943,0,0
fastq-cleaner,18182.0,1776.0,1792.81239242685,1792.81239242685,FAMR_1.15,16.81239242685001,False,3658,0,0
fastq-cleaner,18182.0,1775.0,1775.0,1775.0,FAMR_1.15,0.0,False,3624,0,0
fastq-cleaner,18182.0,1775.0,1778.0419880034278,1778.0419880034278,FAMR_1.15,3.041988003427832,False,3740,0,0
fastq-cleaner,18182.0,1775.0,1779.6425457715777,1779.6425457715777,FAMR_1.15,4.642545771577716,False,3757,0,0
fastq-cleaner,18182.0,1775.0,1779.551282051282,1779.551282051282,FAMR_1.15,4.551282051281987,False,3759,0,0
fastq-cleaner,18182.0,1775.0,1779.566895368782,1779.566895368782,FAMR_1.15,4.56689536878207,False,3730,0,0
fastq-cleaner,18182.0,1775.0,1776.5132139812447,1776.5132139812447,FAMR_1.15,1.5132139812446894,False,3736,0,0
fastq-cleaner,18182.0,1775.0,1781.068376068376,1781.068376068376,FAMR_1.15,6.068376068375983,False,3734,0,0
fastq-cleaner,18182.0,1775.0,1782.5984589041097,1782.5984589041097,FAMR_1.15,7.598458904109748,False,3716,0,0
fastq-cleaner,18182.0,1774.0,1775.513651877133,1775.513651877133,FAMR_1.15,1.513651877133043,False,3725,0,0
fastq-cleaner,18182.0,1774.0,1781.6202749140894,1781.6202749140894,FAMR_1.15,7.62027491408935,False,3737,0,0
fastq-cleaner,18182.0,1775.0,1781.0735671514112,1781.0735671514112,FAMR_1.15,6.0735671514112255,False,3751,0,0
fastq-cleaner,18182.0,1774.0,1784.6592274678112,1784.6592274678112,FAMR_1.15,10.659227467811206,False,3760,0,0
fastq-cleaner,18182.0,1775.0,1776.520994001714,1776.520994001714,FAMR_1.15,1.520994001713916,False,3760,0,0
fastq-cleaner,18182.0,1775.0,1778.034188034188,1778.034188034188,FAMR_1.15,3.0341880341879914,False,3747,0,0
fastq-cleaner,18182.0,1775.0,1776.5448215839858,1776.5448215839858,FAMR_1.15,1.5448215839858221,False,3748,0,0
fastq-cleaner,18182.0,1775.0,1785.6560891938252,1785.6560891938252,FAMR_1.15,10.65608919382521,False,3765,0,0
fastq-cleaner,18182.0,1775.0,1791.802925989673,1791.802925989673,FAMR_1.15,16.802925989672985,False,3781,0,0
burrows-wheeler-aligner,10240.0,15243.0,15843.078570252015,15843.078570252015,FAMR_1.15,600.0785702520152,False,4144,0,0
burrows-wheeler-aligner,10240.0,15342.0,15372.551609691338,15372.551609691338,FAMR_1.15,30.551609691337944,False,4152,0,0
burrows-wheeler-aligner,10240.0,15308.0,15348.658698539177,15348.658698539177,FAMR_1.15,40.65869853917684,False,4343,0,0
burrows-wheeler-aligner,10240.0,15395.0,15488.871951219513,15488.871951219513,FAMR_1.15,93.871951219513,False,4477,0,0
burrows-wheeler-aligner,10240.0,15224.0,15309.260418382475,15309.260418382475,FAMR_1.15,85.26041838247511,False,4079,0,0
burrows-wheeler-aligner,10240.0,15276.0,15285.89378238342,15285.89378238342,FAMR_1.15,9.89378238342033,False,4430,0,0
burrows-wheeler-aligner,10240.0,15244.0,15256.299499757948,15256.299499757948,FAMR_1.15,12.29949975794807,False,4291,0,0
burrows-wheeler-aligner,10240.0,15395.0,15342.225759059746,30684.45151811949,FAMR_1.15,15289.451518119491,False,4473,3994,1
burrows-wheeler-aligner,10240.0,15248.0,15285.464373464374,15285.464373464374,FAMR_1.15,37.46437346437415,False,4444,0,0
burrows-wheeler-aligner,10240.0,15208.0,15373.498074669347,15373.498074669347,FAMR_1.15,165.49807466934726,False,4504,0,0
burrows-wheeler-aligner,10240.0,15137.0,15337.30991668028,15337.30991668028,FAMR_1.15,200.30991668028037,False,4278,0,0
burrows-wheeler-aligner,10240.0,15257.0,15392.818991097922,15392.818991097922,FAMR_1.15,135.81899109792175,False,4508,0,0
burrows-wheeler-aligner,10240.0,15299.0,15319.415679733109,15319.415679733109,FAMR_1.15,20.415679733108846,False,4504,0,0
burrows-wheeler-aligner,10240.0,15240.0,15295.712861415754,15295.712861415754,FAMR_1.15,55.71286141575365,False,4439,0,0
burrows-wheeler-aligner,10240.0,15231.0,15295.120142487045,15295.120142487045,FAMR_1.15,64.12014248704509,False,4510,0,0
burrows-wheeler-aligner,10240.0,15312.0,15381.180722891568,15381.180722891568,FAMR_1.15,69.18072289156771,False,4479,0,0
burrows-wheeler-aligner,10240.0,15182.0,15137.310547833196,30274.621095666393,FAMR_1.15,15092.621095666393,False,4458,3980,1
burrows-wheeler-aligner,10240.0,15247.0,15326.827225130888,15326.827225130888,FAMR_1.15,79.82722513088811,False,4507,0,0
burrows-wheeler-aligner,10240.0,15251.0,15311.270706405398,15311.270706405398,FAMR_1.15,60.270706405397505,False,4370,0,0
burrows-wheeler-aligner,10240.0,15345.0,15390.866821653935,15390.866821653935,FAMR_1.15,45.8668216539354,False,4340,0,0
burrows-wheeler-aligner,10240.0,15226.0,15275.259139437076,15275.259139437076,FAMR_1.15,49.259139437075646,False,4351,0,0
burrows-wheeler-aligner,10240.0,15293.0,15277.823354283822,30555.646708567645,FAMR_1.15,15262.646708567645,False,4109,3669,1
burrows-wheeler-aligner,10240.0,15226.0,15221.025808559296,30442.051617118592,FAMR_1.15,15216.051617118592,False,4443,3967,1
burrows-wheeler-aligner,10240.0,15361.0,15386.14075286416,15386.14075286416,FAMR_1.15,25.140752864159367,False,4540,0,0
burrows-wheeler-aligner,10240.0,15292.0,15327.539176626826,15327.539176626826,FAMR_1.15,35.53917662682579,False,4486,0,0
burrows-wheeler-aligner,10240.0,15255.0,15274.889178617994,15274.889178617994,FAMR_1.15,19.88917861799382,False,4343,0,0
burrows-wheeler-aligner,10240.0,15244.0,15349.792769528727,15349.792769528727,FAMR_1.15,105.79276952872715,False,4398,0,0
burrows-wheeler-aligner,10240.0,15225.0,15428.40178129639,15428.40178129639,FAMR_1.15,203.40178129639025,False,4529,0,0
burrows-wheeler-aligner,10240.0,15210.0,15720.737100737102,15720.737100737102,FAMR_1.15,510.7371007371021,False,4484,0,0
burrows-wheeler-aligner,10240.0,15335.0,15442.416611074048,15442.416611074048,FAMR_1.15,107.41661107404798,False,4392,0,0
burrows-wheeler-aligner,15360.0,15446.0,15819.552020775847,15819.552020775847,FAMR_1.15,373.55202077584727,False,6374,0,0
burrows-wheeler-aligner,15360.0,15467.0,15497.26810176125,15497.26810176125,FAMR_1.15,30.268101761250364,False,6640,0,0
burrows-wheeler-aligner,15360.0,15409.0,15564.72382372432,15564.72382372432,FAMR_1.15,155.72382372432003,False,6350,0,0
burrows-wheeler-aligner,15360.0,15492.0,15601.890465193006,15601.890465193006,FAMR_1.15,109.8904651930061,False,6622,0,0
burrows-wheeler-aligner,15360.0,15499.0,16093.25160441007,16093.25160441007,FAMR_1.15,594.2516044100703,False,6552,0,0
burrows-wheeler-aligner,15360.0,15352.0,15372.015645371579,15372.015645371579,FAMR_1.15,20.015645371579012,False,6579,0,0
burrows-wheeler-aligner,15360.0,15334.0,15374.19397116645,15374.19397116645,FAMR_1.15,40.193971166450865,False,6610,0,0
burrows-wheeler-aligner,15360.0,15390.0,15402.829276425477,15402.829276425477,FAMR_1.15,12.829276425476564,False,6198,0,0
burrows-wheeler-aligner,15360.0,15402.0,15349.201762977473,30698.403525954946,FAMR_1.15,15296.403525954946,False,6391,5706,1
burrows-wheeler-aligner,15360.0,15394.0,15416.45114244045,15416.45114244045,FAMR_1.15,22.451142440449985,False,6548,0,0
burrows-wheeler-aligner,15360.0,15445.0,15491.165725672532,15491.165725672532,FAMR_1.15,46.16572567253206,False,6288,0,0
burrows-wheeler-aligner,15360.0,15342.0,15531.594661393967,15531.594661393967,FAMR_1.15,189.59466139396682,False,6479,0,0
burrows-wheeler-aligner,15360.0,15353.0,15446.018012117242,15446.018012117242,FAMR_1.15,93.0180121172416,False,6378,0,0
burrows-wheeler-aligner,15360.0,15422.0,15495.607307439102,15495.607307439102,FAMR_1.15,73.60730743910244,False,6506,0,0
burrows-wheeler-aligner,15360.0,15510.0,15562.69535673839,15562.69535673839,FAMR_1.15,52.69535673838982,False,6492,0,0
burrows-wheeler-aligner,15360.0,15421.0,15822.19674796748,15822.19674796748,FAMR_1.15,401.1967479674804,False,6270,0,0
burrows-wheeler-aligner,15360.0,15429.0,15488.511487506286,15488.511487506286,FAMR_1.15,59.51148750628636,False,6639,0,0
burrows-wheeler-aligner,15360.0,15387.0,15394.546346248162,15394.546346248162,FAMR_1.15,7.546346248162081,False,6534,0,0
burrows-wheeler-aligner,15360.0,15397.0,15461.818976683937,15461.818976683937,FAMR_1.15,64.81897668393685,False,6647,0,0
burrows-wheeler-aligner,15360.0,15377.0,15523.803074433657,15523.803074433657,FAMR_1.15,146.80307443365746,False,6080,0,0
burrows-wheeler-aligner,15360.0,15513.0,15549.052788844623,15549.052788844623,FAMR_1.15,36.05278884462314,False,6163,0,0
burrows-wheeler-aligner,15360.0,15439.0,15526.93572009764,15526.93572009764,FAMR_1.15,87.9357200976392,False,6594,0,0
burrows-wheeler-aligner,15360.0,15433.0,15489.437167553191,15489.437167553191,FAMR_1.15,56.4371675531911,False,6194,0,0
burrows-wheeler-aligner,15360.0,15432.0,15515.662888122226,15515.662888122226,FAMR_1.15,83.66288812222592,False,6649,0,0
burrows-wheeler-aligner,15360.0,15359.0,15401.94457236842,15401.94457236842,FAMR_1.15,42.94457236842027,False,6698,0,0
burrows-wheeler-aligner,15360.0,15353.0,15347.98431885005,30695.9686377001,FAMR_1.15,15342.968637700102,False,6761,6036,1
burrows-wheeler-aligner,15360.0,15442.0,15467.27332242226,15467.27332242226,FAMR_1.15,25.273322422259298,False,6428,0,0
burrows-wheeler-aligner,15360.0,15436.0,15542.929242949036,15542.929242949036,FAMR_1.15,106.92924294903605,False,6560,0,0
burrows-wheeler-aligner,15360.0,15370.0,15339.24974991664,30678.49949983328,FAMR_1.15,15308.49949983328,False,6726,6005,1
burrows-wheeler-aligner,15360.0,15449.0,15433.668541184254,30867.337082368507,FAMR_1.15,15418.337082368507,False,6561,5858,1
burrows-wheeler-aligner,18182.0,15472.0,15489.544791835411,15489.544791835411,FAMR_1.15,17.54479183541116,False,7274,0,0
burrows-wheeler-aligner,18182.0,15500.0,15558.471379366903,15558.471379366903,FAMR_1.15,58.47137936690342,False,7987,0,0
burrows-wheeler-aligner,18182.0,15371.0,18774.876113046845,18774.876113046845,FAMR_1.15,3403.8761130468447,False,7899,0,0
burrows-wheeler-aligner,18182.0,15459.0,15383.40586797066,30766.81173594132,FAMR_1.15,15307.811735941319,False,7857,7015,1
burrows-wheeler-aligner,18182.0,15457.0,15492.574223245107,15492.574223245107,FAMR_1.15,35.57422324510662,False,7950,0,0
burrows-wheeler-aligner,18182.0,15413.0,15477.88633419689,15477.88633419689,FAMR_1.15,64.88633419688995,False,7856,0,0
burrows-wheeler-aligner,18182.0,15567.0,15605.248157248157,15605.248157248157,FAMR_1.15,38.24815724815744,False,7759,0,0
burrows-wheeler-aligner,18182.0,15427.0,15386.674562979906,30773.349125959812,FAMR_1.15,15346.349125959812,False,7821,6983,1
burrows-wheeler-aligner,18182.0,15444.0,15428.673503142574,30857.34700628515,FAMR_1.15,15413.347006285148,False,7875,7031,1
burrows-wheeler-aligner,18182.0,15431.0,15458.890404206375,15458.890404206375,FAMR_1.15,27.890404206375024,False,8143,0,0
burrows-wheeler-aligner,18182.0,15496.0,15580.217391304348,15580.217391304348,FAMR_1.15,84.21739130434798,False,8189,0,0
burrows-wheeler-aligner,18182.0,15538.0,15666.060439560439,15666.060439560439,FAMR_1.15,128.06043956043868,False,7772,0,0
burrows-wheeler-aligner,18182.0,15485.0,15485.0,15485.0,FAMR_1.15,0.0,False,7610,0,0
burrows-wheeler-aligner,18182.0,15443.0,15504.029474724186,15504.029474724186,FAMR_1.15,61.029474724186,False,7669,0,0
burrows-wheeler-aligner,18182.0,15510.0,15612.426944031698,15612.426944031698,FAMR_1.15,102.42694403169844,False,7906,0,0
burrows-wheeler-aligner,18182.0,15500.0,15586.806127491353,15586.806127491353,FAMR_1.15,86.80612749135253,False,7903,0,0
burrows-wheeler-aligner,18182.0,15492.0,15512.198174706651,15512.198174706651,FAMR_1.15,20.198174706651116,False,7706,0,0
burrows-wheeler-aligner,18182.0,15448.0,15542.19512195122,15542.19512195122,FAMR_1.15,94.19512195121933,False,7818,0,0
burrows-wheeler-aligner,18182.0,15385.0,15556.168193717278,15556.168193717278,FAMR_1.15,171.16819371727797,False,7672,0,0
burrows-wheeler-aligner,18182.0,15412.0,15929.520065520066,15929.520065520066,FAMR_1.15,517.520065520066,False,7752,0,0
burrows-wheeler-aligner,18182.0,15533.0,15540.61794997548,15540.61794997548,FAMR_1.15,7.61794997547986,False,7892,0,0
burrows-wheeler-aligner,18182.0,15516.0,15593.47669773635,15593.47669773635,FAMR_1.15,77.47669773635062,False,7815,0,0
burrows-wheeler-aligner,18182.0,15442.0,15487.723967757853,15487.723967757853,FAMR_1.15,45.72396775785273,False,7638,0,0
burrows-wheeler-aligner,18182.0,15451.0,15619.14247446844,15619.14247446844,FAMR_1.15,168.1424744684391,False,7683,0,0
burrows-wheeler-aligner,18182.0,15494.0,15602.530353569044,15602.530353569044,FAMR_1.15,108.53035356904365,False,7704,0,0
burrows-wheeler-aligner,18182.0,15423.0,15446.015586138285,15446.015586138285,FAMR_1.15,23.01558613828456,False,7855,0,0
burrows-wheeler-aligner,18182.0,15436.0,15478.997214484678,15478.997214484678,FAMR_1.15,42.9972144846779,False,7708,0,0
burrows-wheeler-aligner,18182.0,15384.0,15768.849902534112,15768.849902534112,FAMR_1.15,384.8499025341116,False,7894,0,0
burrows-wheeler-aligner,18182.0,15482.0,15512.830401593097,15512.830401593097,FAMR_1.15,30.830401593097122,False,7739,0,0
burrows-wheeler-aligner,18182.0,15490.0,15541.461794019933,15541.461794019933,FAMR_1.15,51.46179401993322,False,7568,0,0
picard-markduplicate,10240.0,57210.0,64161.14062920141,64161.14062920141,FAMR_1.15,6951.140629201407,False,5618,0,0
picard-markduplicate,10240.0,43045.0,45289.780648379055,45289.780648379055,FAMR_1.15,2244.7806483790555,False,5593,0,0
picard-markduplicate,10240.0,50035.0,52767.00197983692,52767.00197983692,FAMR_1.15,2732.0019798369176,False,5588,0,0
picard-markduplicate,10240.0,55042.0,57273.858725761784,57273.858725761784,FAMR_1.15,2231.8587257617837,False,5516,0,0
picard-markduplicate,10240.0,60015.0,69304.49537535752,69304.49537535752,FAMR_1.15,9289.495375357525,False,5554,0,0
picard-markduplicate,10240.0,59382.0,78965.59152473544,78965.59152473544,FAMR_1.15,19583.591524735442,False,5036,0,0
picard-markduplicate,10240.0,45435.0,49523.23927839821,49523.23927839821,FAMR_1.15,4088.239278398207,False,6357,0,0
picard-markduplicate,10240.0,58006.0,66125.81185828846,66125.81185828846,FAMR_1.15,8119.811858288464,False,5887,0,0
picard-markduplicate,10240.0,52401.0,57674.640352642804,57674.640352642804,FAMR_1.15,5273.640352642804,False,6227,0,0
picard-markduplicate,10240.0,54090.0,63843.666465204624,63843.666465204624,FAMR_1.15,9753.666465204624,False,6705,0,0
picard-markduplicate,10240.0,56875.0,61936.11844679186,61936.11844679186,FAMR_1.15,5061.118446791857,False,6180,0,0
picard-markduplicate,10240.0,55649.0,56129.945291479824,56129.945291479824,FAMR_1.15,480.94529147982394,False,5446,0,0
picard-markduplicate,10240.0,47479.0,53274.54632888938,53274.54632888938,FAMR_1.15,5795.546328889381,False,6416,0,0
picard-markduplicate,10240.0,53733.0,61970.71113501882,61970.71113501882,FAMR_1.15,8237.71113501882,False,6282,0,0
picard-markduplicate,10240.0,56872.0,63302.073299174495,63302.073299174495,FAMR_1.15,6430.073299174495,False,8592,0,0
picard-markduplicate,10240.0,57557.0,62367.61042448958,62367.61042448958,FAMR_1.15,4810.610424489583,False,5917,0,0
picard-markduplicate,10240.0,41859.0,42827.116532437954,42827.116532437954,FAMR_1.15,968.1165324379544,False,5747,0,0
picard-markduplicate,10240.0,57840.0,63672.55611700521,63672.55611700521,FAMR_1.15,5832.55611700521,False,5926,0,0
picard-markduplicate,10240.0,57338.0,67966.43122959738,67966.43122959738,FAMR_1.15,10628.43122959738,False,8649,0,0
picard-markduplicate,10240.0,57639.0,79709.7426392573,79709.7426392573,FAMR_1.15,22070.742639257296,False,6005,0,0
picard-markduplicate,10240.0,58504.0,63074.90383023225,63074.90383023225,FAMR_1.15,4570.9038302322515,False,5575,0,0
picard-markduplicate,10240.0,60182.0,107355.50228087793,107355.50228087793,FAMR_1.15,47173.50228087793,False,5456,0,0
picard-markduplicate,10240.0,49573.0,56234.976060078,56234.976060078,FAMR_1.15,6661.976060077999,False,6522,0,0
picard-markduplicate,10240.0,53844.0,47872.422613531045,95744.84522706209,FAMR_1.15,41900.84522706209,False,5879,3472,1
picard-markduplicate,10240.0,47554.0,50570.29886516168,50570.29886516168,FAMR_1.15,3016.2988651616834,False,5607,0,0
picard-markduplicate,10240.0,56624.0,62800.52400816543,62800.52400816543,FAMR_1.15,6176.5240081654265,False,5575,0,0
picard-markduplicate,10240.0,57470.0,64757.96529838444,64757.96529838444,FAMR_1.15,7287.965298384443,False,6008,0,0
picard-markduplicate,10240.0,56070.0,58553.418201516804,58553.418201516804,FAMR_1.15,2483.4182015168044,False,6417,0,0
picard-markduplicate,10240.0,46646.0,53539.85634242675,53539.85634242675,FAMR_1.15,6893.856342426749,False,5435,0,0
picard-markduplicate,10240.0,37774.0,42262.35703678561,42262.35703678561,FAMR_1.15,4488.357036785608,False,6328,0,0
picard-markduplicate,15360.0,55697.0,65097.48682045211,65097.48682045211,FAMR_1.15,9400.486820452112,False,7495,0,0
picard-markduplicate,15360.0,55684.0,66581.77268123005,66581.77268123005,FAMR_1.15,10897.772681230053,False,11357,0,0
picard-markduplicate,15360.0,58083.0,66863.74194227491,66863.74194227491,FAMR_1.15,8780.741942274908,False,7771,0,0
picard-markduplicate,15360.0,51141.0,68921.07716316976,68921.07716316976,FAMR_1.15,17780.077163169757,False,8121,0,0
picard-markduplicate,15360.0,55735.0,99422.73303686701,99422.73303686701,FAMR_1.15,43687.73303686701,False,7986,0,0
picard-markduplicate,15360.0,54584.0,62072.62738899863,62072.62738899863,FAMR_1.15,7488.627388998633,False,8252,0,0
picard-markduplicate,15360.0,55232.0,61547.82637194307,61547.82637194307,FAMR_1.15,6315.826371943069,False,8018,0,0
picard-markduplicate,15360.0,55800.0,58242.295138292386,58242.295138292386,FAMR_1.15,2442.2951382923857,False,7762,0,0
picard-markduplicate,15360.0,45400.0,51374.025501856806,51374.025501856806,FAMR_1.15,5974.025501856806,False,8021,0,0
picard-markduplicate,15360.0,60968.0,64041.70141586534,64041.70141586534,FAMR_1.15,3073.70141586534,False,8165,0,0
picard-markduplicate,15360.0,49965.0,54079.402208475454,54079.402208475454,FAMR_1.15,4114.402208475454,False,7735,0,0
picard-markduplicate,15360.0,59404.0,64599.38467980737,64599.38467980737,FAMR_1.15,5195.384679807372,False,8210,0,0
picard-markduplicate,15360.0,38431.0,42709.72089355586,42709.72089355586,FAMR_1.15,4278.720893555859,False,8388,0,0
picard-markduplicate,15360.0,33206.0,37199.2999818888,37199.2999818888,FAMR_1.15,3993.2999818887984,False,7697,0,0
picard-markduplicate,15360.0,46959.0,54568.13785369865,54568.13785369865,FAMR_1.15,7609.137853698652,False,7947,0,0
picard-markduplicate,15360.0,55513.0,59034.1296400244,59034.1296400244,FAMR_1.15,3521.1296400244028,False,7866,0,0
picard-markduplicate,15360.0,59873.0,66427.78183398522,66427.78183398522,FAMR_1.15,6554.781833985224,False,9411,0,0
picard-markduplicate,15360.0,45874.0,41802.69552519713,83605.39105039426,FAMR_1.15,37731.39105039426,False,7662,4525,1
picard-markduplicate,15360.0,56636.0,58932.492692711814,58932.492692711814,FAMR_1.15,2296.492692711814,False,8473,0,0
picard-markduplicate,15360.0,53626.0,60171.882757282634,60171.882757282634,FAMR_1.15,6545.882757282634,False,7712,0,0
picard-markduplicate,15360.0,41171.0,47255.70092771195,47255.70092771195,FAMR_1.15,6084.7009277119505,False,8062,0,0
picard-markduplicate,15360.0,54633.0,62350.07943398589,62350.07943398589,FAMR_1.15,7717.079433985891,False,7976,0,0
picard-markduplicate,15360.0,53668.0,58693.82902976149,58693.82902976149,FAMR_1.15,5025.829029761488,False,8153,0,0
picard-markduplicate,15360.0,60484.0,60656.612566168005,60656.612566168005,FAMR_1.15,172.6125661680053,False,9423,0,0
picard-markduplicate,15360.0,61305.0,79805.16427368816,79805.16427368816,FAMR_1.15,18500.164273688162,False,8037,0,0
picard-markduplicate,15360.0,49393.0,54491.77835969599,54491.77835969599,FAMR_1.15,5098.778359695993,False,8290,0,0
picard-markduplicate,15360.0,59074.0,62416.18122808775,62416.18122808775,FAMR_1.15,3342.1812280877493,False,7972,0,0
picard-markduplicate,15360.0,57401.0,63018.726808793326,63018.726808793326,FAMR_1.15,5617.726808793326,False,9410,0,0
picard-markduplicate,15360.0,61496.0,62491.90185473769,62491.90185473769,FAMR_1.15,995.9018547376909,False,11880,0,0
picard-markduplicate,15360.0,50712.0,54661.61233323451,54661.61233323451,FAMR_1.15,3949.6123332345087,False,8168,0,0
picard-markduplicate,18182.0,56244.0,64637.66485527337,64637.66485527337,FAMR_1.15,8393.664855273368,False,8935,0,0
picard-markduplicate,18182.0,57401.0,59190.62337298454,59190.62337298454,FAMR_1.15,1789.6233729845408,False,9820,0,0
picard-markduplicate,18182.0,46456.0,49084.30299509165,49084.30299509165,FAMR_1.15,2628.3029950916534,False,9607,0,0
picard-markduplicate,18182.0,46867.0,51642.6639021397,51642.6639021397,FAMR_1.15,4775.663902139699,False,10126,0,0
picard-markduplicate,18182.0,55020.0,62413.98307194423,62413.98307194423,FAMR_1.15,7393.9830719442325,False,10435,0,0
picard-markduplicate,18182.0,57267.0,65730.54395150178,65730.54395150178,FAMR_1.15,8463.543951501779,False,9779,0,0
picard-markduplicate,18182.0,42432.0,45672.570595784484,45672.570595784484,FAMR_1.15,3240.570595784484,False,10584,0,0
picard-markduplicate,18182.0,42963.0,45679.178244638024,45679.178244638024,FAMR_1.15,2716.178244638024,False,9220,0,0
picard-markduplicate,18182.0,60897.0,67668.98175908494,67668.98175908494,FAMR_1.15,6771.981759084942,False,10882,0,0
picard-markduplicate,18182.0,42992.0,47018.057271512,47018.057271512,FAMR_1.15,4026.0572715119997,False,9428,0,0
picard-markduplicate,18182.0,47118.0,55369.66108486109,55369.66108486109,FAMR_1.15,8251.661084861087,False,13560,0,0
picard-markduplicate,18182.0,58667.0,65546.76720989043,65546.76720989043,FAMR_1.15,6879.7672098904295,False,10571,0,0
picard-markduplicate,18182.0,46772.0,71891.06157159423,71891.06157159423,FAMR_1.15,25119.061571594226,False,8541,0,0
picard-markduplicate,18182.0,56244.0,62336.22133201775,62336.22133201775,FAMR_1.15,6092.221332017747,False,9030,0,0
picard-markduplicate,18182.0,56244.0,58705.728454446544,58705.728454446544,FAMR_1.15,2461.7284544465438,False,9528,0,0
picard-markduplicate,18182.0,52806.0,54494.270615904745,54494.270615904745,FAMR_1.15,1688.2706159047448,False,9147,0,0
picard-markduplicate,18182.0,43444.0,48673.68012750488,48673.68012750488,FAMR_1.15,5229.680127504878,False,8935,0,0
picard-markduplicate,18182.0,55412.0,60052.47699907379,60052.47699907379,FAMR_1.15,4640.476999073791,False,9566,0,0
picard-markduplicate,18182.0,45364.0,50885.85957614659,50885.85957614659,FAMR_1.15,5521.859576146591,False,9170,0,0
picard-markduplicate,18182.0,55124.0,52818.57732544378,105637.15465088756,FAMR_1.15,50513.15465088756,False,9331,5511,1
picard-markduplicate,18182.0,55124.0,62840.382941011165,62840.382941011165,FAMR_1.15,7716.382941011165,False,10390,0,0
picard-markduplicate,18182.0,42132.0,45746.00502933781,45746.00502933781,FAMR_1.15,3614.005029337808,False,8871,0,0
picard-markduplicate,18182.0,52980.0,61584.096821431645,61584.096821431645,FAMR_1.15,8604.096821431645,False,8995,0,0
picard-markduplicate,18182.0,58040.0,61066.764289276805,61066.764289276805,FAMR_1.15,3026.7642892768054,False,9478,0,0
picard-markduplicate,18182.0,60148.0,67739.04313076037,67739.04313076037,FAMR_1.15,7591.043130760372,False,9458,0,0
picard-markduplicate,18182.0,48084.0,63756.88801171452,63756.88801171452,FAMR_1.15,15672.888011714524,False,13748,0,0
picard-markduplicate,18182.0,56308.0,66745.5057671382,66745.5057671382,FAMR_1.15,10437.505767138195,False,13422,0,0
picard-markduplicate,18182.0,51051.0,69921.01721809589,69921.01721809589,FAMR_1.15,18870.01721809589,False,9421,0,0
picard-markduplicate,18182.0,55444.0,60663.720930232565,60663.720930232565,FAMR_1.15,5219.720930232565,False,10687,0,0
picard-markduplicate,18182.0,56308.0,56468.69486766398,56468.69486766398,FAMR_1.15,160.6948676639804,False,10324,0,0
samtools-sort-markduplicate,10240.0,20473.0,20482.191709069142,20482.191709069142,FAMR_1.15,9.191709069142235,False,1250,0,0
samtools-sort-markduplicate,10240.0,20392.0,20619.487728692548,20619.487728692548,FAMR_1.15,227.48772869254753,False,1213,0,0
samtools-sort-markduplicate,10240.0,20423.0,24269.70369815841,24269.70369815841,FAMR_1.15,3846.7036981584097,False,1255,0,0
samtools-sort-markduplicate,10240.0,20498.0,20547.1779877043,20547.1779877043,FAMR_1.15,49.177987704300904,False,1676,0,0
samtools-sort-markduplicate,10240.0,20433.0,24270.68557318168,24270.68557318168,FAMR_1.15,3837.6855731816795,False,1214,0,0
samtools-sort-markduplicate,10240.0,20387.0,22718.427008393286,22718.427008393286,FAMR_1.15,2331.427008393286,False,1256,0,0
samtools-sort-markduplicate,10240.0,20478.0,20496.398921832882,20496.398921832882,FAMR_1.15,18.39892183288248,False,1692,0,0
samtools-sort-markduplicate,10240.0,20489.0,20501.26702589433,20501.26702589433,FAMR_1.15,12.267025894328981,False,1539,0,0
samtools-sort-markduplicate,10240.0,20499.0,20520.48098802395,20520.48098802395,FAMR_1.15,21.480988023951795,False,1510,0,0
samtools-sort-markduplicate,10240.0,20508.0,22812.235188509872,22812.235188509872,FAMR_1.15,2304.2351885098724,False,1910,0,0
samtools-sort-markduplicate,10240.0,20445.0,24934.570101857404,24934.570101857404,FAMR_1.15,4489.570101857404,False,1731,0,0
samtools-sort-markduplicate,10240.0,20501.0,20540.9270411985,20540.9270411985,FAMR_1.15,39.92704119850168,False,1413,0,0
samtools-sort-markduplicate,10240.0,20461.0,24897.587002096436,24897.587002096436,FAMR_1.15,4436.587002096436,False,1497,0,0
samtools-sort-markduplicate,10240.0,20433.0,20619.04330446369,20619.04330446369,FAMR_1.15,186.0433044636884,False,1249,0,0
samtools-sort-markduplicate,10240.0,20412.0,24871.970068841663,24871.970068841663,FAMR_1.15,4459.970068841663,False,1585,0,0
samtools-sort-markduplicate,10240.0,20467.0,20503.19274977896,20503.19274977896,FAMR_1.15,36.19274977895839,False,1352,0,0
samtools-sort-markduplicate,10240.0,20400.0,20678.942570647218,20678.942570647218,FAMR_1.15,278.9425706472175,False,1811,0,0
samtools-sort-markduplicate,10240.0,20419.0,20739.333930972654,20739.333930972654,FAMR_1.15,320.33393097265434,False,1739,0,0
samtools-sort-markduplicate,10240.0,20454.0,20512.273504273504,20512.273504273504,FAMR_1.15,58.27350427350393,False,1656,0,0
samtools-sort-markduplicate,10240.0,20542.0,20633.054964539006,20633.054964539006,FAMR_1.15,91.0549645390056,False,1538,0,0
samtools-sort-markduplicate,10240.0,20491.0,21038.788400543723,21038.788400543723,FAMR_1.15,547.7884005437227,False,1557,0,0
samtools-sort-markduplicate,10240.0,20515.0,20496.567834681042,40993.135669362084,FAMR_1.15,20478.135669362084,False,1166,339,1
samtools-sort-markduplicate,10240.0,20415.0,24890.066016504126,24890.066016504126,FAMR_1.15,4475.066016504126,False,1420,0,0
samtools-sort-markduplicate,10240.0,20504.0,22821.443113772453,22821.443113772453,FAMR_1.15,2317.443113772453,False,1225,0,0
samtools-sort-markduplicate,10240.0,20425.0,20458.654134212098,20458.654134212098,FAMR_1.15,33.65413421209814,False,1283,0,0
samtools-sort-markduplicate,10240.0,20447.0,20588.608250526948,20588.608250526948,FAMR_1.15,141.6082505269478,False,1273,0,0
samtools-sort-markduplicate,10240.0,20449.0,20458.17818671454,20458.17818671454,FAMR_1.15,9.178186714540061,False,1052,0,0
samtools-sort-markduplicate,10240.0,20470.0,24893.6276563903,24893.6276563903,FAMR_1.15,4423.627656390301,False,1811,0,0
samtools-sort-markduplicate,10240.0,20511.0,20514.06913062996,20514.06913062996,FAMR_1.15,3.0691306299595453,False,1361,0,0
samtools-sort-markduplicate,10240.0,20493.0,20583.596816976125,20583.596816976125,FAMR_1.15,90.59681697612541,False,1415,0,0
samtools-sort-markduplicate,15360.0,20468.0,20747.87237921604,20747.87237921604,FAMR_1.15,279.87237921604174,False,1820,0,0
samtools-sort-markduplicate,15360.0,20487.0,24963.357378030527,24963.357378030527,FAMR_1.15,4476.357378030527,False,2338,0,0
samtools-sort-markduplicate,15360.0,20506.0,20512.1349289454,20512.1349289454,FAMR_1.15,6.134928945401043,False,2035,0,0
samtools-sort-markduplicate,15360.0,20467.0,24950.18924988771,24950.18924988771,FAMR_1.15,4483.18924988771,False,2034,0,0
samtools-sort-markduplicate,15360.0,20483.0,24980.914619532654,24980.914619532654,FAMR_1.15,4497.914619532654,False,1880,0,0
samtools-sort-markduplicate,15360.0,20418.0,20457.783273381294,20457.783273381294,FAMR_1.15,39.78327338129384,False,2076,0,0
samtools-sort-markduplicate,15360.0,20447.0,20496.055630529314,20496.055630529314,FAMR_1.15,49.05563052931393,False,2053,0,0
samtools-sort-markduplicate,15360.0,20471.0,20634.913701067613,20634.913701067613,FAMR_1.15,163.91370106761315,False,1821,0,0
samtools-sort-markduplicate,15360.0,20430.0,20520.318302387266,20520.318302387266,FAMR_1.15,90.31830238726616,False,1883,0,0
samtools-sort-markduplicate,15360.0,20467.0,20479.255688622754,20479.255688622754,FAMR_1.15,12.25568862275395,False,2013,0,0
samtools-sort-markduplicate,15360.0,20407.0,20416.16207722239,20416.16207722239,FAMR_1.15,9.162077222390508,False,1791,0,0
samtools-sort-markduplicate,15360.0,20465.0,24308.695749775517,24308.695749775517,FAMR_1.15,3843.6957497755175,False,2378,0,0
samtools-sort-markduplicate,15360.0,20453.0,24880.400898203592,24880.400898203592,FAMR_1.15,4427.400898203592,False,2091,0,0
samtools-sort-markduplicate,15360.0,20445.0,20561.828571428574,20561.828571428574,FAMR_1.15,116.82857142857392,False,1832,0,0
samtools-sort-markduplicate,15360.0,20456.0,20477.445559382955,20477.445559382955,FAMR_1.15,21.445559382955253,False,2204,0,0
samtools-sort-markduplicate,15360.0,20497.0,22827.321000599157,22827.321000599157,FAMR_1.15,2330.321000599157,False,1806,0,0
samtools-sort-markduplicate,15360.0,20401.0,24820.860308429408,24820.860308429408,FAMR_1.15,4419.860308429408,False,2017,0,0
samtools-sort-markduplicate,15360.0,20499.0,20893.572868927586,20893.572868927586,FAMR_1.15,394.57286892758566,False,1731,0,0
samtools-sort-markduplicate,15360.0,20419.0,22726.83607784431,22726.83607784431,FAMR_1.15,2307.8360778443093,False,1913,0,0
samtools-sort-markduplicate,15360.0,20421.0,20427.11224184376,20427.11224184376,FAMR_1.15,6.112241843758966,False,1804,0,0
samtools-sort-markduplicate,15360.0,20472.0,20508.8146261052,20508.8146261052,FAMR_1.15,36.81462610519884,False,1818,0,0
samtools-sort-markduplicate,15360.0,20400.0,24256.898876404495,24256.898876404495,FAMR_1.15,3856.8988764044952,False,1693,0,0
samtools-sort-markduplicate,15360.0,20433.0,20429.94345549738,40859.88691099476,FAMR_1.15,20426.886910994763,False,1730,503,1
samtools-sort-markduplicate,15360.0,20467.0,20533.529846335703,20533.529846335703,FAMR_1.15,66.52984633570304,False,1977,0,0
samtools-sort-markduplicate,15360.0,20411.0,20765.811527904847,20765.811527904847,FAMR_1.15,354.811527904847,False,2071,0,0
samtools-sort-markduplicate,15360.0,20486.0,20622.51266103954,20622.51266103954,FAMR_1.15,136.51266103953822,False,2329,0,0
samtools-sort-markduplicate,15360.0,20437.0,20650.595508116523,20650.595508116523,FAMR_1.15,213.59550811652298,False,1763,0,0
samtools-sort-markduplicate,15360.0,20498.0,20522.55953272428,20522.55953272428,FAMR_1.15,24.55953272428087,False,2073,0,0
samtools-sort-markduplicate,15360.0,20486.0,20504.403353795475,20504.403353795475,FAMR_1.15,18.403353795474686,False,2139,0,0
samtools-sort-markduplicate,15360.0,20415.0,22712.183899446358,22712.183899446358,FAMR_1.15,2297.183899446358,False,2157,0,0
samtools-sort-markduplicate,18182.0,20468.0,22771.147688163997,22771.147688163997,FAMR_1.15,2303.1476881639974,False,2013,0,0
samtools-sort-markduplicate,18182.0,20480.0,20516.829012438182,20516.829012438182,FAMR_1.15,36.82901243818196,False,2526,0,0
samtools-sort-markduplicate,18182.0,20500.0,20496.93343305909,40993.86686611818,FAMR_1.15,20493.86686611818,False,2808,816,1
samtools-sort-markduplicate,18182.0,20444.0,20468.11560011796,20468.11560011796,FAMR_1.15,24.11560011795882,False,2718,0,0
samtools-sort-markduplicate,18182.0,20439.0,20787.60053859964,20787.60053859964,FAMR_1.15,348.60053859963955,False,2472,0,0
samtools-sort-markduplicate,18182.0,20454.0,24881.61736526946,24881.61736526946,FAMR_1.15,4427.61736526946,False,2390,0,0
samtools-sort-markduplicate,18182.0,20430.0,20566.139493558418,20566.139493558418,FAMR_1.15,136.1394935584176,False,2940,0,0
samtools-sort-markduplicate,18182.0,20496.0,24345.518108350792,24345.518108350792,FAMR_1.15,3849.5181083507923,False,3152,0,0
samtools-sort-markduplicate,18182.0,20512.0,20515.069280263357,20515.069280263357,FAMR_1.15,3.0692802633566316,False,2257,0,0
samtools-sort-markduplicate,18182.0,20425.0,24887.81053576773,24887.81053576773,FAMR_1.15,4462.8105357677305,False,2468,0,0
samtools-sort-markduplicate,18182.0,20444.0,20468.498502097063,20468.498502097063,FAMR_1.15,24.498502097063465,False,2391,0,0
samtools-sort-markduplicate,18182.0,20468.0,20631.8896797153,20631.8896797153,FAMR_1.15,163.88967971529928,False,2463,0,0
samtools-sort-markduplicate,18182.0,20516.0,25009.92244347956,25009.92244347956,FAMR_1.15,4493.9224434795615,False,2207,0,0
samtools-sort-markduplicate,18182.0,20468.0,20681.91950189015,20681.91950189015,FAMR_1.15,213.91950189014824,False,2134,0,0
samtools-sort-markduplicate,18182.0,20476.0,24972.377471539847,24972.377471539847,FAMR_1.15,4496.377471539847,False,2088,0,0
samtools-sort-markduplicate,18182.0,20482.0,20488.129582522815,20488.129582522815,FAMR_1.15,6.129582522815326,False,1989,0,0
samtools-sort-markduplicate,18182.0,20466.0,20478.249588508155,20478.249588508155,FAMR_1.15,12.249588508155284,False,2362,0,0
samtools-sort-markduplicate,18182.0,20448.0,24299.41248689924,24299.41248689924,FAMR_1.15,3851.4124868992403,False,2562,0,0
samtools-sort-markduplicate,18182.0,20425.0,22733.514221556885,22733.514221556885,FAMR_1.15,2308.514221556885,False,2327,0,0
samtools-sort-markduplicate,18182.0,20492.0,24340.766836276565,24340.766836276565,FAMR_1.15,3848.7668362765653,False,2380,0,0
samtools-sort-markduplicate,18182.0,20449.0,20690.326430639056,20690.326430639056,FAMR_1.15,241.32643063905562,False,2350,0,0
samtools-sort-markduplicate,18182.0,20486.0,20919.90806669671,20919.90806669671,FAMR_1.15,433.9080666967093,False,2345,0,0
samtools-sort-markduplicate,18182.0,20501.0,24946.260257562146,24946.260257562146,FAMR_1.15,4445.260257562146,False,1914,0,0
samtools-sort-markduplicate,18182.0,20431.0,20480.01724396461,20480.01724396461,FAMR_1.15,49.0172439646085,False,2414,0,0
samtools-sort-markduplicate,18182.0,20484.0,20542.358974358976,20542.358974358976,FAMR_1.15,58.35897435897641,False,2704,0,0
samtools-sort-markduplicate,18182.0,20476.0,20494.397124887688,20494.397124887688,FAMR_1.15,18.397124887687824,False,2991,0,0
samtools-sort-markduplicate,18182.0,20468.0,20558.72695035461,20558.72695035461,FAMR_1.15,90.72695035460856,False,2019,0,0
samtools-sort-markduplicate,18182.0,20382.0,20472.106100795758,20472.106100795758,FAMR_1.15,90.10610079575781,False,2703,0,0
samtools-sort-markduplicate,18182.0,20483.0,20495.257929383602,20495.257929383602,FAMR_1.15,12.257929383602459,False,2477,0,0
samtools-sort-markduplicate,18182.0,20429.0,20471.860182826316,20471.860182826316,FAMR_1.15,42.860182826316304,False,2301,0,0
samtools-index-markduplicate,10240.0,34.0,34.0,34.0,FAMR_1.15,0.0,False,123,0,0
samtools-index-markduplicate,10240.0,34.0,85.0,85.0,FAMR_1.15,51.0,False,100,0,0
samtools-index-markduplicate,10240.0,34.0,56.66666666666667,56.66666666666667,FAMR_1.15,22.66666666666667,False,108,0,0
samtools-index-markduplicate,10240.0,34.0,48.57142857142858,48.57142857142858,FAMR_1.15,14.571428571428577,False,394,0,0
samtools-index-markduplicate,10240.0,34.0,58.727272727272734,58.727272727272734,FAMR_1.15,24.727272727272734,False,141,0,0
samtools-index-markduplicate,10240.0,34.0,42.5,42.5,FAMR_1.15,8.5,False,120,0,0
samtools-index-markduplicate,10240.0,34.0,52.30769230769231,52.30769230769231,FAMR_1.15,18.307692307692307,False,98,0,0
samtools-index-markduplicate,10240.0,34.0,42.0,42.0,FAMR_1.15,8.0,False,495,0,0
samtools-index-markduplicate,10240.0,34.0,39.66666666666667,39.66666666666667,FAMR_1.15,5.666666666666671,False,157,0,0
samtools-index-markduplicate,10240.0,34.0,45.33333333333333,45.33333333333333,FAMR_1.15,11.333333333333329,False,513,0,0
samtools-index-markduplicate,10240.0,34.0,35.78947368421053,35.78947368421053,FAMR_1.15,1.7894736842105274,False,144,0,0
samtools-index-markduplicate,10240.0,34.0,32.3,64.6,FAMR_1.15,30.599999999999994,False,133,128,1
samtools-index-markduplicate,10240.0,34.0,39.66666666666667,39.66666666666667,FAMR_1.15,5.666666666666671,False,507,0,0
samtools-index-markduplicate,10240.0,34.0,42.5,42.5,FAMR_1.15,8.5,False,162,0,0
samtools-index-markduplicate,10240.0,34.0,34.0,34.0,FAMR_1.15,0.0,False,444,0,0
samtools-index-markduplicate,10240.0,34.0,37.77777777777778,37.77777777777778,FAMR_1.15,3.7777777777777786,False,155,0,0
samtools-index-markduplicate,10240.0,34.0,68.0,68.0,FAMR_1.15,34.0,False,329,0,0
samtools-index-markduplicate,10240.0,34.0,61.81818181818182,61.81818181818182,FAMR_1.15,27.81818181818182,False,165,0,0
samtools-index-markduplicate,10240.0,34.0,51.00000000000001,51.00000000000001,FAMR_1.15,17.000000000000007,False,198,0,0
samtools-index-markduplicate,10240.0,34.0,43.27272727272727,43.27272727272727,FAMR_1.15,9.272727272727273,False,101,0,0
samtools-index-markduplicate,10240.0,34.0,97.14285714285712,97.14285714285712,FAMR_1.15,63.142857142857125,False,136,0,0
samtools-index-markduplicate,10240.0,34.0,37.77777777777778,37.77777777777778,FAMR_1.15,3.7777777777777786,False,130,0,0
samtools-index-markduplicate,10240.0,34.0,56.66666666666667,56.66666666666667,FAMR_1.15,22.66666666666667,False,135,0,0
samtools-index-markduplicate,10240.0,34.0,40.8,40.8,FAMR_1.15,6.799999999999997,False,127,0,0
samtools-index-markduplicate,10240.0,34.0,38.00000000000001,38.00000000000001,FAMR_1.15,4.000000000000007,False,110,0,0
samtools-index-markduplicate,10240.0,34.0,45.33333333333333,45.33333333333333,FAMR_1.15,11.333333333333329,False,144,0,0
samtools-index-markduplicate,10240.0,34.0,68.0,68.0,FAMR_1.15,34.0,False,132,0,0
samtools-index-markduplicate,10240.0,34.0,45.33333333333333,45.33333333333333,FAMR_1.15,11.333333333333329,False,225,0,0
samtools-index-markduplicate,10240.0,34.0,47.6,47.6,FAMR_1.15,13.600000000000001,False,123,0,0
samtools-index-markduplicate,10240.0,34.0,35.78947368421053,35.78947368421053,FAMR_1.15,1.7894736842105274,False,202,0,0
samtools-index-markduplicate,15360.0,34.0,59.50000000000001,59.50000000000001,FAMR_1.15,25.500000000000007,False,132,0,0
samtools-index-markduplicate,15360.0,34.0,39.66666666666667,39.66666666666667,FAMR_1.15,5.666666666666671,False,364,0,0
samtools-index-markduplicate,15360.0,34.0,35.78947368421053,35.78947368421053,FAMR_1.15,1.7894736842105274,False,111,0,0
samtools-index-markduplicate,15360.0,34.0,42.0,42.0,FAMR_1.15,8.0,False,124,0,0
samtools-index-markduplicate,15360.0,34.0,56.66666666666667,56.66666666666667,FAMR_1.15,22.66666666666667,False,177,0,0
samtools-index-markduplicate,15360.0,34.0,37.77777777777778,37.77777777777778,FAMR_1.15,3.7777777777777786,False,190,0,0
samtools-index-markduplicate,15360.0,34.0,48.57142857142858,48.57142857142858,FAMR_1.15,14.571428571428577,False,143,0,0
samtools-index-markduplicate,15360.0,34.0,40.8,40.8,FAMR_1.15,6.799999999999997,False,91,0,0
samtools-index-markduplicate,15360.0,34.0,52.30769230769231,52.30769230769231,FAMR_1.15,18.307692307692307,False,118,0,0
samtools-index-markduplicate,15360.0,34.0,45.33333333333333,45.33333333333333,FAMR_1.15,11.333333333333329,False,106,0,0
samtools-index-markduplicate,15360.0,34.0,32.38095238095238,64.76190476190476,FAMR_1.15,30.76190476190476,False,162,155,1
samtools-index-markduplicate,15360.0,34.0,45.33333333333333,45.33333333333333,FAMR_1.15,11.333333333333329,False,565,0,0
samtools-index-markduplicate,15360.0,34.0,51.00000000000001,51.00000000000001,FAMR_1.15,17.000000000000007,False,160,0,0
samtools-index-markduplicate,15360.0,34.0,56.66666666666667,56.66666666666667,FAMR_1.15,22.66666666666667,False,105,0,0
samtools-index-markduplicate,15360.0,34.0,47.6,47.6,FAMR_1.15,13.600000000000001,False,146,0,0
samtools-index-markduplicate,15360.0,34.0,75.55555555555556,75.55555555555556,FAMR_1.15,41.55555555555556,False,118,0,0
samtools-index-markduplicate,15360.0,34.0,61.81818181818182,61.81818181818182,FAMR_1.15,27.81818181818182,False,139,0,0
samtools-index-markduplicate,15360.0,34.0,61.81818181818182,61.81818181818182,FAMR_1.15,27.81818181818182,False,120,0,0
samtools-index-markduplicate,15360.0,34.0,39.66666666666667,39.66666666666667,FAMR_1.15,5.666666666666671,False,450,0,0
samtools-index-markduplicate,15360.0,34.0,44.625,44.625,FAMR_1.15,10.625,False,157,0,0
samtools-index-markduplicate,15360.0,34.0,71.77777777777779,71.77777777777779,FAMR_1.15,37.777777777777786,False,121,0,0
samtools-index-markduplicate,15360.0,34.0,42.5,42.5,FAMR_1.15,8.5,False,113,0,0
samtools-index-markduplicate,15360.0,34.0,38.00000000000001,38.00000000000001,FAMR_1.15,4.000000000000007,False,172,0,0
samtools-index-markduplicate,15360.0,34.0,102.00000000000001,102.00000000000001,FAMR_1.15,68.00000000000001,False,208,0,0
samtools-index-markduplicate,15360.0,33.0,34.73684210526316,34.73684210526316,FAMR_1.15,1.7368421052631575,False,174,0,0
samtools-index-markduplicate,15360.0,34.0,37.77777777777778,37.77777777777778,FAMR_1.15,3.7777777777777786,False,158,0,0
samtools-index-markduplicate,15360.0,34.0,35.7,35.7,FAMR_1.15,1.7000000000000028,False,116,0,0
samtools-index-markduplicate,15360.0,34.0,34.0,34.0,FAMR_1.15,0.0,False,158,0,0
samtools-index-markduplicate,15360.0,34.0,45.33333333333333,45.33333333333333,FAMR_1.15,11.333333333333329,False,487,0,0
samtools-index-markduplicate,15360.0,34.0,42.5,42.5,FAMR_1.15,8.5,False,142,0,0
samtools-index-markduplicate,18182.0,34.0,48.57142857142858,48.57142857142858,FAMR_1.15,14.571428571428577,False,129,0,0
samtools-index-markduplicate,18182.0,34.0,37.77777777777778,37.77777777777778,FAMR_1.15,3.7777777777777786,False,440,0,0
samtools-index-markduplicate,18182.0,34.0,51.00000000000001,51.00000000000001,FAMR_1.15,17.000000000000007,False,405,0,0
samtools-index-markduplicate,18182.0,34.0,45.33333333333333,45.33333333333333,FAMR_1.15,11.333333333333329,False,183,0,0
samtools-index-markduplicate,18182.0,34.0,45.33333333333333,45.33333333333333,FAMR_1.15,11.333333333333329,False,158,0,0
samtools-index-markduplicate,18182.0,34.0,68.0,68.0,FAMR_1.15,34.0,False,132,0,0
samtools-index-markduplicate,18182.0,34.0,32.38095238095238,64.76190476190476,FAMR_1.15,30.76190476190476,False,384,368,1
samtools-index-markduplicate,18182.0,34.0,102.00000000000001,102.00000000000001,FAMR_1.15,68.00000000000001,False,234,0,0
samtools-index-markduplicate,18182.0,34.0,42.5,42.5,FAMR_1.15,8.5,False,228,0,0
samtools-index-markduplicate,18182.0,34.0,37.77777777777778,37.77777777777778,FAMR_1.15,3.7777777777777786,False,392,0,0
samtools-index-markduplicate,18182.0,34.0,75.55555555555556,75.55555555555556,FAMR_1.15,41.55555555555556,False,216,0,0
samtools-index-markduplicate,18182.0,34.0,38.00000000000001,38.00000000000001,FAMR_1.15,4.000000000000007,False,419,0,0
samtools-index-markduplicate,18182.0,34.0,43.06666666666667,43.06666666666667,FAMR_1.15,9.06666666666667,False,180,0,0
samtools-index-markduplicate,18182.0,34.0,34.0,34.0,FAMR_1.15,0.0,False,118,0,0
samtools-index-markduplicate,18182.0,34.0,47.6,47.6,FAMR_1.15,13.600000000000001,False,123,0,0
samtools-index-markduplicate,18182.0,34.0,56.66666666666667,56.66666666666667,FAMR_1.15,22.66666666666667,False,171,0,0
samtools-index-markduplicate,18182.0,34.0,40.0,40.0,FAMR_1.15,6.0,False,150,0,0
samtools-index-markduplicate,18182.0,34.0,42.0,42.0,FAMR_1.15,8.0,False,415,0,0
samtools-index-markduplicate,18182.0,34.0,68.0,68.0,FAMR_1.15,34.0,False,146,0,0
samtools-index-markduplicate,18182.0,34.0,45.33333333333333,45.33333333333333,FAMR_1.15,11.333333333333329,False,147,0,0
samtools-index-markduplicate,18182.0,34.0,61.81818181818182,61.81818181818182,FAMR_1.15,27.81818181818182,False,150,0,0
samtools-index-markduplicate,18182.0,34.0,34.0,34.0,FAMR_1.15,0.0,False,106,0,0
samtools-index-markduplicate,18182.0,34.0,59.50000000000001,59.50000000000001,FAMR_1.15,25.500000000000007,False,133,0,0
samtools-index-markduplicate,18182.0,34.0,40.37500000000001,40.37500000000001,FAMR_1.15,6.375000000000007,False,239,0,0
samtools-index-markduplicate,18182.0,34.0,52.88888888888889,52.88888888888889,FAMR_1.15,18.888888888888893,False,197,0,0
samtools-index-markduplicate,18182.0,34.0,42.5,42.5,FAMR_1.15,8.5,False,185,0,0
samtools-index-markduplicate,18182.0,33.0,36.47368421052632,36.47368421052632,FAMR_1.15,3.473684210526322,False,116,0,0
samtools-index-markduplicate,18182.0,34.0,39.66666666666667,39.66666666666667,FAMR_1.15,5.666666666666671,False,540,0,0
samtools-index-markduplicate,18182.0,34.0,52.30769230769231,52.30769230769231,FAMR_1.15,18.307692307692307,False,218,0,0
samtools-index-markduplicate,18182.0,34.0,35.78947368421053,35.78947368421053,FAMR_1.15,1.7894736842105274,False,146,0,0
picard-validate-sam,10240.0,2870.0,23881.42105263158,23881.42105263158,FAMR_1.15,21011.42105263158,False,1127,0,0
picard-validate-sam,10240.0,3270.0,21244.969325153375,21244.969325153375,FAMR_1.15,17974.969325153375,False,1355,0,0
picard-validate-sam,10240.0,3494.0,19602.88353413654,19602.88353413654,FAMR_1.15,16108.883534136541,False,1130,0,0
picard-validate-sam,10240.0,3646.0,4712.836012861736,4712.836012861736,FAMR_1.15,1066.836012861736,False,1293,0,0
picard-validate-sam,10240.0,3528.0,21062.46153846154,21062.46153846154,FAMR_1.15,17534.46153846154,False,1264,0,0
picard-validate-sam,10240.0,3257.0,28292.95054945054,28292.95054945054,FAMR_1.15,25035.95054945054,False,1149,0,0
picard-validate-sam,10240.0,3103.0,5095.30648769575,5095.30648769575,FAMR_1.15,1992.3064876957496,False,1275,0,0
picard-validate-sam,10240.0,3048.0,21336.0,21336.0,FAMR_1.15,18288.0,False,1444,0,0
picard-validate-sam,10240.0,2856.0,16351.77049180328,16351.77049180328,FAMR_1.15,13495.77049180328,False,1701,0,0
picard-validate-sam,10240.0,2923.0,17680.09027777778,17680.09027777778,FAMR_1.15,14757.090277777781,False,1448,0,0
picard-validate-sam,10240.0,3303.0,20888.416666666668,20888.416666666668,FAMR_1.15,17585.416666666668,False,1355,0,0
picard-validate-sam,10240.0,3422.0,4473.282279608193,4473.282279608193,FAMR_1.15,1051.2822796081928,False,1239,0,0
picard-validate-sam,10240.0,2911.0,2953.935103244838,2953.935103244838,FAMR_1.15,42.93510324483805,False,1864,0,0
picard-validate-sam,10240.0,3000.0,17390.041493775934,17390.041493775934,FAMR_1.15,14390.041493775934,False,1668,0,0
picard-validate-sam,10240.0,3168.0,3804.307692307692,3804.307692307692,FAMR_1.15,636.3076923076919,False,1572,0,0
picard-validate-sam,10240.0,2990.0,18233.660714285714,18233.660714285714,FAMR_1.15,15243.660714285714,False,1548,0,0
picard-validate-sam,10240.0,3604.0,32374.568181818184,32374.568181818184,FAMR_1.15,28770.568181818184,False,2017,0,0
picard-validate-sam,10240.0,3612.0,3765.236363636364,3765.236363636364,FAMR_1.15,153.23636363636388,False,1880,0,0
picard-validate-sam,10240.0,3632.0,22551.41818181818,22551.41818181818,FAMR_1.15,18919.41818181818,False,1892,0,0
picard-validate-sam,10240.0,3292.0,5961.667024704619,5961.667024704619,FAMR_1.15,2669.6670247046186,False,1373,0,0
picard-validate-sam,10240.0,3115.0,3125.179738562091,3125.179738562091,FAMR_1.15,10.179738562091188,False,1406,0,0
picard-validate-sam,10240.0,3306.0,4644.076206604573,4644.076206604573,FAMR_1.15,1338.0762066045727,False,1348,0,0
picard-validate-sam,10240.0,2842.0,4046.969594594594,4046.969594594594,FAMR_1.15,1204.9695945945941,False,1510,0,0
picard-validate-sam,10240.0,3351.0,4435.769161406672,4435.769161406672,FAMR_1.15,1084.7691614066716,False,1212,0,0
picard-validate-sam,10240.0,2808.0,2849.4159292035406,2849.4159292035406,FAMR_1.15,41.4159292035406,False,1443,0,0
picard-validate-sam,10240.0,3455.0,3547.441471571906,3547.441471571906,FAMR_1.15,92.44147157190582,False,1386,0,0
picard-validate-sam,10240.0,2922.0,3465.0265486725666,3465.0265486725666,FAMR_1.15,543.0265486725666,False,1307,0,0
picard-validate-sam,10240.0,3178.0,21712.91612903226,21712.91612903226,FAMR_1.15,18534.91612903226,False,1628,0,0
picard-validate-sam,10240.0,3438.0,25533.43902439024,25533.43902439024,FAMR_1.15,22095.43902439024,False,1302,0,0
picard-validate-sam,10240.0,3158.0,2985.15389568577,5970.30779137154,FAMR_1.15,2812.3077913715397,False,1255,1233,1
picard-validate-sam,15360.0,3585.0,5113.629441624365,5113.629441624365,FAMR_1.15,1528.6294416243654,False,1873,0,0
picard-validate-sam,15360.0,4271.0,31914.58895705522,31914.58895705522,FAMR_1.15,27643.58895705522,False,2629,0,0
picard-validate-sam,15360.0,3315.0,20964.30555555556,20964.30555555556,FAMR_1.15,17649.30555555556,False,2112,0,0
picard-validate-sam,15360.0,3514.0,30525.46153846153,30525.46153846153,FAMR_1.15,27011.46153846153,False,1837,0,0
picard-validate-sam,15360.0,3299.0,5974.343716433943,5974.343716433943,FAMR_1.15,2675.343716433943,False,2407,0,0
picard-validate-sam,15360.0,3689.0,4567.20223880597,4567.20223880597,FAMR_1.15,878.2022388059704,False,1763,0,0
picard-validate-sam,15360.0,3701.0,21723.936974789915,21723.936974789915,FAMR_1.15,18022.936974789915,False,2089,0,0
picard-validate-sam,15360.0,3418.0,19331.67532467532,19331.67532467532,FAMR_1.15,15913.675324675321,False,1588,0,0
picard-validate-sam,15360.0,3891.0,3995.107023411371,3995.107023411371,FAMR_1.15,104.10702341137085,False,1907,0,0
picard-validate-sam,15360.0,4201.0,4201.0,4201.0,FAMR_1.15,0.0,False,1842,0,0
picard-validate-sam,15360.0,3567.0,9018.452830188678,9018.452830188678,FAMR_1.15,5451.4528301886785,False,1746,0,0
picard-validate-sam,15360.0,3291.0,4226.779552715655,4226.779552715655,FAMR_1.15,935.779552715655,False,2169,0,0
picard-validate-sam,15360.0,3950.0,24087.946428571428,24087.946428571428,FAMR_1.15,20137.946428571428,False,1882,0,0
picard-validate-sam,15360.0,4114.0,4332.390243902439,4332.390243902439,FAMR_1.15,218.39024390243867,False,1623,0,0
picard-validate-sam,15360.0,3809.0,22918.92613636363,22918.92613636363,FAMR_1.15,19109.92613636363,False,2135,0,0
picard-validate-sam,15360.0,3917.0,3974.7728613569325,3974.7728613569325,FAMR_1.15,57.77286135693248,False,1639,0,0
picard-validate-sam,15360.0,4051.0,27324.898089171977,27324.898089171977,FAMR_1.15,23273.898089171977,False,2343,0,0
picard-validate-sam,15360.0,3317.0,4659.5283657917025,4659.5283657917025,FAMR_1.15,1342.5283657917025,False,1712,0,0
picard-validate-sam,15360.0,3777.0,31264.068062827224,31264.068062827224,FAMR_1.15,27487.068062827224,False,2687,0,0
picard-validate-sam,15360.0,3788.0,4428.676532769556,4428.676532769556,FAMR_1.15,640.6765327695557,False,1953,0,0
picard-validate-sam,15360.0,3536.0,24751.999999999996,24751.999999999996,FAMR_1.15,21215.999999999996,False,1732,0,0
picard-validate-sam,15360.0,3738.0,3815.6439169139467,3815.6439169139467,FAMR_1.15,77.64391691394667,False,1733,0,0
picard-validate-sam,15360.0,3927.0,5076.057877813505,5076.057877813505,FAMR_1.15,1149.057877813505,False,1767,0,0
picard-validate-sam,15360.0,3758.0,4974.5211902614965,4974.5211902614965,FAMR_1.15,1216.5211902614965,False,2655,0,0
picard-validate-sam,15360.0,4160.0,28422.1935483871,28422.1935483871,FAMR_1.15,24262.1935483871,False,1953,0,0
picard-validate-sam,15360.0,3680.0,21691.81434599156,21691.81434599156,FAMR_1.15,18011.81434599156,False,2350,0,0
picard-validate-sam,15360.0,3537.0,6011.473790322581,6011.473790322581,FAMR_1.15,2474.4737903225814,False,1790,0,0
picard-validate-sam,15360.0,4007.0,36408.431034482746,36408.431034482746,FAMR_1.15,32401.431034482746,False,1419,0,0
picard-validate-sam,15360.0,4100.0,25928.703703703708,25928.703703703708,FAMR_1.15,21828.703703703708,False,2213,0,0
picard-validate-sam,15360.0,4111.0,4159.364705882353,4159.364705882353,FAMR_1.15,48.36470588235261,False,1923,0,0
picard-validate-sam,18182.0,4372.0,25031.49180327869,25031.49180327869,FAMR_1.15,20659.49180327869,False,2048,0,0
picard-validate-sam,18182.0,4096.0,35581.1868131868,35581.1868131868,FAMR_1.15,31485.186813186803,False,2867,0,0
picard-validate-sam,18182.0,4364.0,26612.60714285714,26612.60714285714,FAMR_1.15,22248.60714285714,False,2334,0,0
picard-validate-sam,18182.0,4318.0,28226.925925925927,28226.925925925927,FAMR_1.15,23908.925925925927,False,2712,0,0
picard-validate-sam,18182.0,4248.0,27264.436363636367,27264.436363636367,FAMR_1.15,23016.436363636367,False,2123,0,0
picard-validate-sam,18182.0,3764.0,20237.30864197531,20237.30864197531,FAMR_1.15,16473.30864197531,False,2021,0,0
picard-validate-sam,18182.0,4297.0,32108.871165644177,32108.871165644177,FAMR_1.15,27811.871165644177,False,2699,0,0
picard-validate-sam,18182.0,3956.0,23701.298245614027,23701.298245614027,FAMR_1.15,19745.298245614027,False,2340,0,0
picard-validate-sam,18182.0,3919.0,5122.967052537845,5122.967052537845,FAMR_1.15,1203.9670525378451,False,2000,0,0
picard-validate-sam,18182.0,3982.0,33134.43157894737,33134.43157894737,FAMR_1.15,29152.43157894737,False,2603,0,0
picard-validate-sam,18182.0,4253.0,4165.128099173554,8330.256198347108,FAMR_1.15,4077.256198347108,False,2974,2921,1
picard-validate-sam,18182.0,3630.0,4768.823529411764,4768.823529411764,FAMR_1.15,1138.823529411764,False,2644,0,0
picard-validate-sam,18182.0,4020.0,28139.999999999996,28139.999999999996,FAMR_1.15,24119.999999999996,False,2265,0,0
picard-validate-sam,18182.0,3956.0,4750.581196581196,4750.581196581196,FAMR_1.15,794.5811965811963,False,2063,0,0
picard-validate-sam,18182.0,3796.0,3886.380952380952,3886.380952380952,FAMR_1.15,90.38095238095184,False,1945,0,0
picard-validate-sam,18182.0,3610.0,4280.8849557522135,4280.8849557522135,FAMR_1.15,670.8849557522135,False,1781,0,0
picard-validate-sam,18182.0,4436.0,4691.6772334293955,4691.6772334293955,FAMR_1.15,255.67723342939553,False,2037,0,0
picard-validate-sam,18182.0,4148.0,24086.053333333326,24086.053333333326,FAMR_1.15,19938.053333333326,False,2305,0,0
picard-validate-sam,18182.0,3657.0,5154.598980458793,5154.598980458793,FAMR_1.15,1497.5989804587934,False,2004,0,0
picard-validate-sam,18182.0,4868.0,33881.28,33881.28,FAMR_1.15,29013.28,False,2112,0,0
picard-validate-sam,18182.0,4132.0,4144.0466472303215,4144.0466472303215,FAMR_1.15,12.046647230321469,False,2098,0,0
picard-validate-sam,18182.0,4830.0,6203.386581469647,6203.386581469647,FAMR_1.15,1373.3865814696474,False,2301,0,0
picard-validate-sam,18182.0,4546.0,4699.063973063973,4699.063973063973,FAMR_1.15,153.0639730639732,False,2316,0,0
picard-validate-sam,18182.0,4000.0,23982.83261802575,23982.83261802575,FAMR_1.15,19982.83261802575,False,2138,0,0
picard-validate-sam,18182.0,4236.0,37624.24719101124,37624.24719101124,FAMR_1.15,33388.24719101124,False,2517,0,0
picard-validate-sam,18182.0,3828.0,5451.02027027027,5451.02027027027,FAMR_1.15,1623.02027027027,False,2903,0,0
picard-validate-sam,18182.0,3780.0,6845.413533834587,6845.413533834587,FAMR_1.15,3065.413533834587,False,2003,0,0
picard-validate-sam,18182.0,4260.0,26940.555555555555,26940.555555555555,FAMR_1.15,22680.555555555555,False,2721,0,0
picard-validate-sam,18182.0,3620.0,5513.387533875339,5513.387533875339,FAMR_1.15,1893.3875338753387,False,2816,0,0
picard-validate-sam,18182.0,4292.0,4355.303834808261,4355.303834808261,FAMR_1.15,63.303834808260945,False,2582,0,0
picard-collect-wgs-metrics,10240.0,1743.0,1667.2850342160073,3334.5700684320145,FAMR_1.15,1591.5700684320145,False,1257,1252,1
picard-collect-wgs-metrics,10240.0,1698.0,2038.957042957043,2038.957042957043,FAMR_1.15,340.9570429570431,False,1195,0,0
picard-collect-wgs-metrics,10240.0,1576.0,2371.0060832943377,2371.0060832943377,FAMR_1.15,795.0060832943377,False,1332,0,0
picard-collect-wgs-metrics,10240.0,1452.0,2107.4219653179193,2107.4219653179193,FAMR_1.15,655.4219653179193,False,1404,0,0
picard-collect-wgs-metrics,10240.0,1751.0,2655.7918215613386,2655.7918215613386,FAMR_1.15,904.7918215613386,False,1245,0,0
picard-collect-wgs-metrics,10240.0,1581.0,2488.509582040518,2488.509582040518,FAMR_1.15,907.5095820405181,False,1198,0,0
picard-collect-wgs-metrics,10240.0,1584.0,1649.9835370416563,1649.9835370416563,FAMR_1.15,65.98353704165629,False,1338,0,0
picard-collect-wgs-metrics,10240.0,1442.0,2023.3852425601308,2023.3852425601308,FAMR_1.15,581.3852425601308,False,1282,0,0
picard-collect-wgs-metrics,10240.0,1518.0,2128.725198614789,2128.725198614789,FAMR_1.15,610.725198614789,False,1304,0,0
picard-collect-wgs-metrics,10240.0,1673.0,2814.2295299469292,2814.2295299469292,FAMR_1.15,1141.2295299469292,False,1370,0,0
picard-collect-wgs-metrics,10240.0,1583.0,2985.303301989941,2985.303301989941,FAMR_1.15,1402.3033019899408,False,1379,0,0
picard-collect-wgs-metrics,10240.0,1696.0,3740.7427109974424,3740.7427109974424,FAMR_1.15,2044.7427109974424,False,1267,0,0
picard-collect-wgs-metrics,10240.0,1597.0,4006.117137265865,4006.117137265865,FAMR_1.15,2409.117137265865,False,1314,0,0
picard-collect-wgs-metrics,10240.0,1713.0,4068.2031040941933,4068.2031040941933,FAMR_1.15,2355.2031040941933,False,1252,0,0
picard-collect-wgs-metrics,10240.0,1440.0,1876.2836185819071,1876.2836185819071,FAMR_1.15,436.28361858190715,False,1353,0,0
picard-collect-wgs-metrics,10240.0,1687.0,5393.015957446808,5393.015957446808,FAMR_1.15,3706.015957446808,False,1360,0,0
picard-collect-wgs-metrics,10240.0,1767.0,3659.7724620770127,3659.7724620770127,FAMR_1.15,1892.7724620770127,False,1384,0,0
picard-collect-wgs-metrics,10240.0,1409.0,1522.4542458012868,1522.4542458012868,FAMR_1.15,113.45424580128679,False,1313,0,0
picard-collect-wgs-metrics,10240.0,1579.0,2723.628252788104,2723.628252788104,FAMR_1.15,1144.628252788104,False,1256,0,0
picard-collect-wgs-metrics,10240.0,1706.0,3126.1622574955913,3126.1622574955913,FAMR_1.15,1420.1622574955913,False,1292,0,0
picard-collect-wgs-metrics,10240.0,1883.0,2413.078916372203,2413.078916372203,FAMR_1.15,530.0789163722029,False,1279,0,0
picard-collect-wgs-metrics,10240.0,1752.0,2324.562714905068,2324.562714905068,FAMR_1.15,572.5627149050679,False,1250,0,0
picard-collect-wgs-metrics,10240.0,1751.0,2524.2662308385934,2524.2662308385934,FAMR_1.15,773.2662308385934,False,1282,0,0
picard-collect-wgs-metrics,10240.0,1765.0,2217.5196463654224,2217.5196463654224,FAMR_1.15,452.51964636542243,False,1249,0,0
picard-collect-wgs-metrics,10240.0,1452.0,1946.630210667862,1946.630210667862,FAMR_1.15,494.630210667862,False,1251,0,0
picard-collect-wgs-metrics,10240.0,1842.0,5823.471856917411,5823.471856917411,FAMR_1.15,3981.471856917411,False,1270,0,0
picard-collect-wgs-metrics,10240.0,1504.0,1678.160260586319,1678.160260586319,FAMR_1.15,174.16026058631905,False,1194,0,0
picard-collect-wgs-metrics,10240.0,1630.0,3339.980372914623,3339.980372914623,FAMR_1.15,1709.9803729146229,False,1360,0,0
picard-collect-wgs-metrics,10240.0,1648.0,1485.7740069417664,2971.548013883533,FAMR_1.15,1323.5480138835328,False,1340,1335,1
picard-collect-wgs-metrics,10240.0,1369.0,1852.2397798742138,1852.2397798742138,FAMR_1.15,483.2397798742138,False,1225,0,0
picard-collect-wgs-metrics,15360.0,1555.0,2932.7964905203708,2932.7964905203708,FAMR_1.15,1377.7964905203708,False,1627,0,0
picard-collect-wgs-metrics,15360.0,1713.0,2915.51450562463,2915.51450562463,FAMR_1.15,1202.5145056246301,False,1811,0,0
picard-collect-wgs-metrics,15360.0,1551.0,1891.0662039508807,1891.0662039508807,FAMR_1.15,340.06620395088066,False,1683,0,0
picard-collect-wgs-metrics,15360.0,1466.0,1409.004764998917,2818.009529997834,FAMR_1.15,1352.0095299978339,False,1672,1666,1
picard-collect-wgs-metrics,15360.0,1601.0,2254.661218660742,2254.661218660742,FAMR_1.15,653.6612186607422,False,1709,0,0
picard-collect-wgs-metrics,15360.0,1740.0,4483.885017421602,4483.885017421602,FAMR_1.15,2743.8850174216022,False,1655,0,0
picard-collect-wgs-metrics,15360.0,1823.0,2984.088264794383,2984.088264794383,FAMR_1.15,1161.0882647943831,False,1665,0,0
picard-collect-wgs-metrics,15360.0,1748.0,2451.25931961703,2451.25931961703,FAMR_1.15,703.2593196170301,False,1667,0,0
picard-collect-wgs-metrics,15360.0,1684.0,3987.5936298736956,3987.5936298736956,FAMR_1.15,2303.5936298736956,False,1606,0,0
picard-collect-wgs-metrics,15360.0,1759.0,1431.7645885286784,2863.5291770573567,FAMR_1.15,1104.5291770573567,False,1687,1681,1
picard-collect-wgs-metrics,15360.0,1541.0,3296.9463519313304,3296.9463519313304,FAMR_1.15,1755.9463519313304,False,1615,0,0
picard-collect-wgs-metrics,15360.0,1642.0,3621.6388746803073,3621.6388746803073,FAMR_1.15,1979.6388746803073,False,1841,0,0
picard-collect-wgs-metrics,15360.0,1549.0,1556.250417920428,1556.250417920428,FAMR_1.15,7.250417920427935,False,1709,0,0
picard-collect-wgs-metrics,15360.0,1454.0,2110.3247503941147,2110.3247503941147,FAMR_1.15,656.3247503941147,False,1780,0,0
picard-collect-wgs-metrics,15360.0,1750.0,2280.2057864710678,2280.2057864710678,FAMR_1.15,530.2057864710678,False,1673,0,0
picard-collect-wgs-metrics,15360.0,1657.0,2585.4007252946512,2585.4007252946512,FAMR_1.15,928.4007252946512,False,1623,0,0
picard-collect-wgs-metrics,15360.0,1803.0,5763.845744680851,5763.845744680851,FAMR_1.15,3960.8457446808507,False,1660,0,0
picard-collect-wgs-metrics,15360.0,1692.0,2509.172194457065,2509.172194457065,FAMR_1.15,817.172194457065,False,1579,0,0
picard-collect-wgs-metrics,15360.0,1585.0,1863.4291862284815,1863.4291862284815,FAMR_1.15,278.4291862284815,False,1755,0,0
picard-collect-wgs-metrics,15360.0,1497.0,2898.8293642576105,2898.8293642576105,FAMR_1.15,1401.8293642576105,False,1615,0,0
picard-collect-wgs-metrics,15360.0,1662.0,2398.2630161579896,2398.2630161579896,FAMR_1.15,736.2630161579896,False,1650,0,0
picard-collect-wgs-metrics,15360.0,1579.0,2181.4335551522486,2181.4335551522486,FAMR_1.15,602.4335551522486,False,1631,0,0
picard-collect-wgs-metrics,15360.0,1637.0,1818.7425583266293,1818.7425583266293,FAMR_1.15,181.74255832662925,False,1649,0,0
picard-collect-wgs-metrics,15360.0,1630.0,2098.077611940299,2098.077611940299,FAMR_1.15,468.077611940299,False,1815,0,0
picard-collect-wgs-metrics,15360.0,1599.0,2910.821272885789,2910.821272885789,FAMR_1.15,1311.8212728857889,False,1827,0,0
picard-collect-wgs-metrics,15360.0,1655.0,5196.734587251829,5196.734587251829,FAMR_1.15,3541.734587251829,False,1746,0,0
picard-collect-wgs-metrics,15360.0,1677.0,2927.739130434783,2927.739130434783,FAMR_1.15,1250.739130434783,False,1629,0,0
picard-collect-wgs-metrics,15360.0,1421.0,1792.7194712961136,1792.7194712961136,FAMR_1.15,371.7194712961136,False,1668,0,0
picard-collect-wgs-metrics,15360.0,1705.0,2263.1860858857935,2263.1860858857935,FAMR_1.15,558.1860858857935,False,1789,0,0
picard-collect-wgs-metrics,15360.0,1674.0,2244.2554908112957,2244.2554908112957,FAMR_1.15,570.2554908112957,False,1700,0,0
picard-collect-wgs-metrics,18182.0,1450.0,2171.726293852032,2171.726293852032,FAMR_1.15,721.7262938520321,False,1896,0,0
picard-collect-wgs-metrics,18182.0,1500.0,2552.989934872706,2552.989934872706,FAMR_1.15,1052.9899348727058,False,1936,0,0
picard-collect-wgs-metrics,18182.0,1550.0,1955.4645886762676,1955.4645886762676,FAMR_1.15,405.46458867626757,False,2053,0,0
picard-collect-wgs-metrics,18182.0,1540.0,2064.607799193187,2064.607799193187,FAMR_1.15,524.607799193187,False,1990,0,0
picard-collect-wgs-metrics,18182.0,1602.0,3031.503198294243,3031.503198294243,FAMR_1.15,1429.5031982942428,False,1921,0,0
picard-collect-wgs-metrics,18182.0,1706.0,5390.672975814931,5390.672975814931,FAMR_1.15,3684.6729758149313,False,1841,0,0
picard-collect-wgs-metrics,18182.0,1696.0,2758.118800678861,2758.118800678861,FAMR_1.15,1062.1188006788611,False,1914,0,0
picard-collect-wgs-metrics,18182.0,1773.0,2495.549647058823,2495.549647058823,FAMR_1.15,722.5496470588232,False,2003,0,0
picard-collect-wgs-metrics,18182.0,1753.0,3866.4634271099744,3866.4634271099744,FAMR_1.15,2113.4634271099744,False,1901,0,0
picard-collect-wgs-metrics,18182.0,1660.0,2203.9644848234566,2203.9644848234566,FAMR_1.15,543.9644848234566,False,2123,0,0
picard-collect-wgs-metrics,18182.0,1708.0,2008.0359937402188,2008.0359937402188,FAMR_1.15,300.0359937402188,False,2104,0,0
picard-collect-wgs-metrics,18182.0,1622.0,2509.531395766057,2509.531395766057,FAMR_1.15,887.5313957660569,False,2002,0,0
picard-collect-wgs-metrics,18182.0,1833.0,4465.516058193796,4465.516058193796,FAMR_1.15,2632.516058193796,False,1866,0,0
picard-collect-wgs-metrics,18182.0,1687.0,4488.211598052236,4488.211598052236,FAMR_1.15,2801.211598052236,False,1912,0,0
picard-collect-wgs-metrics,18182.0,1580.0,1427.2198608964452,2854.4397217928904,FAMR_1.15,1274.4397217928904,False,1864,1857,1
picard-collect-wgs-metrics,18182.0,1668.0,1603.1513970110464,3206.3027940220927,FAMR_1.15,1538.3027940220927,False,1954,1947,1
picard-collect-wgs-metrics,18182.0,1700.0,2330.2067789383927,2330.2067789383927,FAMR_1.15,630.2067789383927,False,1958,0,0
picard-collect-wgs-metrics,18182.0,1496.0,1662.0884955752213,1662.0884955752213,FAMR_1.15,166.08849557522126,False,2058,0,0
picard-collect-wgs-metrics,18182.0,1713.0,2216.215291750503,2216.215291750503,FAMR_1.15,503.2152917505032,False,1909,0,0
picard-collect-wgs-metrics,18182.0,1620.0,2968.5714285714284,2968.5714285714284,FAMR_1.15,1348.5714285714284,False,2039,0,0
picard-collect-wgs-metrics,18182.0,1681.0,2437.229396325459,2437.229396325459,FAMR_1.15,756.2293963254592,False,1876,0,0
picard-collect-wgs-metrics,18182.0,1598.0,1664.5667248690445,1664.5667248690445,FAMR_1.15,66.56672486904449,False,1855,0,0
picard-collect-wgs-metrics,18182.0,1885.0,2263.506493506494,2263.506493506494,FAMR_1.15,378.5064935064938,False,1899,0,0
picard-collect-wgs-metrics,18182.0,1762.0,3649.4165694282383,3649.4165694282383,FAMR_1.15,1887.4165694282383,False,1913,0,0
picard-collect-wgs-metrics,18182.0,1624.0,2270.153846153846,2270.153846153846,FAMR_1.15,646.1538461538462,False,1883,0,0
picard-collect-wgs-metrics,18182.0,1762.0,2308.4283837056505,2308.4283837056505,FAMR_1.15,546.4283837056505,False,1906,0,0
picard-collect-wgs-metrics,18182.0,1697.0,2432.8456622463655,2432.8456622463655,FAMR_1.15,735.8456622463655,False,1875,0,0
picard-collect-wgs-metrics,18182.0,1872.0,3221.0432632880097,3221.0432632880097,FAMR_1.15,1349.0432632880097,False,1871,0,0
picard-collect-wgs-metrics,18182.0,1722.0,3730.229436172809,3730.229436172809,FAMR_1.15,2008.229436172809,False,2034,0,0
picard-collect-wgs-metrics,18182.0,1515.0,9445.66591422122,9445.66591422122,FAMR_1.15,7930.665914221219,False,1880,0,0
fastqc,5113.0,666.0,1041.967741935484,1041.967741935484,FAMR_1.75,375.9677419354839,False,441,0,0
fastqc,5128.0,625.0,1139.8087686567164,1139.8087686567164,FAMR_1.75,514.8087686567164,False,432,0,0
fastqc,5113.0,796.0,931.1698113207547,931.1698113207547,FAMR_1.75,135.16981132075466,False,445,0,0
fastqc,5128.0,645.0,902.3014440433211,902.3014440433211,FAMR_1.75,257.3014440433211,False,439,0,0
fastqc,5113.0,669.0,881.4386645962732,881.4386645962732,FAMR_1.75,212.43866459627316,False,387,0,0
fastqc,5128.0,638.0,782.1553398058252,782.1553398058252,FAMR_1.75,144.15533980582518,False,429,0,0
fastqc,5113.0,580.0,731.0082872928176,731.0082872928176,FAMR_1.75,151.0082872928176,False,449,0,0
fastqc,5128.0,674.0,911.6788856304985,911.6788856304985,FAMR_1.75,237.67888563049848,False,460,0,0
fastqc,5113.0,626.0,836.9347826086956,836.9347826086956,FAMR_1.75,210.93478260869563,False,441,0,0
fastqc,5128.0,781.0,1261.5669354838708,1261.5669354838708,FAMR_1.75,480.5669354838708,False,437,0,0
fastqc,5113.0,706.0,887.5615171137835,887.5615171137835,FAMR_1.75,181.56151711378345,False,434,0,0
fastqc,5128.0,826.0,1393.3038297872342,1393.3038297872342,FAMR_1.75,567.3038297872342,False,419,0,0
fastqc,5113.0,674.0,743.1980598221503,743.1980598221503,FAMR_1.75,69.1980598221503,False,447,0,0
fastqc,5128.0,630.0,987.2273105745213,987.2273105745213,FAMR_1.75,357.2273105745213,False,474,0,0
fastqc,5113.0,671.0,1101.2404473438955,1101.2404473438955,FAMR_1.75,430.24044734389554,False,452,0,0
fastqc,5128.0,730.0,995.76297443842,995.76297443842,FAMR_1.75,265.76297443842,False,476,0,0
fastqc,5113.0,555.0,956.0924369747898,956.0924369747898,FAMR_1.75,401.09243697478985,False,468,0,0
fastqc,5128.0,724.0,994.4974823766363,994.4974823766363,FAMR_1.75,270.4974823766363,False,445,0,0
fastqc,5113.0,748.0,848.8333333333334,848.8333333333334,FAMR_1.75,100.83333333333337,False,462,0,0
fastqc,5128.0,804.0,890.1428571428572,890.1428571428572,FAMR_1.75,86.14285714285722,False,480,0,0
fastqc,5113.0,785.0,1187.602478551001,1187.602478551001,FAMR_1.75,402.602478551001,False,457,0,0
fastqc,5128.0,723.0,1047.502132196162,1047.502132196162,FAMR_1.75,324.50213219616194,False,446,0,0
fastqc,5113.0,737.0,992.6491575817641,992.6491575817641,FAMR_1.75,255.64915758176414,False,490,0,0
fastqc,5128.0,637.0,896.7756584922797,896.7756584922797,FAMR_1.75,259.7756584922797,False,458,0,0
fastqc,5113.0,707.0,968.3446327683615,968.3446327683615,FAMR_1.75,261.3446327683615,False,480,0,0
fastqc,5128.0,675.0,1085.3215767634856,1085.3215767634856,FAMR_1.75,410.3215767634856,False,474,0,0
fastqc,5113.0,638.0,928.2127659574469,928.2127659574469,FAMR_1.75,290.2127659574469,False,441,0,0
fastqc,5128.0,688.0,766.752808988764,766.752808988764,FAMR_1.75,78.75280898876395,False,456,0,0
fastqc,5113.0,669.0,770.1978740801309,770.1978740801309,FAMR_1.75,101.19787408013087,False,489,0,0
fastqc,5128.0,701.0,1057.4868012422362,1057.4868012422362,FAMR_1.75,356.4868012422362,False,481,0,0
fastqc,5113.0,738.0,956.093422306959,956.093422306959,FAMR_1.75,218.09342230695904,False,449,0,0
fastqc,5128.0,689.0,1016.2109665427508,1016.2109665427508,FAMR_1.75,327.21096654275084,False,449,0,0
fastqc,5113.0,706.0,767.5631999999999,767.5631999999999,FAMR_1.75,61.56319999999994,False,486,0,0
fastqc,5128.0,725.0,923.4149277688603,923.4149277688603,FAMR_1.75,198.41492776886025,False,494,0,0
fastqc,5113.0,571.0,679.6195462478184,679.6195462478184,FAMR_1.75,108.61954624781845,False,474,0,0
fastqc,5128.0,759.0,1248.0074626865671,1248.0074626865671,FAMR_1.75,489.0074626865671,False,488,0,0
fastqc,5113.0,723.0,1106.863743148003,1106.863743148003,FAMR_1.75,383.8637431480031,False,465,0,0
fastqc,5128.0,706.0,1366.5643564356435,1366.5643564356435,FAMR_1.75,660.5643564356435,False,461,0,0
fastqc,5113.0,742.0,918.644472361809,918.644472361809,FAMR_1.75,176.644472361809,False,465,0,0
fastqc,5128.0,645.0,852.3714699493121,852.3714699493121,FAMR_1.75,207.3714699493121,False,463,0,0
fastqc,5113.0,722.0,1227.3368328958882,1227.3368328958882,FAMR_1.75,505.33683289588816,False,463,0,0
fastqc,5128.0,750.0,974.4341994970662,974.4341994970662,FAMR_1.75,224.43419949706617,False,435,0,0
fastqc,5113.0,739.0,735.7516483516484,1471.5032967032969,FAMR_1.75,732.5032967032969,False,452,449,1
fastqc,5128.0,710.0,1064.4685628742513,1064.4685628742513,FAMR_1.75,354.46856287425135,False,456,0,0
fastqc,5113.0,642.0,879.0636042402828,879.0636042402828,FAMR_1.75,237.06360424028276,False,461,0,0
fastqc,5128.0,687.0,1004.5754716981131,1004.5754716981131,FAMR_1.75,317.5754716981131,False,449,0,0
fastqc,5113.0,717.0,1380.7046580773044,1380.7046580773044,FAMR_1.75,663.7046580773044,False,402,0,0
fastqc,5128.0,656.0,903.8636363636365,903.8636363636365,FAMR_1.75,247.8636363636365,False,424,0,0
fastqc,5113.0,649.0,1186.1872659176029,1186.1872659176029,FAMR_1.75,537.1872659176029,False,431,0,0
fastqc,5128.0,782.0,1242.1459159397305,1242.1459159397305,FAMR_1.75,460.14591593973046,False,456,0,0
fastqc,5113.0,735.0,874.0540540540542,874.0540540540542,FAMR_1.75,139.05405405405418,False,451,0,0
fastqc,5128.0,658.0,1047.5488599348535,1047.5488599348535,FAMR_1.75,389.54885993485345,False,467,0,0
fastqc,5113.0,651.0,826.5438756855577,826.5438756855577,FAMR_1.75,175.54387568555774,False,447,0,0
fastqc,5128.0,674.0,934.409090909091,934.409090909091,FAMR_1.75,260.409090909091,False,490,0,0
fastqc,5113.0,638.0,1354.2701030927835,1354.2701030927835,FAMR_1.75,716.2701030927835,False,456,0,0
fastqc,5128.0,685.0,975.5310693641619,975.5310693641619,FAMR_1.75,290.5310693641619,False,469,0,0
fastqc,5113.0,706.0,760.1234735413839,760.1234735413839,FAMR_1.75,54.12347354138387,False,466,0,0
fastqc,5128.0,712.0,991.517774343122,991.517774343122,FAMR_1.75,279.517774343122,False,457,0,0
fastqc,5113.0,711.0,1059.321334503951,1059.321334503951,FAMR_1.75,348.321334503951,False,455,0,0
fastqc,5128.0,656.0,933.6968609865471,933.6968609865471,FAMR_1.75,277.6968609865471,False,473,0,0
fastqc,7669.0,678.0,986.044543429844,986.044543429844,FAMR_1.75,308.044543429844,False,632,0,0
fastqc,7692.0,721.0,1183.3000931966449,1183.3000931966449,FAMR_1.75,462.30009319664487,False,573,0,0
fastqc,7669.0,654.0,832.983948635634,832.983948635634,FAMR_1.75,178.98394863563396,False,694,0,0
fastqc,7692.0,679.0,1075.7617905675459,1075.7617905675459,FAMR_1.75,396.76179056754586,False,646,0,0
fastqc,7669.0,637.0,758.1745200698081,758.1745200698081,FAMR_1.75,121.17452006980807,False,701,0,0
fastqc,7692.0,666.0,1162.568661971831,1162.568661971831,FAMR_1.75,496.56866197183103,False,662,0,0
fastqc,7669.0,542.0,668.4339963833635,668.4339963833635,FAMR_1.75,126.43399638336348,False,671,0,0
fastqc,7692.0,683.0,1094.3590869183495,1094.3590869183495,FAMR_1.75,411.3590869183495,False,639,0,0
fastqc,7669.0,631.0,799.9337686567166,799.9337686567166,FAMR_1.75,168.93376865671655,False,641,0,0
fastqc,7692.0,617.0,856.142421159715,856.142421159715,FAMR_1.75,239.142421159715,False,664,0,0
fastqc,7669.0,719.0,1384.5559960356788,1384.5559960356788,FAMR_1.75,665.5559960356788,False,632,0,0
fastqc,7692.0,709.0,877.7883165829145,877.7883165829145,FAMR_1.75,168.7883165829145,False,655,0,0
fastqc,7669.0,789.0,805.008695652174,805.008695652174,FAMR_1.75,16.00869565217397,False,618,0,0
fastqc,7692.0,765.0,827.2811059907834,827.2811059907834,FAMR_1.75,62.28110599078343,False,622,0,0
fastqc,7669.0,672.0,995.1414309484194,995.1414309484194,FAMR_1.75,323.1414309484194,False,643,0,0
fastqc,7692.0,678.0,1133.6569579288025,1133.6569579288025,FAMR_1.75,455.6569579288025,False,653,0,0
fastqc,7669.0,718.0,1101.9911602209945,1101.9911602209945,FAMR_1.75,383.9911602209945,False,620,0,0
fastqc,7692.0,650.0,719.9266503667482,719.9266503667482,FAMR_1.75,69.92665036674816,False,615,0,0
fastqc,7669.0,707.0,913.2877358490566,913.2877358490566,FAMR_1.75,206.28773584905662,False,586,0,0
fastqc,7692.0,696.0,1561.7835218093696,1561.7835218093696,FAMR_1.75,865.7835218093696,False,651,0,0
fastqc,7669.0,664.0,969.7142857142857,969.7142857142857,FAMR_1.75,305.71428571428567,False,609,0,0
fastqc,7692.0,759.0,1146.7628304821149,1146.7628304821149,FAMR_1.75,387.76283048211485,False,640,0,0
fastqc,7669.0,619.0,1049.5620121422376,1049.5620121422376,FAMR_1.75,430.56201214223756,False,686,0,0
fastqc,7692.0,740.0,1491.0920770877945,1491.0920770877945,FAMR_1.75,751.0920770877945,False,724,0,0
fastqc,7669.0,708.0,1022.2011834319527,1022.2011834319527,FAMR_1.75,314.2011834319527,False,674,0,0
fastqc,7692.0,711.0,943.6025390625,943.6025390625,FAMR_1.75,232.6025390625,False,652,0,0
fastqc,7669.0,752.0,993.7726285300507,993.7726285300507,FAMR_1.75,241.77262853005072,False,619,0,0
fastqc,7692.0,707.0,821.4207836456558,821.4207836456558,FAMR_1.75,114.42078364565577,False,616,0,0
fastqc,7669.0,668.0,914.6643109540636,914.6643109540636,FAMR_1.75,246.66431095406358,False,664,0,0
fastqc,7692.0,668.0,920.1266233766235,920.1266233766235,FAMR_1.75,252.12662337662346,False,705,0,0
fastqc,7669.0,642.0,1037.2066549912436,1037.2066549912436,FAMR_1.75,395.20665499124357,False,685,0,0
fastqc,7692.0,657.0,856.3202764976958,856.3202764976958,FAMR_1.75,199.32027649769577,False,634,0,0
fastqc,7669.0,641.0,1060.3661016949152,1060.3661016949152,FAMR_1.75,419.3661016949152,False,692,0,0
fastqc,7692.0,678.0,934.1761363636364,934.1761363636364,FAMR_1.75,256.1761363636364,False,690,0,0
fastqc,7669.0,771.0,969.277520814061,969.277520814061,FAMR_1.75,198.27752081406095,False,628,0,0
fastqc,7692.0,783.0,1072.4382566585957,1072.4382566585957,FAMR_1.75,289.4382566585957,False,663,0,0
fastqc,7669.0,660.0,831.8370165745855,831.8370165745855,FAMR_1.75,171.8370165745855,False,668,0,0
fastqc,7692.0,606.0,926.2939796716186,926.2939796716186,FAMR_1.75,320.29397967161856,False,692,0,0
fastqc,7669.0,652.0,1123.1932773109243,1123.1932773109243,FAMR_1.75,471.19327731092426,False,550,0,0
fastqc,7692.0,715.0,1000.2256317689529,1000.2256317689529,FAMR_1.75,285.2256317689529,False,556,0,0
fastqc,7669.0,700.0,974.8068006182378,974.8068006182378,FAMR_1.75,274.80680061823784,False,631,0,0
fastqc,7692.0,763.0,1158.6078582434513,1158.6078582434513,FAMR_1.75,395.60785824345135,False,641,0,0
fastqc,7669.0,762.0,877.2657399836468,877.2657399836468,FAMR_1.75,115.26573998364677,False,634,0,0
fastqc,7692.0,742.0,1044.4664602683176,1044.4664602683176,FAMR_1.75,302.46646026831763,False,632,0,0
fastqc,7669.0,630.0,851.9052044609665,851.9052044609665,FAMR_1.75,221.9052044609665,False,651,0,0
fastqc,7692.0,590.0,835.1228323699421,835.1228323699421,FAMR_1.75,245.1228323699421,False,648,0,0
fastqc,7669.0,655.0,982.0097305389221,982.0097305389221,FAMR_1.75,327.0097305389221,False,693,0,0
fastqc,7692.0,676.0,800.4638088545328,800.4638088545328,FAMR_1.75,124.46380885453277,False,677,0,0
fastqc,7669.0,646.0,1180.7041198501872,1180.7041198501872,FAMR_1.75,534.7041198501872,False,648,0,0
fastqc,7692.0,648.0,855.0333580429949,855.0333580429949,FAMR_1.75,207.0333580429949,False,682,0,0
fastqc,7669.0,700.0,798.0603448275863,798.0603448275863,FAMR_1.75,98.06034482758628,False,668,0,0
fastqc,7692.0,707.0,955.7146507666098,955.7146507666098,FAMR_1.75,248.7146507666098,False,722,0,0
fastqc,7669.0,695.0,757.0109814687713,757.0109814687713,FAMR_1.75,62.01098146877132,False,632,0,0
fastqc,7692.0,658.0,1056.915797914996,1056.915797914996,FAMR_1.75,398.9157979149959,False,617,0,0
fastqc,7669.0,645.0,730.158924205379,730.158924205379,FAMR_1.75,85.15892420537898,False,675,0,0
fastqc,7692.0,692.0,739.3301886792452,739.3301886792452,FAMR_1.75,47.330188679245225,False,673,0,0
fastqc,7669.0,671.0,989.6626394052043,989.6626394052043,FAMR_1.75,318.66263940520435,False,683,0,0
fastqc,7692.0,669.0,912.525259515571,912.525259515571,FAMR_1.75,243.52525951557095,False,661,0,0
fastqc,7669.0,654.0,938.4491978609626,938.4491978609626,FAMR_1.75,284.4491978609626,False,678,0,0
fastqc,7692.0,769.0,1204.9895652173911,1204.9895652173911,FAMR_1.75,435.98956521739115,False,631,0,0
fastqc,9078.0,622.0,1253.9303338171262,1253.9303338171262,FAMR_1.75,631.9303338171262,False,747,0,0
fastqc,9105.0,695.0,810.0385934819898,810.0385934819898,FAMR_1.75,115.03859348198978,False,728,0,0
fastqc,9078.0,636.0,1007.6354916067146,1007.6354916067146,FAMR_1.75,371.6354916067146,False,817,0,0
fastqc,9105.0,649.0,1048.3443548387097,1048.3443548387097,FAMR_1.75,399.3443548387097,False,803,0,0
fastqc,9078.0,642.0,941.375748502994,941.375748502994,FAMR_1.75,299.37574850299404,False,814,0,0
fastqc,9105.0,676.0,929.2619718309859,929.2619718309859,FAMR_1.75,253.26197183098589,False,791,0,0
fastqc,9078.0,673.0,833.4244186046512,833.4244186046512,FAMR_1.75,160.42441860465124,False,825,0,0
fastqc,9105.0,681.0,1084.165309446254,1084.165309446254,FAMR_1.75,403.165309446254,False,763,0,0
fastqc,9078.0,719.0,962.7370923913044,962.7370923913044,FAMR_1.75,243.73709239130437,False,827,0,0
fastqc,9105.0,786.0,891.9558823529411,891.9558823529411,FAMR_1.75,105.9558823529411,False,792,0,0
fastqc,9078.0,653.0,808.4566582914573,808.4566582914573,FAMR_1.75,155.4566582914573,False,814,0,0
fastqc,9105.0,617.0,799.3355576739752,799.3355576739752,FAMR_1.75,182.33555767397525,False,789,0,0
fastqc,9078.0,546.0,649.2972972972973,649.2972972972973,FAMR_1.75,103.29729729729729,False,824,0,0
fastqc,9105.0,696.0,853.2603706972639,853.2603706972639,FAMR_1.75,157.26037069726385,False,799,0,0
fastqc,9078.0,642.0,834.2634338138926,834.2634338138926,FAMR_1.75,192.26343381389256,False,817,0,0
fastqc,9105.0,670.0,992.179700499168,992.179700499168,FAMR_1.75,322.179700499168,False,784,0,0
fastqc,9078.0,659.0,1003.4772727272727,1003.4772727272727,FAMR_1.75,344.47727272727275,False,814,0,0
fastqc,9105.0,698.0,955.7420494699646,955.7420494699646,FAMR_1.75,257.7420494699646,False,772,0,0
fastqc,9078.0,693.0,878.263686131387,878.263686131387,FAMR_1.75,185.26368613138698,False,810,0,0
fastqc,9105.0,642.0,1088.5602775368604,1088.5602775368604,FAMR_1.75,446.56027753686044,False,806,0,0
fastqc,9078.0,677.0,858.2490671641792,858.2490671641792,FAMR_1.75,181.24906716417922,False,832,0,0
fastqc,9105.0,634.0,915.360946745562,915.360946745562,FAMR_1.75,281.36094674556205,False,780,0,0
fastqc,9078.0,706.0,1015.0435446906035,1015.0435446906035,FAMR_1.75,309.04354469060354,False,817,0,0
fastqc,9105.0,713.0,976.5625504439065,976.5625504439065,FAMR_1.75,263.5625504439065,False,792,0,0
fastqc,9078.0,719.0,799.8050458715595,799.8050458715595,FAMR_1.75,80.80504587155951,False,650,0,0
fastqc,9105.0,685.0,1100.9137489325362,1100.9137489325362,FAMR_1.75,415.91374893253624,False,652,0,0
fastqc,9078.0,694.0,791.5378955114054,791.5378955114054,FAMR_1.75,97.5378955114054,False,667,0,0
fastqc,9105.0,750.0,1022.3258096172717,1022.3258096172717,FAMR_1.75,272.3258096172717,False,633,0,0
fastqc,9078.0,704.0,907.5724743777454,907.5724743777454,FAMR_1.75,203.57247437774538,False,752,0,0
fastqc,9105.0,716.0,1378.7789890981169,1378.7789890981169,FAMR_1.75,662.7789890981169,False,701,0,0
fastqc,9078.0,756.0,1143.7292659675882,1143.7292659675882,FAMR_1.75,387.72926596758816,False,737,0,0
fastqc,9105.0,738.0,1144.6031483015743,1144.6031483015743,FAMR_1.75,406.60314830157427,False,721,0,0
fastqc,9078.0,675.0,950.2724795640327,950.2724795640327,FAMR_1.75,275.27247956403266,False,742,0,0
fastqc,9105.0,790.0,1068.2620817843865,1068.2620817843865,FAMR_1.75,278.2620817843865,False,717,0,0
fastqc,9078.0,662.0,719.7263999999999,719.7263999999999,FAMR_1.75,57.7263999999999,False,773,0,0
fastqc,9105.0,689.0,959.4884080370941,959.4884080370941,FAMR_1.75,270.48840803709413,False,731,0,0
fastqc,9078.0,709.0,991.8321299638989,991.8321299638989,FAMR_1.75,282.83212996389886,False,779,0,0
fastqc,9105.0,739.0,1089.9563197026023,1089.9563197026023,FAMR_1.75,350.9563197026023,False,746,0,0
fastqc,9078.0,696.0,917.0124223602484,917.0124223602484,FAMR_1.75,221.01242236024837,False,774,0,0
fastqc,9105.0,729.0,1272.5413732394366,1272.5413732394366,FAMR_1.75,543.5413732394366,False,739,0,0
fastqc,9078.0,649.0,777.6953191489363,777.6953191489363,FAMR_1.75,128.69531914893628,False,783,0,0
fastqc,9105.0,731.0,1151.932684509327,1151.932684509327,FAMR_1.75,420.9326845093269,False,732,0,0
fastqc,9078.0,657.0,992.6524105754277,992.6524105754277,FAMR_1.75,335.65241057542767,False,772,0,0
fastqc,9105.0,761.0,1473.0247524752474,1473.0247524752474,FAMR_1.75,712.0247524752474,False,736,0,0
fastqc,9078.0,663.0,988.3133748055989,988.3133748055989,FAMR_1.75,325.31337480559887,False,774,0,0
fastqc,9105.0,650.0,1050.7085916740477,1050.7085916740477,FAMR_1.75,400.70859167404774,False,739,0,0
fastqc,9078.0,708.0,756.4245283018868,756.4245283018868,FAMR_1.75,48.42452830188677,False,778,0,0
fastqc,9105.0,650.0,1068.7810945273632,1068.7810945273632,FAMR_1.75,418.78109452736317,False,749,0,0
fastqc,9078.0,697.0,921.8003412969283,921.8003412969283,FAMR_1.75,224.8003412969283,False,774,0,0
fastqc,9105.0,730.0,1039.3736951983299,1039.3736951983299,FAMR_1.75,309.37369519832987,False,761,0,0
fastqc,9078.0,651.0,946.7772828507796,946.7772828507796,FAMR_1.75,295.77728285077956,False,790,0,0
fastqc,9105.0,704.0,775.6118935837246,775.6118935837246,FAMR_1.75,71.61189358372462,False,752,0,0
fastqc,9078.0,675.0,936.6225839267547,936.6225839267547,FAMR_1.75,261.6225839267547,False,774,0,0
fastqc,9105.0,773.0,1065.0710227272727,1065.0710227272727,FAMR_1.75,292.07102272727275,False,741,0,0
fastqc,9078.0,582.0,996.3641025641025,996.3641025641025,FAMR_1.75,414.3641025641025,False,782,0,0
fastqc,9105.0,695.0,1276.9246031746031,1276.9246031746031,FAMR_1.75,581.9246031746031,False,736,0,0
fastqc,9078.0,696.0,1161.2340425531916,1161.2340425531916,FAMR_1.75,465.23404255319156,False,759,0,0
fastqc,9105.0,769.0,765.6197802197802,1531.2395604395604,FAMR_1.75,762.2395604395604,False,745,740,1
fastqc,9078.0,724.0,975.1397423191278,975.1397423191278,FAMR_1.75,251.13974231912778,False,779,0,0
fastqc,9105.0,725.0,822.4332220367278,822.4332220367278,FAMR_1.75,97.43322203672778,False,744,0,0
fastq-cleaner,10240.0,1683.0,1691.6307692307694,1691.6307692307694,FAMR_1.75,8.630769230769374,False,2149,0,0
fastq-cleaner,10240.0,1683.0,1701.8125537403266,1701.8125537403266,FAMR_1.75,18.81255374032662,False,2230,0,0
fastq-cleaner,10240.0,1684.0,1692.6804123711338,1692.6804123711338,FAMR_1.75,8.680412371133798,False,2207,0,0
fastq-cleaner,10240.0,1684.0,1685.441780821918,1685.441780821918,FAMR_1.75,1.4417808219179733,False,2299,0,0
fastq-cleaner,10240.0,1684.0,1686.8835616438355,1686.8835616438355,FAMR_1.75,2.883561643835492,False,2175,0,0
fastq-cleaner,10240.0,1683.0,1685.8818493150684,1685.8818493150684,FAMR_1.75,2.8818493150683935,False,2192,0,0
fastq-cleaner,10240.0,1684.0,1691.227467811159,1691.227467811159,FAMR_1.75,7.227467811158931,False,2307,0,0
fastq-cleaner,10240.0,1684.0,1698.442538593482,1698.442538593482,FAMR_1.75,14.442538593481913,False,2325,0,0
fastq-cleaner,10240.0,1684.0,1694.144578313253,1694.144578313253,FAMR_1.75,10.144578313253078,False,2316,0,0
fastq-cleaner,10240.0,1683.0,1693.0778443113772,1693.0778443113772,FAMR_1.75,10.077844311377248,False,2296,0,0
fastq-cleaner,10240.0,1684.0,1702.8561584840654,1702.8561584840654,FAMR_1.75,18.856158484065418,False,2181,0,0
fastq-cleaner,10240.0,1683.0,1687.3264781491002,1687.3264781491002,FAMR_1.75,4.3264781491002395,False,2133,0,0
fastq-cleaner,10240.0,1683.0,1688.7440273037544,1688.7440273037544,FAMR_1.75,5.744027303754365,False,2328,0,0
fastq-cleaner,10240.0,1684.0,1692.6285226302305,1692.6285226302305,FAMR_1.75,8.628522630230464,False,2184,0,0
fastq-cleaner,10240.0,1684.0,1688.310580204778,1688.310580204778,FAMR_1.75,4.310580204778034,False,2279,0,0
fastq-cleaner,10240.0,1684.0,1691.227467811159,1691.227467811159,FAMR_1.75,7.227467811158931,False,2298,0,0
fastq-cleaner,10240.0,1684.0,1695.5938037865749,1695.5938037865749,FAMR_1.75,11.593803786574881,False,2298,0,0
fastq-cleaner,10240.0,1684.0,1696.9982847341337,1696.9982847341337,FAMR_1.75,12.998284734133676,False,2273,0,0
fastq-cleaner,10240.0,1683.0,1690.1923076923078,1690.1923076923078,FAMR_1.75,7.19230769230785,False,2250,0,0
fastq-cleaner,10240.0,1684.0,1694.0838323353291,1694.0838323353291,FAMR_1.75,10.083832335329134,False,2199,0,0
fastq-cleaner,10240.0,1683.0,1688.8692240627727,1688.8692240627727,FAMR_1.75,5.869224062772673,False,2221,0,0
fastq-cleaner,10240.0,1683.0,1690.342931937173,1690.342931937173,FAMR_1.75,7.342931937173034,False,2193,0,0
fastq-cleaner,10240.0,1683.0,1684.4409246575342,1684.4409246575342,FAMR_1.75,1.4409246575341967,False,2270,0,0
fastq-cleaner,10240.0,1683.0,1688.7785407725323,1688.7785407725323,FAMR_1.75,5.778540772532324,False,2309,0,0
fastq-cleaner,10240.0,1684.0,1686.8835616438355,1686.8835616438355,FAMR_1.75,2.883561643835492,False,2167,0,0
fastq-cleaner,10240.0,1684.0,1689.777015437393,1689.777015437393,FAMR_1.75,5.777015437392947,False,2158,0,0
fastq-cleaner,10240.0,1683.0,1697.4463519313304,1697.4463519313304,FAMR_1.75,14.446351931330355,False,2197,0,0
fastq-cleaner,10240.0,1683.0,1687.3264781491002,1687.3264781491002,FAMR_1.75,4.3264781491002395,False,2295,0,0
fastq-cleaner,10240.0,1683.0,1687.3980836236933,1687.3980836236933,FAMR_1.75,4.39808362369331,False,2181,0,0
fastq-cleaner,10240.0,1684.0,1689.757264957265,1689.757264957265,FAMR_1.75,5.757264957265079,False,2277,0,0
fastq-cleaner,15360.0,1748.0,1752.4744027303755,1752.4744027303755,FAMR_1.75,4.474402730375459,False,3221,0,0
fastq-cleaner,15360.0,1747.0,1748.495719178082,1748.495719178082,FAMR_1.75,1.4957191780820267,False,3397,0,0
fastq-cleaner,15360.0,1748.0,1758.4670658682635,1758.4670658682635,FAMR_1.75,10.46706586826349,False,3196,0,0
fastq-cleaner,15360.0,1747.0,1749.9914383561643,1749.9914383561643,FAMR_1.75,2.9914383561642808,False,3161,0,0
fastq-cleaner,15360.0,1748.0,1763.0042918454938,1763.0042918454938,FAMR_1.75,15.004291845493753,False,3286,0,0
fastq-cleaner,15360.0,1748.0,1759.9726027397264,1759.9726027397264,FAMR_1.75,11.972602739726426,False,3102,0,0
fastq-cleaner,15360.0,1748.0,1761.5038626609442,1761.5038626609442,FAMR_1.75,13.50386266094415,False,3244,0,0
fastq-cleaner,15360.0,1748.0,1758.530120481928,1758.530120481928,FAMR_1.75,10.530120481927952,False,3093,0,0
fastq-cleaner,15360.0,1747.0,1755.958974358974,1755.958974358974,FAMR_1.75,8.958974358974046,False,3146,0,0
fastq-cleaner,15360.0,1747.0,1754.4594363791632,1754.4594363791632,FAMR_1.75,7.459436379163208,False,3303,0,0
fastq-cleaner,15360.0,1748.0,1766.03611349957,1766.03611349957,FAMR_1.75,18.036113499570092,False,3233,0,0
fastq-cleaner,15360.0,1747.0,1749.9914383561643,1749.9914383561643,FAMR_1.75,2.9914383561642808,False,3381,0,0
fastq-cleaner,15360.0,1748.0,1769.0602409638557,1769.0602409638557,FAMR_1.75,21.060240963855676,False,3400,0,0
fastq-cleaner,15360.0,1747.0,1751.4910025706938,1751.4910025706938,FAMR_1.75,4.491002570693809,False,3139,0,0
fastq-cleaner,15360.0,1748.0,1749.496575342466,1749.496575342466,FAMR_1.75,1.4965753424660306,False,3277,0,0
fastq-cleaner,15360.0,1747.0,1752.962457337884,1752.962457337884,FAMR_1.75,5.962457337883961,False,3207,0,0
fastq-cleaner,15360.0,1748.0,1758.5210662080829,1758.5210662080829,FAMR_1.75,10.521066208082857,False,3240,0,0
fastq-cleaner,15360.0,1748.0,1753.9965694682678,1753.9965694682678,FAMR_1.75,5.996569468267808,False,3193,0,0
fastq-cleaner,15360.0,1748.0,1753.9965694682678,1753.9965694682678,FAMR_1.75,5.996569468267808,False,3288,0,0
fastq-cleaner,15360.0,1748.0,1755.5021459227473,1755.5021459227473,FAMR_1.75,7.5021459227473315,False,3186,0,0
fastq-cleaner,15360.0,1748.0,1752.4935732647814,1752.4935732647814,FAMR_1.75,4.493573264781389,False,3117,0,0
fastq-cleaner,15360.0,1747.0,1752.9675491033304,1752.9675491033304,FAMR_1.75,5.967549103330384,False,3148,0,0
fastq-cleaner,15360.0,1747.0,1756.0051546391749,1756.0051546391749,FAMR_1.75,9.005154639174862,False,3158,0,0
fastq-cleaner,15360.0,1747.0,1749.9914383561643,1749.9914383561643,FAMR_1.75,2.9914383561642808,False,3278,0,0
fastq-cleaner,15360.0,1748.0,1762.991423670669,1762.991423670669,FAMR_1.75,14.991423670669064,False,3208,0,0
fastq-cleaner,15360.0,1748.0,1752.5679442508713,1752.5679442508713,FAMR_1.75,4.567944250871278,False,3400,0,0
fastq-cleaner,15360.0,1747.0,1754.6221640488657,1754.6221640488657,FAMR_1.75,7.62216404886567,False,3155,0,0
fastq-cleaner,15360.0,1748.0,1755.5085910652922,1755.5085910652922,FAMR_1.75,7.508591065292194,False,3183,0,0
fastq-cleaner,15360.0,1747.0,1753.0924149956406,1753.0924149956406,FAMR_1.75,6.092414995640638,False,3297,0,0
fastq-cleaner,15360.0,1748.0,1755.5021459227473,1755.5021459227473,FAMR_1.75,7.5021459227473315,False,3228,0,0
fastq-cleaner,18182.0,1775.0,1790.2099400171378,1790.2099400171378,FAMR_1.75,15.209940017137797,False,3604,0,0
fastq-cleaner,18182.0,1775.0,1781.0580204778157,1781.0580204778157,FAMR_1.75,6.058020477815717,False,3949,0,0
fastq-cleaner,18182.0,1775.0,1782.6245704467356,1782.6245704467356,FAMR_1.75,7.624570446735561,False,3952,0,0
fastq-cleaner,18182.0,1775.0,1788.688946015424,1788.688946015424,FAMR_1.75,13.688946015424108,False,3934,0,0
fastq-cleaner,18182.0,1775.0,1778.0264279624894,1778.0264279624894,FAMR_1.75,3.026427962489379,False,3933,0,0
fastq-cleaner,18182.0,1775.0,1785.6287425149699,1785.6287425149699,FAMR_1.75,10.628742514969872,False,3953,0,0
fastq-cleaner,18182.0,1775.0,1779.6385017421603,1779.6385017421603,FAMR_1.75,4.638501742160315,False,3939,0,0
fastq-cleaner,18182.0,1775.0,1779.5629820051413,1779.5629820051413,FAMR_1.75,4.5629820051412935,False,3948,0,0
fastq-cleaner,18182.0,1775.0,1785.6287425149699,1785.6287425149699,FAMR_1.75,10.628742514969872,False,3945,0,0
fastq-cleaner,18182.0,1775.0,1781.0944206008583,1781.0944206008583,FAMR_1.75,6.094420600858257,False,3960,0,0
fastq-cleaner,18182.0,1775.0,1781.0891938250431,1781.0891938250431,FAMR_1.75,6.089193825043139,False,3931,0,0
fastq-cleaner,18182.0,1775.0,1776.5132139812447,1776.5132139812447,FAMR_1.75,1.5132139812446894,False,3943,0,0
fastq-cleaner,18182.0,1776.0,1782.1935483870968,1782.1935483870968,FAMR_1.75,6.1935483870968255,False,3658,0,0
fastq-cleaner,18182.0,1775.0,1779.5629820051413,1779.5629820051413,FAMR_1.75,4.5629820051412935,False,3624,0,0
fastq-cleaner,18182.0,1775.0,1782.6180257510732,1782.6180257510732,FAMR_1.75,7.618025751073219,False,3740,0,0
fastq-cleaner,18182.0,1775.0,1782.5919589392643,1782.5919589392643,FAMR_1.75,7.591958939264259,False,3757,0,0
fastq-cleaner,18182.0,1775.0,1784.1494845360826,1784.1494845360826,FAMR_1.75,9.149484536082582,False,3759,0,0
fastq-cleaner,18182.0,1775.0,1784.1103507271173,1784.1103507271173,FAMR_1.75,9.110350727117293,False,3730,0,0
fastq-cleaner,18182.0,1775.0,1781.0631938514089,1781.0631938514089,FAMR_1.75,6.063193851408869,False,3736,0,0
fastq-cleaner,18182.0,1775.0,1794.840928632846,1794.840928632846,FAMR_1.75,19.840928632846044,False,3734,0,0
fastq-cleaner,18182.0,1775.0,1796.3855421686746,1796.3855421686746,FAMR_1.75,21.385542168674647,False,3716,0,0
fastq-cleaner,18182.0,1774.0,1778.537084398977,1778.537084398977,FAMR_1.75,4.537084398976958,False,3725,0,0
fastq-cleaner,18182.0,1774.0,1790.7646048109964,1790.7646048109964,FAMR_1.75,16.76460481099639,False,3737,0,0
fastq-cleaner,18182.0,1775.0,1776.5434782608697,1776.5434782608697,FAMR_1.75,1.5434782608697333,False,3751,0,0
fastq-cleaner,18182.0,1774.0,1781.7399650959862,1781.7399650959862,FAMR_1.75,7.739965095986236,False,3760,0,0
fastq-cleaner,18182.0,1775.0,1778.089643167972,1778.089643167972,FAMR_1.75,3.089643167972099,False,3760,0,0
fastq-cleaner,18182.0,1775.0,1782.5725255972695,1782.5725255972695,FAMR_1.75,7.572525597269532,False,3747,0,0
fastq-cleaner,18182.0,1775.0,1778.0393835616437,1778.0393835616437,FAMR_1.75,3.0393835616437173,False,3748,0,0
fastq-cleaner,18182.0,1775.0,1785.6927710843374,1785.6927710843374,FAMR_1.75,10.692771084337437,False,3765,0,0
fastq-cleaner,18182.0,1775.0,1787.1783876500856,1787.1783876500856,FAMR_1.75,12.178387650085597,False,3781,0,0
burrows-wheeler-aligner,10240.0,15243.0,15373.78617092867,15373.78617092867,FAMR_1.75,130.7861709286699,False,4144,0,0
burrows-wheeler-aligner,10240.0,15342.0,15410.76394422311,15410.76394422311,FAMR_1.75,68.76394422311023,False,4152,0,0
burrows-wheeler-aligner,10240.0,15308.0,15352.884183091706,15352.884183091706,FAMR_1.75,44.88418309170629,False,4343,0,0
burrows-wheeler-aligner,10240.0,15395.0,15514.805447470817,15514.805447470817,FAMR_1.75,119.80544747081694,False,4477,0,0
burrows-wheeler-aligner,10240.0,15224.0,15175.902893249087,30351.805786498175,FAMR_1.75,15127.805786498175,False,4079,3642,1
burrows-wheeler-aligner,10240.0,15276.0,16098.688492388277,16098.688492388277,FAMR_1.75,822.6884923882772,False,4430,0,0
burrows-wheeler-aligner,10240.0,15244.0,15254.154204829309,15254.154204829309,FAMR_1.75,10.154204829308583,False,4291,0,0
burrows-wheeler-aligner,10240.0,15395.0,15427.717835540298,15427.717835540298,FAMR_1.75,32.71783554029753,False,4473,0,0
burrows-wheeler-aligner,10240.0,15248.0,15344.271976687713,15344.271976687713,FAMR_1.75,96.2719766877126,False,4444,0,0
burrows-wheeler-aligner,10240.0,15208.0,15264.626841508823,15264.626841508823,FAMR_1.75,56.62684150882342,False,4504,0,0
burrows-wheeler-aligner,10240.0,15137.0,15203.67194127243,15203.67194127243,FAMR_1.75,66.67194127243056,False,4278,0,0
burrows-wheeler-aligner,10240.0,15257.0,15307.121550591326,15307.121550591326,FAMR_1.75,50.12155059132601,False,4508,0,0
burrows-wheeler-aligner,10240.0,15299.0,15344.965948923387,15344.965948923387,FAMR_1.75,45.96594892338726,False,4504,0,0
burrows-wheeler-aligner,10240.0,15240.0,15323.569292123626,15323.569292123626,FAMR_1.75,83.56929212362593,False,4439,0,0
burrows-wheeler-aligner,10240.0,15231.0,15941.664444805721,15941.664444805721,FAMR_1.75,710.6644448057214,False,4510,0,0
burrows-wheeler-aligner,10240.0,15312.0,15529.91984295763,15529.91984295763,FAMR_1.75,217.91984295762995,False,4479,0,0
burrows-wheeler-aligner,10240.0,15182.0,15174.406468822941,30348.812937645882,FAMR_1.75,15166.812937645882,False,4458,3980,1
burrows-wheeler-aligner,10240.0,15247.0,15370.060945478503,15370.060945478503,FAMR_1.75,123.06094547850262,False,4507,0,0
burrows-wheeler-aligner,10240.0,15251.0,15323.17346605744,15323.17346605744,FAMR_1.75,72.17346605744024,False,4370,0,0
burrows-wheeler-aligner,10240.0,15345.0,15407.837837837838,15407.837837837838,FAMR_1.75,62.83783783783838,False,4340,0,0
burrows-wheeler-aligner,10240.0,15226.0,15248.839000000004,15248.839000000004,FAMR_1.75,22.83900000000358,False,4351,0,0
burrows-wheeler-aligner,10240.0,15293.0,16249.601254332398,16249.601254332398,FAMR_1.75,956.6012543323977,False,4109,0,0
burrows-wheeler-aligner,10240.0,15226.0,15306.948994849645,15306.948994849645,FAMR_1.75,80.9489948496448,False,4443,0,0
burrows-wheeler-aligner,10240.0,15361.0,15523.0679195516,15523.0679195516,FAMR_1.75,162.06791955160043,False,4540,0,0
burrows-wheeler-aligner,10240.0,15292.0,15398.883674488266,15398.883674488266,FAMR_1.75,106.88367448826648,False,4486,0,0
burrows-wheeler-aligner,10240.0,15255.0,15318.28825091271,15318.28825091271,FAMR_1.75,63.28825091271028,False,4343,0,0
burrows-wheeler-aligner,10240.0,15244.0,15448.464977645306,15448.464977645306,FAMR_1.75,204.46497764530613,False,4398,0,0
burrows-wheeler-aligner,10240.0,15225.0,15315.266798418972,15315.266798418972,FAMR_1.75,90.26679841897203,False,4529,0,0
burrows-wheeler-aligner,10240.0,15210.0,15351.131369037932,15351.131369037932,FAMR_1.75,141.13136903793202,False,4484,0,0
burrows-wheeler-aligner,10240.0,15335.0,15517.922465208747,15517.922465208747,FAMR_1.75,182.92246520874687,False,4392,0,0
burrows-wheeler-aligner,15360.0,15446.0,16153.565302144249,16153.565302144249,FAMR_1.75,707.5653021442486,False,6374,0,0
burrows-wheeler-aligner,15360.0,15467.0,15555.963845521772,15555.963845521772,FAMR_1.75,88.96384552177187,False,6640,0,0
burrows-wheeler-aligner,15360.0,15409.0,15452.717122830441,15452.717122830441,FAMR_1.75,43.71712283044144,False,6350,0,0
burrows-wheeler-aligner,15360.0,15492.0,15584.720199501247,15584.720199501247,FAMR_1.75,92.72019950124741,False,6622,0,0
burrows-wheeler-aligner,15360.0,15499.0,16344.399999999998,16344.399999999998,FAMR_1.75,845.3999999999978,False,6552,0,0
burrows-wheeler-aligner,15360.0,15352.0,15427.774925962489,15427.774925962489,FAMR_1.75,75.77492596248885,False,6579,0,0
burrows-wheeler-aligner,15360.0,15334.0,15318.981390793339,30637.962781586677,FAMR_1.75,15303.962781586677,False,6610,5901,1
burrows-wheeler-aligner,15360.0,15390.0,15464.11325141149,15464.11325141149,FAMR_1.75,74.11325141149064,False,6198,0,0
burrows-wheeler-aligner,15360.0,15402.0,15460.766755142668,15460.766755142668,FAMR_1.75,58.766755142667535,False,6391,0,0
burrows-wheeler-aligner,15360.0,15394.0,15518.02513696423,15518.02513696423,FAMR_1.75,124.02513696423011,False,6548,0,0
burrows-wheeler-aligner,15360.0,15445.0,15634.93851132686,15634.93851132686,FAMR_1.75,189.93851132685995,False,6288,0,0
burrows-wheeler-aligner,15360.0,15342.0,15392.400788436267,15392.400788436267,FAMR_1.75,50.40078843626725,False,6479,0,0
burrows-wheeler-aligner,15360.0,15353.0,15566.521950402144,15566.521950402144,FAMR_1.75,213.52195040214428,False,6378,0,0
burrows-wheeler-aligner,15360.0,15422.0,15538.636974789915,15538.636974789915,FAMR_1.75,116.63697478991526,False,6506,0,0
burrows-wheeler-aligner,15360.0,15510.0,15621.006990679096,15621.006990679096,FAMR_1.75,111.0069906790959,False,6492,0,0
burrows-wheeler-aligner,15360.0,15421.0,15590.461538461537,15590.461538461537,FAMR_1.75,169.4615384615372,False,6270,0,0
burrows-wheeler-aligner,15360.0,15429.0,15436.706793206793,15436.706793206793,FAMR_1.75,7.706793206793009,False,6639,0,0
burrows-wheeler-aligner,15360.0,15387.0,15379.303934644882,30758.607869289764,FAMR_1.75,15371.607869289764,False,6534,5834,1
burrows-wheeler-aligner,15360.0,15397.0,15552.120896977573,15552.120896977573,FAMR_1.75,155.12089697757256,False,6647,0,0
burrows-wheeler-aligner,15360.0,15377.0,15514.629780309197,15514.629780309197,FAMR_1.75,137.62978030919658,False,6080,0,0
burrows-wheeler-aligner,15360.0,15513.0,15541.252152317878,15541.252152317878,FAMR_1.75,28.252152317878426,False,6163,0,0
burrows-wheeler-aligner,15360.0,15439.0,15507.302965754547,15507.302965754547,FAMR_1.75,68.30296575454668,False,6594,0,0
burrows-wheeler-aligner,15360.0,15433.0,15497.823586429726,15497.823586429726,FAMR_1.75,64.82358642972576,False,6194,0,0
burrows-wheeler-aligner,15360.0,15432.0,15504.521147301897,15504.521147301897,FAMR_1.75,72.52114730189714,False,6649,0,0
burrows-wheeler-aligner,15360.0,15359.0,15488.322932144625,15488.322932144625,FAMR_1.75,129.32293214462516,False,6698,0,0
burrows-wheeler-aligner,15360.0,15353.0,15400.072293045023,15400.072293045023,FAMR_1.75,47.07229304502289,False,6761,0,0
burrows-wheeler-aligner,15360.0,15442.0,15504.956621004565,15504.956621004565,FAMR_1.75,62.95662100456502,False,6428,0,0
burrows-wheeler-aligner,15360.0,15436.0,15531.85968445787,15531.85968445787,FAMR_1.75,95.85968445786966,False,6560,0,0
burrows-wheeler-aligner,15360.0,15370.0,15402.664704920713,15402.664704920713,FAMR_1.75,32.66470492071312,False,6726,0,0
burrows-wheeler-aligner,15360.0,15449.0,16297.011633622806,16297.011633622806,FAMR_1.75,848.0116336228057,False,6561,0,0
burrows-wheeler-aligner,18182.0,15472.0,15504.881477848616,15504.881477848616,FAMR_1.75,32.88147784861576,False,7274,0,0
burrows-wheeler-aligner,18182.0,15500.0,15497.467734030388,30994.935468060776,FAMR_1.75,15494.935468060776,False,7987,7131,1
burrows-wheeler-aligner,18182.0,15371.0,15435.563166397416,15435.563166397416,FAMR_1.75,64.56316639741635,False,7899,0,0
burrows-wheeler-aligner,18182.0,15459.0,16377.331248971532,16377.331248971532,FAMR_1.75,918.3312489715317,False,7857,0,0
burrows-wheeler-aligner,18182.0,15457.0,15408.166777519122,30816.333555038244,FAMR_1.75,15359.333555038244,False,7950,7098,1
burrows-wheeler-aligner,18182.0,15413.0,15580.941291266874,15580.941291266874,FAMR_1.75,167.94129126687403,False,7856,0,0
burrows-wheeler-aligner,18182.0,15567.0,15665.377847996007,15665.377847996007,FAMR_1.75,98.3778479960074,False,7759,0,0
burrows-wheeler-aligner,18182.0,15427.0,15496.144920318724,15496.144920318724,FAMR_1.75,69.14492031872396,False,7821,0,0
burrows-wheeler-aligner,18182.0,15444.0,15485.232104121476,15485.232104121476,FAMR_1.75,41.23210412147637,False,7875,0,0
burrows-wheeler-aligner,18182.0,15431.0,15654.748228703247,15654.748228703247,FAMR_1.75,223.74822870324715,False,8143,0,0
burrows-wheeler-aligner,18182.0,15496.0,15547.387829547339,15547.387829547339,FAMR_1.75,51.3878295473387,False,8189,0,0
burrows-wheeler-aligner,18182.0,15538.0,15623.203389830507,15623.203389830507,FAMR_1.75,85.20338983050715,False,7772,0,0
burrows-wheeler-aligner,18182.0,15485.0,15623.596419853542,15623.596419853542,FAMR_1.75,138.5964198535421,False,7610,0,0
burrows-wheeler-aligner,18182.0,15443.0,15565.079051383398,15565.079051383398,FAMR_1.75,122.07905138339811,False,7669,0,0
burrows-wheeler-aligner,18182.0,15510.0,15600.234375,15600.234375,FAMR_1.75,90.234375,False,7906,0,0
burrows-wheeler-aligner,18182.0,15500.0,16334.752005238173,16334.752005238173,FAMR_1.75,834.7520052381733,False,7903,0,0
burrows-wheeler-aligner,18182.0,15492.0,15556.271490209094,15556.271490209094,FAMR_1.75,64.27149020909383,False,7706,0,0
burrows-wheeler-aligner,18182.0,15448.0,15516.342782238245,15516.342782238245,FAMR_1.75,68.34278223824549,False,7818,0,0
burrows-wheeler-aligner,18182.0,15385.0,15395.248126561199,15395.248126561199,FAMR_1.75,10.24812656119866,False,7672,0,0
burrows-wheeler-aligner,18182.0,15412.0,15491.36411960133,15491.36411960133,FAMR_1.75,79.36411960133046,False,7752,0,0
burrows-wheeler-aligner,18182.0,15533.0,15580.62417298693,15580.62417298693,FAMR_1.75,47.624172986930716,False,7892,0,0
burrows-wheeler-aligner,18182.0,15516.0,15634.212352082995,15634.212352082995,FAMR_1.75,118.2123520829955,False,7815,0,0
burrows-wheeler-aligner,18182.0,15442.0,15539.496843127734,15539.496843127734,FAMR_1.75,97.49684312773388,False,7638,0,0
burrows-wheeler-aligner,18182.0,15451.0,15647.531548117155,15647.531548117155,FAMR_1.75,196.53154811715467,False,7683,0,0
burrows-wheeler-aligner,18182.0,15494.0,15519.316993464052,15519.316993464052,FAMR_1.75,25.316993464051848,False,7704,0,0
burrows-wheeler-aligner,18182.0,15423.0,15479.278984906286,15479.278984906286,FAMR_1.75,56.278984906286496,False,7855,0,0
burrows-wheeler-aligner,18182.0,15436.0,15591.513812154695,15591.513812154695,FAMR_1.75,155.5138121546952,False,7708,0,0
burrows-wheeler-aligner,18182.0,15384.0,15513.53343239227,15513.53343239227,FAMR_1.75,129.5334323922707,False,7894,0,0
burrows-wheeler-aligner,18182.0,15482.0,15722.285900996569,15722.285900996569,FAMR_1.75,240.28590099656867,False,7739,0,0
burrows-wheeler-aligner,18182.0,15490.0,15564.59481899701,15564.59481899701,FAMR_1.75,74.5948189970095,False,7568,0,0
picard-markduplicate,10240.0,57210.0,68881.20721578586,68881.20721578586,FAMR_1.75,11671.207215785864,False,5618,0,0
picard-markduplicate,10240.0,43045.0,54255.958665792255,54255.958665792255,FAMR_1.75,11210.958665792255,False,5593,0,0
picard-markduplicate,10240.0,50035.0,63902.72588154551,63902.72588154551,FAMR_1.75,13867.725881545513,False,5588,0,0
picard-markduplicate,10240.0,55042.0,62998.84183919115,62998.84183919115,FAMR_1.75,7956.841839191147,False,5516,0,0
picard-markduplicate,10240.0,60015.0,71033.43726661688,71033.43726661688,FAMR_1.75,11018.437266616878,False,5554,0,0
picard-markduplicate,10240.0,59382.0,62788.34201174484,62788.34201174484,FAMR_1.75,3406.3420117448404,False,5036,0,0
picard-markduplicate,10240.0,45435.0,42363.64217164793,84727.28434329586,FAMR_1.75,39292.28434329586,False,6357,3754,1
picard-markduplicate,10240.0,58006.0,64283.950468018724,64283.950468018724,FAMR_1.75,6277.950468018724,False,5887,0,0
picard-markduplicate,10240.0,52401.0,64236.63719480945,64236.63719480945,FAMR_1.75,11835.637194809453,False,6227,0,0
picard-markduplicate,10240.0,54090.0,62685.20308733781,62685.20308733781,FAMR_1.75,8595.20308733781,False,6705,0,0
picard-markduplicate,10240.0,56875.0,66943.30794942139,66943.30794942139,FAMR_1.75,10068.307949421389,False,6180,0,0
picard-markduplicate,10240.0,55649.0,70337.40014979357,70337.40014979357,FAMR_1.75,14688.400149793568,False,5446,0,0
picard-markduplicate,10240.0,47479.0,54849.69926650367,54849.69926650367,FAMR_1.75,7370.699266503667,False,6416,0,0
picard-markduplicate,10240.0,53733.0,65453.69346665948,65453.69346665948,FAMR_1.75,11720.693466659483,False,6282,0,0
picard-markduplicate,10240.0,56872.0,61547.51627715008,61547.51627715008,FAMR_1.75,4675.516277150084,False,8592,0,0
picard-markduplicate,10240.0,57557.0,63022.15432991045,63022.15432991045,FAMR_1.75,5465.154329910452,False,5917,0,0
picard-markduplicate,10240.0,41859.0,50237.35280777104,50237.35280777104,FAMR_1.75,8378.352807771043,False,5747,0,0
picard-markduplicate,10240.0,57840.0,59827.9425035134,59827.9425035134,FAMR_1.75,1987.9425035133972,False,5926,0,0
picard-markduplicate,10240.0,57338.0,69474.52994536285,69474.52994536285,FAMR_1.75,12136.529945362854,False,8649,0,0
picard-markduplicate,10240.0,57639.0,63348.272191400836,63348.272191400836,FAMR_1.75,5709.272191400836,False,6005,0,0
picard-markduplicate,10240.0,58504.0,87722.59557273367,87722.59557273367,FAMR_1.75,29218.59557273367,False,5575,0,0
picard-markduplicate,10240.0,60182.0,78322.14202547914,78322.14202547914,FAMR_1.75,18140.142025479145,False,5456,0,0
picard-markduplicate,10240.0,49573.0,77601.9330995475,77601.9330995475,FAMR_1.75,28028.933099547503,False,6522,0,0
picard-markduplicate,10240.0,53844.0,62529.576746931554,62529.576746931554,FAMR_1.75,8685.576746931554,False,5879,0,0
picard-markduplicate,10240.0,47554.0,53445.47857657971,53445.47857657971,FAMR_1.75,5891.478576579713,False,5607,0,0
picard-markduplicate,10240.0,56624.0,63824.25558642349,63824.25558642349,FAMR_1.75,7200.255586423489,False,5575,0,0
picard-markduplicate,10240.0,57470.0,60986.56108384795,60986.56108384795,FAMR_1.75,3516.561083847948,False,6008,0,0
picard-markduplicate,10240.0,56070.0,78405.43284070714,78405.43284070714,FAMR_1.75,22335.432840707144,False,6417,0,0
picard-markduplicate,10240.0,46646.0,54650.94345611286,54650.94345611286,FAMR_1.75,8004.943456112858,False,5435,0,0
picard-markduplicate,10240.0,37774.0,42205.09097651422,42205.09097651422,FAMR_1.75,4431.0909765142205,False,6328,0,0
picard-markduplicate,15360.0,55697.0,57933.85304948217,57933.85304948217,FAMR_1.75,2236.853049482168,False,7495,0,0
picard-markduplicate,15360.0,55684.0,72468.34861830415,72468.34861830415,FAMR_1.75,16784.348618304153,False,11357,0,0
picard-markduplicate,15360.0,58083.0,68210.82461067144,68210.82461067144,FAMR_1.75,10127.824610671436,False,7771,0,0
picard-markduplicate,15360.0,51141.0,68592.93828040562,68592.93828040562,FAMR_1.75,17451.938280405622,False,8121,0,0
picard-markduplicate,15360.0,55735.0,87287.46910366681,87287.46910366681,FAMR_1.75,31552.46910366681,False,7986,0,0
picard-markduplicate,15360.0,54584.0,66403.01487603305,66403.01487603305,FAMR_1.75,11819.014876033048,False,8252,0,0
picard-markduplicate,15360.0,55232.0,64609.12300469483,64609.12300469483,FAMR_1.75,9377.123004694833,False,8018,0,0
picard-markduplicate,15360.0,55800.0,66047.46936917321,66047.46936917321,FAMR_1.75,10247.46936917321,False,7762,0,0
picard-markduplicate,15360.0,45400.0,47301.89751581264,47301.89751581264,FAMR_1.75,1901.8975158126414,False,8021,0,0
picard-markduplicate,15360.0,60968.0,71696.49765658287,71696.49765658287,FAMR_1.75,10728.49765658287,False,8165,0,0
picard-markduplicate,15360.0,49965.0,55614.91191531134,55614.91191531134,FAMR_1.75,5649.911915311342,False,7735,0,0
picard-markduplicate,15360.0,59404.0,75811.97734985982,75811.97734985982,FAMR_1.75,16407.977349859822,False,8210,0,0
picard-markduplicate,15360.0,38431.0,41321.23223914483,41321.23223914483,FAMR_1.75,2890.2322391448324,False,8388,0,0
picard-markduplicate,15360.0,33206.0,39774.16861629677,39774.16861629677,FAMR_1.75,6568.168616296767,False,7697,0,0
picard-markduplicate,15360.0,46959.0,46923.20893176134,93846.41786352269,FAMR_1.75,46887.417863522685,False,7947,4694,1
picard-markduplicate,15360.0,55513.0,66838.00832319383,66838.00832319383,FAMR_1.75,11325.008323193833,False,7866,0,0
picard-markduplicate,15360.0,59873.0,74544.35909090909,74544.35909090909,FAMR_1.75,14671.359090909085,False,9411,0,0
picard-markduplicate,15360.0,45874.0,53093.57151843,53093.57151843,FAMR_1.75,7219.571518429999,False,7662,0,0
picard-markduplicate,15360.0,56636.0,84406.35631029816,84406.35631029816,FAMR_1.75,27770.356310298157,False,8473,0,0
picard-markduplicate,15360.0,53626.0,59287.24962213696,59287.24962213696,FAMR_1.75,5661.249622136958,False,7712,0,0
picard-markduplicate,15360.0,41171.0,44567.1563555364,44567.1563555364,FAMR_1.75,3396.1563555363973,False,8062,0,0
picard-markduplicate,15360.0,54633.0,69326.31678953189,69326.31678953189,FAMR_1.75,14693.316789531891,False,7976,0,0
picard-markduplicate,15360.0,53668.0,59101.71770573566,59101.71770573566,FAMR_1.75,5433.71770573566,False,8153,0,0
picard-markduplicate,15360.0,60484.0,67964.3863150706,67964.3863150706,FAMR_1.75,7480.386315070602,False,9423,0,0
picard-markduplicate,15360.0,61305.0,65214.25999875211,65214.25999875211,FAMR_1.75,3909.25999875211,False,8037,0,0
picard-markduplicate,15360.0,49393.0,55519.175020716495,55519.175020716495,FAMR_1.75,6126.175020716495,False,8290,0,0
picard-markduplicate,15360.0,59074.0,72303.56855785607,72303.56855785607,FAMR_1.75,13229.568557856066,False,7972,0,0
picard-markduplicate,15360.0,57401.0,65006.46810865386,65006.46810865386,FAMR_1.75,7605.468108653862,False,9410,0,0
picard-markduplicate,15360.0,61496.0,75529.77253927398,75529.77253927398,FAMR_1.75,14033.772539273981,False,11880,0,0
picard-markduplicate,15360.0,50712.0,58599.707266819874,58599.707266819874,FAMR_1.75,7887.707266819874,False,8168,0,0
picard-markduplicate,18182.0,56244.0,52441.965231697286,104883.93046339457,FAMR_1.75,48639.93046339457,False,8935,5277,1
picard-markduplicate,18182.0,57401.0,66556.47275386116,66556.47275386116,FAMR_1.75,9155.472753861162,False,9820,0,0
picard-markduplicate,18182.0,46456.0,48321.72428078251,48321.72428078251,FAMR_1.75,1865.7242807825096,False,9607,0,0
picard-markduplicate,18182.0,46867.0,59037.5519310635,59037.5519310635,FAMR_1.75,12170.551931063499,False,10126,0,0
picard-markduplicate,18182.0,55020.0,58382.79387099524,58382.79387099524,FAMR_1.75,3362.793870995243,False,10435,0,0
picard-markduplicate,18182.0,57267.0,64090.6481378437,64090.6481378437,FAMR_1.75,6823.648137843702,False,9779,0,0
picard-markduplicate,18182.0,42432.0,51088.400359731255,51088.400359731255,FAMR_1.75,8656.400359731255,False,10584,0,0
picard-markduplicate,18182.0,42963.0,55285.97613351774,55285.97613351774,FAMR_1.75,12322.976133517739,False,9220,0,0
picard-markduplicate,18182.0,60897.0,66262.20276468205,66262.20276468205,FAMR_1.75,5365.20276468205,False,10882,0,0
picard-markduplicate,18182.0,42992.0,51304.87720511934,51304.87720511934,FAMR_1.75,8312.877205119337,False,9428,0,0
picard-markduplicate,18182.0,47118.0,53146.783190837225,53146.783190837225,FAMR_1.75,6028.7831908372245,False,13560,0,0
picard-markduplicate,18182.0,58667.0,64709.09249542404,64709.09249542404,FAMR_1.75,6042.09249542404,False,10571,0,0
picard-markduplicate,18182.0,46772.0,70131.29427266339,70131.29427266339,FAMR_1.75,23359.294272663392,False,8541,0,0
picard-markduplicate,18182.0,56244.0,61596.0860547504,61596.0860547504,FAMR_1.75,5352.086054750398,False,9030,0,0
picard-markduplicate,18182.0,56244.0,60320.058375453824,60320.058375453824,FAMR_1.75,4076.058375453824,False,9528,0,0
picard-markduplicate,18182.0,52806.0,58956.40720246463,58956.40720246463,FAMR_1.75,6150.40720246463,False,9147,0,0
picard-markduplicate,18182.0,43444.0,52620.20763922973,52620.20763922973,FAMR_1.75,9176.207639229731,False,8935,0,0
picard-markduplicate,18182.0,55412.0,59385.854108481544,59385.854108481544,FAMR_1.75,3973.8541084815442,False,9566,0,0
picard-markduplicate,18182.0,45364.0,57893.98930205104,57893.98930205104,FAMR_1.75,12529.989302051043,False,9170,0,0
picard-markduplicate,18182.0,55124.0,64390.33099242918,64390.33099242918,FAMR_1.75,9266.330992429183,False,9331,0,0
picard-markduplicate,18182.0,55124.0,63545.61630136174,63545.61630136174,FAMR_1.75,8421.61630136174,False,10390,0,0
picard-markduplicate,18182.0,42132.0,58817.164448261065,58817.164448261065,FAMR_1.75,16685.164448261065,False,8871,0,0
picard-markduplicate,18182.0,52980.0,64946.41397265329,64946.41397265329,FAMR_1.75,11966.413972653289,False,8995,0,0
picard-markduplicate,18182.0,58040.0,68120.54431661777,68120.54431661777,FAMR_1.75,10080.544316617772,False,9478,0,0
picard-markduplicate,18182.0,60148.0,94713.25143377332,94713.25143377332,FAMR_1.75,34565.251433773316,False,9458,0,0
picard-markduplicate,18182.0,48084.0,61118.398897767984,61118.398897767984,FAMR_1.75,13034.398897767984,False,13748,0,0
picard-markduplicate,18182.0,56308.0,68881.08257636835,68881.08257636835,FAMR_1.75,12573.082576368353,False,13422,0,0
picard-markduplicate,18182.0,51051.0,60034.40988495953,60034.40988495953,FAMR_1.75,8983.409884959532,False,9421,0,0
picard-markduplicate,18182.0,55444.0,66020.41106983344,66020.41106983344,FAMR_1.75,10576.41106983344,False,10687,0,0
picard-markduplicate,18182.0,56308.0,63332.158820375334,63332.158820375334,FAMR_1.75,7024.1588203753345,False,10324,0,0
samtools-sort-markduplicate,10240.0,20473.0,24271.797062350124,24271.797062350124,FAMR_1.75,3798.797062350124,False,1250,0,0
samtools-sort-markduplicate,10240.0,20392.0,20668.240728403285,20668.240728403285,FAMR_1.75,276.2407284032852,False,1213,0,0
samtools-sort-markduplicate,10240.0,20423.0,27788.270327032704,27788.270327032704,FAMR_1.75,7365.270327032704,False,1255,0,0
samtools-sort-markduplicate,10240.0,20498.0,20957.39040788884,20957.39040788884,FAMR_1.75,459.39040788884085,False,1676,0,0
samtools-sort-markduplicate,10240.0,20433.0,20466.621989528798,20466.621989528798,FAMR_1.75,33.62198952879771,False,1214,0,0
samtools-sort-markduplicate,10240.0,20387.0,20709.63690653927,20709.63690653927,FAMR_1.75,322.63690653926824,False,1256,0,0
samtools-sort-markduplicate,10240.0,20478.0,27804.709580838327,27804.709580838327,FAMR_1.75,7326.709580838327,False,1692,0,0
samtools-sort-markduplicate,10240.0,20489.0,28223.014379868186,28223.014379868186,FAMR_1.75,7734.014379868186,False,1539,0,0
samtools-sort-markduplicate,10240.0,20499.0,20511.269340116716,20511.269340116716,FAMR_1.75,12.269340116716194,False,1510,0,0
samtools-sort-markduplicate,10240.0,20508.0,20689.40645731977,20689.40645731977,FAMR_1.75,181.40645731976838,False,1910,0,0
samtools-sort-markduplicate,10240.0,20445.0,20490.957590289225,20490.957590289225,FAMR_1.75,45.957590289224754,False,1731,0,0
samtools-sort-markduplicate,10240.0,20501.0,20516.34046692607,20516.34046692607,FAMR_1.75,15.340466926070803,False,1413,0,0
samtools-sort-markduplicate,10240.0,20461.0,20589.685534591194,20589.685534591194,FAMR_1.75,128.68553459119357,False,1497,0,0
samtools-sort-markduplicate,10240.0,20433.0,20534.27500750976,20534.27500750976,FAMR_1.75,101.27500750976105,False,1249,0,0
samtools-sort-markduplicate,10240.0,20412.0,20436.449169037285,20436.449169037285,FAMR_1.75,24.449169037285174,False,1585,0,0
samtools-sort-markduplicate,10240.0,20467.0,20522.167115902965,20522.167115902965,FAMR_1.75,55.167115902964724,False,1352,0,0
samtools-sort-markduplicate,10240.0,20400.0,20415.255758300926,20415.255758300926,FAMR_1.75,15.255758300925663,False,1811,0,0
samtools-sort-markduplicate,10240.0,20419.0,24178.785928143712,24178.785928143712,FAMR_1.75,3759.785928143712,False,1739,0,0
samtools-sort-markduplicate,10240.0,20454.0,26713.616110196133,26713.616110196133,FAMR_1.75,6259.616110196133,False,1656,0,0
samtools-sort-markduplicate,10240.0,20542.0,20588.15488316357,20588.15488316357,FAMR_1.75,46.15488316357005,False,1538,0,0
samtools-sort-markduplicate,10240.0,20491.0,20663.11715296198,20663.11715296198,FAMR_1.75,172.11715296197872,False,1557,0,0
samtools-sort-markduplicate,10240.0,20515.0,21088.199639477243,21088.199639477243,FAMR_1.75,573.1996394772432,False,1166,0,0
samtools-sort-markduplicate,10240.0,20415.0,20632.084625609215,20632.084625609215,FAMR_1.75,217.08462560921544,False,1420,0,0
samtools-sort-markduplicate,10240.0,20504.0,20564.448113207545,20564.448113207545,FAMR_1.75,60.44811320754525,False,1225,0,0
samtools-sort-markduplicate,10240.0,20425.0,27741.052710392334,27741.052710392334,FAMR_1.75,7316.052710392334,False,1283,0,0
samtools-sort-markduplicate,10240.0,20447.0,20483.709156193894,20483.709156193894,FAMR_1.75,36.70915619389416,False,1273,0,0
samtools-sort-markduplicate,10240.0,20449.0,20897.925179211466,20897.925179211466,FAMR_1.75,448.92517921146646,False,1052,0,0
samtools-sort-markduplicate,10240.0,20470.0,26730.510479041917,26730.510479041917,FAMR_1.75,6260.510479041917,False,1811,0,0
samtools-sort-markduplicate,10240.0,20511.0,24276.82328295676,24276.82328295676,FAMR_1.75,3765.8232829567605,False,1361,0,0
samtools-sort-markduplicate,10240.0,20493.0,28228.524266027565,28228.524266027565,FAMR_1.75,7735.524266027565,False,1415,0,0
samtools-sort-markduplicate,15360.0,20468.0,59544.64141228393,59544.64141228393,FAMR_1.75,39076.64141228393,False,1820,0,0
samtools-sort-markduplicate,15360.0,20487.0,20541.34217506631,20541.34217506631,FAMR_1.75,54.34217506631103,False,2338,0,0
samtools-sort-markduplicate,15360.0,20506.0,20779.17051509769,20779.17051509769,FAMR_1.75,273.1705150976886,False,2035,0,0
samtools-sort-markduplicate,15360.0,20467.0,24235.624251497007,24235.624251497007,FAMR_1.75,3768.624251497007,False,2034,0,0
samtools-sort-markduplicate,15360.0,20483.0,26739.480544747083,26739.480544747083,FAMR_1.75,6256.480544747083,False,1880,0,0
samtools-sort-markduplicate,15360.0,20418.0,20866.24462365591,20866.24462365591,FAMR_1.75,448.2446236559117,False,2076,0,0
samtools-sort-markduplicate,15360.0,20447.0,27762.61826347305,27762.61826347305,FAMR_1.75,7315.61826347305,False,2053,0,0
samtools-sort-markduplicate,15360.0,20471.0,24233.105357677345,24233.105357677345,FAMR_1.75,3762.1053576773447,False,1821,0,0
samtools-sort-markduplicate,15360.0,20430.0,27747.843665768192,27747.843665768192,FAMR_1.75,7317.843665768192,False,1883,0,0
samtools-sort-markduplicate,15360.0,20467.0,20693.806294326245,20693.806294326245,FAMR_1.75,226.80629432624482,False,2013,0,0
samtools-sort-markduplicate,15360.0,20407.0,20582.45300919063,20582.45300919063,FAMR_1.75,175.45300919063084,False,1791,0,0
samtools-sort-markduplicate,15360.0,20465.0,26703.99326851159,26703.99326851159,FAMR_1.75,6238.993268511589,False,2378,0,0
samtools-sort-markduplicate,15360.0,20453.0,20581.635220125783,20581.635220125783,FAMR_1.75,128.63522012578323,False,2091,0,0
samtools-sort-markduplicate,15360.0,20445.0,21402.039926571826,21402.039926571826,FAMR_1.75,957.0399265718261,False,1832,0,0
samtools-sort-markduplicate,15360.0,20456.0,28173.337726523892,28173.337726523892,FAMR_1.75,7717.337726523892,False,2204,0,0
samtools-sort-markduplicate,15360.0,20497.0,20956.367996414163,20956.367996414163,FAMR_1.75,459.3679964141629,False,1806,0,0
samtools-sort-markduplicate,15360.0,20401.0,20446.85868424996,20446.85868424996,FAMR_1.75,45.85868424996079,False,2017,0,0
samtools-sort-markduplicate,15360.0,20499.0,26792.44486065328,26792.44486065328,FAMR_1.75,6293.444860653279,False,1731,0,0
samtools-sort-markduplicate,15360.0,20419.0,20431.2214574293,20431.2214574293,FAMR_1.75,12.221457429299335,False,1913,0,0
samtools-sort-markduplicate,15360.0,20421.0,20454.60224382947,20454.60224382947,FAMR_1.75,33.60224382947126,False,1804,0,0
samtools-sort-markduplicate,15360.0,20472.0,20499.586165593653,20499.586165593653,FAMR_1.75,27.586165593653277,False,1818,0,0
samtools-sort-markduplicate,15360.0,20400.0,20436.624775583485,20436.624775583485,FAMR_1.75,36.624775583484734,False,1693,0,0
samtools-sort-markduplicate,15360.0,20433.0,20500.35480970932,20500.35480970932,FAMR_1.75,67.35480970931894,False,1730,0,0
samtools-sort-markduplicate,15360.0,20467.0,20513.007043308855,20513.007043308855,FAMR_1.75,46.00704330885492,False,1977,0,0
samtools-sort-markduplicate,15360.0,20411.0,20724.31679644049,20724.31679644049,FAMR_1.75,313.31679644048927,False,2071,0,0
samtools-sort-markduplicate,15360.0,20486.0,20507.454518252543,20507.454518252543,FAMR_1.75,21.454518252543494,False,2329,0,0
samtools-sort-markduplicate,15360.0,20437.0,28117.691801316574,28117.691801316574,FAMR_1.75,7680.691801316574,False,1763,0,0
samtools-sort-markduplicate,15360.0,20498.0,20679.237842617153,20679.237842617153,FAMR_1.75,181.23784261715264,False,2073,0,0
samtools-sort-markduplicate,15360.0,20486.0,20587.461503827104,20587.461503827104,FAMR_1.75,101.46150382710402,False,2139,0,0
samtools-sort-markduplicate,15360.0,20415.0,20427.219063294928,20427.219063294928,FAMR_1.75,12.219063294927764,False,2157,0,0
samtools-sort-markduplicate,18182.0,20468.0,20768.46441281139,20768.46441281139,FAMR_1.75,300.4644128113905,False,2013,0,0
samtools-sort-markduplicate,18182.0,20480.0,20985.910338517842,20985.910338517842,FAMR_1.75,505.9103385178423,False,2526,0,0
samtools-sort-markduplicate,18182.0,20500.0,20681.335692171608,20681.335692171608,FAMR_1.75,181.33569217160766,False,2808,0,0
samtools-sort-markduplicate,18182.0,20444.0,20808.908522980815,20808.908522980815,FAMR_1.75,364.9085229808152,False,2718,0,0
samtools-sort-markduplicate,18182.0,20439.0,20460.418113772455,20460.418113772455,FAMR_1.75,21.4181137724554,False,2472,0,0
samtools-sort-markduplicate,18182.0,20454.0,21172.347504621073,21172.347504621073,FAMR_1.75,718.3475046210733,False,2390,0,0
samtools-sort-markduplicate,18182.0,20430.0,27739.535928143712,27739.535928143712,FAMR_1.75,7309.535928143712,False,2940,0,0
samtools-sort-markduplicate,18182.0,20496.0,20529.766062602965,20529.766062602965,FAMR_1.75,33.766062602964666,False,3152,0,0
samtools-sort-markduplicate,18182.0,20512.0,20657.73357015986,20657.73357015986,FAMR_1.75,145.7335701598604,False,2257,0,0
samtools-sort-markduplicate,18182.0,20425.0,20480.053908355792,20480.053908355792,FAMR_1.75,55.05390835579237,False,2468,0,0
samtools-sort-markduplicate,18182.0,20444.0,28131.53134819692,28131.53134819692,FAMR_1.75,7687.531348196921,False,2391,0,0
samtools-sort-markduplicate,18182.0,20468.0,20569.44848302794,20569.44848302794,FAMR_1.75,101.4484830279398,False,2463,0,0
samtools-sort-markduplicate,18182.0,20516.0,26790.57904191616,26790.57904191616,FAMR_1.75,6274.57904191616,False,2207,0,0
samtools-sort-markduplicate,18182.0,20468.0,24265.869304556356,24265.869304556356,FAMR_1.75,3797.869304556356,False,2134,0,0
samtools-sort-markduplicate,18182.0,20476.0,20522.027274089614,20522.027274089614,FAMR_1.75,46.027274089614366,False,2088,0,0
samtools-sort-markduplicate,18182.0,20482.0,63632.5918918919,63632.5918918919,FAMR_1.75,43150.5918918919,False,1989,0,0
samtools-sort-markduplicate,18182.0,20466.0,20481.311985635195,20481.311985635195,FAMR_1.75,15.311985635195015,False,2362,0,0
samtools-sort-markduplicate,18182.0,20448.0,26705.77990717173,26705.77990717173,FAMR_1.75,6257.779907171731,False,2562,0,0
samtools-sort-markduplicate,18182.0,20425.0,28122.218895044163,28122.218895044163,FAMR_1.75,7697.218895044163,False,2327,0,0
samtools-sort-markduplicate,18182.0,20492.0,24265.22754491018,24265.22754491018,FAMR_1.75,3773.22754491018,False,2380,0,0
samtools-sort-markduplicate,18182.0,20449.0,20479.62144354597,20479.62144354597,FAMR_1.75,30.62144354596967,False,2350,0,0
samtools-sort-markduplicate,18182.0,20486.0,20304.70796460177,40609.41592920354,FAMR_1.75,20123.41592920354,False,2345,682,1
samtools-sort-markduplicate,18182.0,20501.0,24261.35697187313,24261.35697187313,FAMR_1.75,3760.3569718731305,False,1914,0,0
samtools-sort-markduplicate,18182.0,20431.0,20606.659353691073,20606.659353691073,FAMR_1.75,175.6593536910732,False,2414,0,0
samtools-sort-markduplicate,18182.0,20484.0,20756.998667259,20756.998667259,FAMR_1.75,272.99866725899847,False,2704,0,0
samtools-sort-markduplicate,18182.0,20476.0,20491.321759952112,20491.321759952112,FAMR_1.75,15.321759952112188,False,2991,0,0
samtools-sort-markduplicate,18182.0,20468.0,20517.083932853715,20517.083932853715,FAMR_1.75,49.08393285371494,False,2019,0,0
samtools-sort-markduplicate,18182.0,20382.0,27715.85307346327,27715.85307346327,FAMR_1.75,7333.8530734632695,False,2703,0,0
samtools-sort-markduplicate,18182.0,20483.0,20544.36309167166,20544.36309167166,FAMR_1.75,61.363091671661095,False,2477,0,0
samtools-sort-markduplicate,18182.0,20429.0,20646.23349579087,20646.23349579087,FAMR_1.75,217.23349579087153,False,2301,0,0
samtools-index-markduplicate,10240.0,34.0,49.86666666666666,49.86666666666666,FAMR_1.75,15.86666666666666,False,123,0,0
samtools-index-markduplicate,10240.0,34.0,43.44444444444444,43.44444444444444,FAMR_1.75,9.444444444444443,False,100,0,0
samtools-index-markduplicate,10240.0,34.0,41.555555555555564,41.555555555555564,FAMR_1.75,7.555555555555564,False,108,0,0
samtools-index-markduplicate,10240.0,34.0,55.63636363636365,55.63636363636365,FAMR_1.75,21.636363636363647,False,394,0,0
samtools-index-markduplicate,10240.0,34.0,106.85714285714288,106.85714285714288,FAMR_1.75,72.85714285714288,False,141,0,0
samtools-index-markduplicate,10240.0,34.0,52.13333333333334,52.13333333333334,FAMR_1.75,18.13333333333334,False,120,0,0
samtools-index-markduplicate,10240.0,34.0,39.36842105263158,39.36842105263158,FAMR_1.75,5.368421052631582,False,98,0,0
samtools-index-markduplicate,10240.0,34.0,68.0,68.0,FAMR_1.75,34.0,False,495,0,0
samtools-index-markduplicate,10240.0,34.0,35.61904761904762,35.61904761904762,FAMR_1.75,1.6190476190476204,False,157,0,0
samtools-index-markduplicate,10240.0,34.0,46.00000000000001,46.00000000000001,FAMR_1.75,12.000000000000007,False,513,0,0
samtools-index-markduplicate,10240.0,34.0,42.5,42.5,FAMR_1.75,8.5,False,144,0,0
samtools-index-markduplicate,10240.0,34.0,39.66666666666667,39.66666666666667,FAMR_1.75,5.666666666666671,False,133,0,0
samtools-index-markduplicate,10240.0,34.0,76.5,76.5,FAMR_1.75,42.5,False,507,0,0
samtools-index-markduplicate,10240.0,34.0,44.0,44.0,FAMR_1.75,10.0,False,162,0,0
samtools-index-markduplicate,10240.0,34.0,57.53846153846154,57.53846153846154,FAMR_1.75,23.53846153846154,False,444,0,0
samtools-index-markduplicate,10240.0,34.0,39.1,39.1,FAMR_1.75,5.100000000000001,False,155,0,0
samtools-index-markduplicate,10240.0,34.0,37.578947368421055,37.578947368421055,FAMR_1.75,3.578947368421055,False,329,0,0
samtools-index-markduplicate,10240.0,34.0,74.80000000000001,74.80000000000001,FAMR_1.75,40.80000000000001,False,165,0,0
samtools-index-markduplicate,10240.0,34.0,62.333333333333336,62.333333333333336,FAMR_1.75,28.333333333333336,False,198,0,0
samtools-index-markduplicate,10240.0,34.0,86.88888888888889,86.88888888888889,FAMR_1.75,52.888888888888886,False,101,0,0
samtools-index-markduplicate,10240.0,34.0,52.13333333333334,52.13333333333334,FAMR_1.75,18.13333333333334,False,136,0,0
samtools-index-markduplicate,10240.0,34.0,56.66666666666667,56.66666666666667,FAMR_1.75,22.66666666666667,False,130,0,0
samtools-index-markduplicate,10240.0,34.0,46.00000000000001,46.00000000000001,FAMR_1.75,12.000000000000007,False,135,0,0
samtools-index-markduplicate,10240.0,34.0,48.875,48.875,FAMR_1.75,14.875,False,127,0,0
samtools-index-markduplicate,10240.0,34.0,51.00000000000001,51.00000000000001,FAMR_1.75,17.000000000000007,False,110,0,0
samtools-index-markduplicate,10240.0,34.0,55.857142857142854,55.857142857142854,FAMR_1.75,21.857142857142854,False,144,0,0
samtools-index-markduplicate,10240.0,34.0,71.77777777777779,71.77777777777779,FAMR_1.75,37.777777777777786,False,132,0,0
samtools-index-markduplicate,10240.0,34.0,65.16666666666667,65.16666666666667,FAMR_1.75,31.16666666666667,False,225,0,0
samtools-index-markduplicate,10240.0,34.0,44.0,44.0,FAMR_1.75,10.0,False,123,0,0
samtools-index-markduplicate,10240.0,34.0,48.875,48.875,FAMR_1.75,14.875,False,202,0,0
samtools-index-markduplicate,15360.0,34.0,48.875,48.875,FAMR_1.75,14.875,False,132,0,0
samtools-index-markduplicate,15360.0,34.0,41.15789473684211,41.15789473684211,FAMR_1.75,7.15789473684211,False,364,0,0
samtools-index-markduplicate,15360.0,34.0,83.11111111111113,83.11111111111113,FAMR_1.75,49.11111111111113,False,111,0,0
samtools-index-markduplicate,15360.0,34.0,42.0,42.0,FAMR_1.75,8.0,False,124,0,0
samtools-index-markduplicate,15360.0,34.0,62.333333333333336,62.333333333333336,FAMR_1.75,28.333333333333336,False,177,0,0
samtools-index-markduplicate,15360.0,34.0,102.00000000000001,102.00000000000001,FAMR_1.75,68.00000000000001,False,190,0,0
samtools-index-markduplicate,15360.0,34.0,71.0909090909091,71.0909090909091,FAMR_1.75,37.09090909090909,False,143,0,0
samtools-index-markduplicate,15360.0,34.0,56.66666666666667,56.66666666666667,FAMR_1.75,22.66666666666667,False,91,0,0
samtools-index-markduplicate,15360.0,34.0,45.33333333333333,45.33333333333333,FAMR_1.75,11.333333333333329,False,118,0,0
samtools-index-markduplicate,15360.0,34.0,39.36842105263158,39.36842105263158,FAMR_1.75,5.368421052631582,False,106,0,0
samtools-index-markduplicate,15360.0,34.0,48.875,48.875,FAMR_1.75,14.875,False,162,0,0
samtools-index-markduplicate,15360.0,34.0,37.400000000000006,37.400000000000006,FAMR_1.75,3.4000000000000057,False,565,0,0
samtools-index-markduplicate,15360.0,34.0,43.44444444444444,43.44444444444444,FAMR_1.75,9.444444444444443,False,160,0,0
samtools-index-markduplicate,15360.0,34.0,39.1,39.1,FAMR_1.75,5.100000000000001,False,105,0,0
samtools-index-markduplicate,15360.0,34.0,74.80000000000001,74.80000000000001,FAMR_1.75,40.80000000000001,False,146,0,0
samtools-index-markduplicate,15360.0,34.0,39.66666666666667,39.66666666666667,FAMR_1.75,5.666666666666671,False,118,0,0
samtools-index-markduplicate,15360.0,34.0,113.33333333333337,113.33333333333337,FAMR_1.75,79.33333333333337,False,139,0,0
samtools-index-markduplicate,15360.0,34.0,65.16666666666667,65.16666666666667,FAMR_1.75,31.16666666666667,False,120,0,0
samtools-index-markduplicate,15360.0,34.0,44.0,44.0,FAMR_1.75,10.0,False,450,0,0
samtools-index-markduplicate,15360.0,34.0,49.69230769230769,49.69230769230769,FAMR_1.75,15.692307692307693,False,157,0,0
samtools-index-markduplicate,15360.0,34.0,46.00000000000001,46.00000000000001,FAMR_1.75,12.000000000000007,False,121,0,0
samtools-index-markduplicate,15360.0,34.0,46.00000000000001,46.00000000000001,FAMR_1.75,12.000000000000007,False,113,0,0
samtools-index-markduplicate,15360.0,34.0,52.13333333333334,52.13333333333334,FAMR_1.75,18.13333333333334,False,172,0,0
samtools-index-markduplicate,15360.0,34.0,55.857142857142854,55.857142857142854,FAMR_1.75,21.857142857142854,False,208,0,0
samtools-index-markduplicate,15360.0,33.0,55.84615384615385,55.84615384615385,FAMR_1.75,22.846153846153847,False,174,0,0
samtools-index-markduplicate,15360.0,34.0,35.7,35.7,FAMR_1.75,1.7000000000000028,False,158,0,0
samtools-index-markduplicate,15360.0,34.0,52.13333333333334,52.13333333333334,FAMR_1.75,18.13333333333334,False,116,0,0
samtools-index-markduplicate,15360.0,34.0,51.00000000000001,51.00000000000001,FAMR_1.75,17.000000000000007,False,158,0,0
samtools-index-markduplicate,15360.0,34.0,53.833333333333336,53.833333333333336,FAMR_1.75,19.833333333333336,False,487,0,0
samtools-index-markduplicate,15360.0,34.0,71.0909090909091,71.0909090909091,FAMR_1.75,37.09090909090909,False,142,0,0
samtools-index-markduplicate,18182.0,34.0,39.66666666666667,39.66666666666667,FAMR_1.75,5.666666666666671,False,129,0,0
samtools-index-markduplicate,18182.0,34.0,65.16666666666667,65.16666666666667,FAMR_1.75,31.16666666666667,False,440,0,0
samtools-index-markduplicate,18182.0,34.0,37.578947368421055,37.578947368421055,FAMR_1.75,3.578947368421055,False,405,0,0
samtools-index-markduplicate,18182.0,34.0,46.00000000000001,46.00000000000001,FAMR_1.75,12.000000000000007,False,183,0,0
samtools-index-markduplicate,18182.0,34.0,86.88888888888889,86.88888888888889,FAMR_1.75,52.888888888888886,False,158,0,0
samtools-index-markduplicate,18182.0,34.0,53.42857142857143,53.42857142857143,FAMR_1.75,19.42857142857143,False,132,0,0
samtools-index-markduplicate,18182.0,34.0,83.11111111111113,83.11111111111113,FAMR_1.75,49.11111111111113,False,384,0,0
samtools-index-markduplicate,18182.0,34.0,39.36842105263158,39.36842105263158,FAMR_1.75,5.368421052631582,False,234,0,0
samtools-index-markduplicate,18182.0,34.0,41.555555555555564,41.555555555555564,FAMR_1.75,7.555555555555564,False,228,0,0
samtools-index-markduplicate,18182.0,34.0,71.0909090909091,71.0909090909091,FAMR_1.75,37.09090909090909,False,392,0,0
samtools-index-markduplicate,18182.0,34.0,44.625,44.625,FAMR_1.75,10.625,False,216,0,0
samtools-index-markduplicate,18182.0,34.0,57.53846153846154,57.53846153846154,FAMR_1.75,23.53846153846154,False,419,0,0
samtools-index-markduplicate,18182.0,34.0,68.0,68.0,FAMR_1.75,34.0,False,180,0,0
samtools-index-markduplicate,18182.0,34.0,43.714285714285715,43.714285714285715,FAMR_1.75,9.714285714285715,False,118,0,0
samtools-index-markduplicate,18182.0,34.0,53.833333333333336,53.833333333333336,FAMR_1.75,19.833333333333336,False,123,0,0
samtools-index-markduplicate,18182.0,34.0,106.85714285714288,106.85714285714288,FAMR_1.75,72.85714285714288,False,171,0,0
samtools-index-markduplicate,18182.0,34.0,35.7,35.7,FAMR_1.75,1.7000000000000028,False,150,0,0
samtools-index-markduplicate,18182.0,34.0,55.857142857142854,55.857142857142854,FAMR_1.75,21.857142857142854,False,415,0,0
samtools-index-markduplicate,18182.0,34.0,65.16666666666667,65.16666666666667,FAMR_1.75,31.16666666666667,False,146,0,0
samtools-index-markduplicate,18182.0,34.0,75.55555555555556,75.55555555555556,FAMR_1.75,41.55555555555556,False,147,0,0
samtools-index-markduplicate,18182.0,34.0,37.77777777777778,37.77777777777778,FAMR_1.75,3.7777777777777786,False,150,0,0
samtools-index-markduplicate,18182.0,34.0,43.44444444444444,43.44444444444444,FAMR_1.75,9.444444444444443,False,106,0,0
samtools-index-markduplicate,18182.0,34.0,40.0,40.0,FAMR_1.75,6.0,False,133,0,0
samtools-index-markduplicate,18182.0,34.0,51.00000000000001,51.00000000000001,FAMR_1.75,17.000000000000007,False,239,0,0
samtools-index-markduplicate,18182.0,34.0,47.6,47.6,FAMR_1.75,13.600000000000001,False,197,0,0
samtools-index-markduplicate,18182.0,34.0,48.875,48.875,FAMR_1.75,14.875,False,185,0,0
samtools-index-markduplicate,18182.0,33.0,47.4375,47.4375,FAMR_1.75,14.4375,False,116,0,0
samtools-index-markduplicate,18182.0,34.0,56.66666666666667,56.66666666666667,FAMR_1.75,22.66666666666667,False,540,0,0
samtools-index-markduplicate,18182.0,34.0,49.86666666666666,49.86666666666666,FAMR_1.75,15.86666666666666,False,218,0,0
samtools-index-markduplicate,18182.0,34.0,52.13333333333334,52.13333333333334,FAMR_1.75,18.13333333333334,False,146,0,0
picard-validate-sam,10240.0,2870.0,4161.961414790997,4161.961414790997,FAMR_1.75,1291.961414790997,False,1127,0,0
picard-validate-sam,10240.0,3270.0,6454.880694143167,6454.880694143167,FAMR_1.75,3184.8806941431667,False,1355,0,0
picard-validate-sam,10240.0,3494.0,6319.684563758389,6319.684563758389,FAMR_1.75,2825.6845637583892,False,1130,0,0
picard-validate-sam,10240.0,3646.0,4247.537463976945,4247.537463976945,FAMR_1.75,601.5374639769452,False,1293,0,0
picard-validate-sam,10240.0,3528.0,5527.79695431472,5527.79695431472,FAMR_1.75,1999.79695431472,False,1264,0,0
picard-validate-sam,10240.0,3257.0,4333.058997050147,4333.058997050147,FAMR_1.75,1076.058997050147,False,1149,0,0
picard-validate-sam,10240.0,3103.0,31064.098901098903,31064.098901098903,FAMR_1.75,27961.098901098903,False,1275,0,0
picard-validate-sam,10240.0,3048.0,20657.243697478993,20657.243697478993,FAMR_1.75,17609.243697478993,False,1444,0,0
picard-validate-sam,10240.0,2856.0,3312.8780487804875,3312.8780487804875,FAMR_1.75,456.87804878048746,False,1701,0,0
picard-validate-sam,10240.0,2923.0,21942.798611111113,21942.798611111113,FAMR_1.75,19019.798611111113,False,1448,0,0
picard-validate-sam,10240.0,3303.0,24038.500000000004,24038.500000000004,FAMR_1.75,20735.500000000004,False,1355,0,0
picard-validate-sam,10240.0,3422.0,28648.282051282054,28648.282051282054,FAMR_1.75,25226.282051282054,False,1239,0,0
picard-validate-sam,10240.0,2911.0,4497.470288624787,4497.470288624787,FAMR_1.75,1586.470288624787,False,1864,0,0
picard-validate-sam,10240.0,3000.0,20078.83817427386,20078.83817427386,FAMR_1.75,17078.83817427386,False,1668,0,0
picard-validate-sam,10240.0,3168.0,30220.397905759157,30220.397905759157,FAMR_1.75,27052.397905759157,False,1572,0,0
picard-validate-sam,10240.0,2990.0,29447.459459459464,29447.459459459464,FAMR_1.75,26457.459459459464,False,1548,0,0
picard-validate-sam,10240.0,3604.0,3761.7508417508416,3761.7508417508416,FAMR_1.75,157.75084175084157,False,2017,0,0
picard-validate-sam,10240.0,3612.0,5014.56071964018,5014.56071964018,FAMR_1.75,1402.5607196401797,False,1880,0,0
picard-validate-sam,10240.0,3632.0,25041.684210526317,25041.684210526317,FAMR_1.75,21409.684210526317,False,1892,0,0
picard-validate-sam,10240.0,3292.0,24428.136363636364,24428.136363636364,FAMR_1.75,21136.136363636364,False,1373,0,0
picard-validate-sam,10240.0,3115.0,3179.321533923304,3179.321533923304,FAMR_1.75,64.32153392330383,False,1406,0,0
picard-validate-sam,10240.0,3306.0,3382.3762376237623,3382.3762376237623,FAMR_1.75,76.37623762376234,False,1348,0,0
picard-validate-sam,10240.0,2842.0,2926.583333333333,2926.583333333333,FAMR_1.75,84.58333333333303,False,1510,0,0
picard-validate-sam,10240.0,3351.0,3383.745928338762,3383.745928338762,FAMR_1.75,32.74592833876204,False,1212,0,0
picard-validate-sam,10240.0,2808.0,18189.97590361446,18189.97590361446,FAMR_1.75,15381.97590361446,False,1443,0,0
picard-validate-sam,10240.0,3455.0,27853.271604938273,27853.271604938273,FAMR_1.75,24398.271604938273,False,1386,0,0
picard-validate-sam,10240.0,2922.0,24400.379310344826,24400.379310344826,FAMR_1.75,21478.379310344826,False,1307,0,0
picard-validate-sam,10240.0,3178.0,32529.865168539327,32529.865168539327,FAMR_1.75,29351.865168539327,False,1628,0,0
picard-validate-sam,10240.0,3438.0,5012.845807033364,5012.845807033364,FAMR_1.75,1574.8458070333636,False,1302,0,0
picard-validate-sam,10240.0,3158.0,22261.775784753365,22261.775784753365,FAMR_1.75,19103.775784753365,False,1255,0,0
picard-validate-sam,15360.0,3585.0,4769.424778761062,4769.424778761062,FAMR_1.75,1184.424778761062,False,1873,0,0
picard-validate-sam,15360.0,4271.0,4588.6776859504125,4588.6776859504125,FAMR_1.75,317.6776859504125,False,2629,0,0
picard-validate-sam,15360.0,3315.0,4833.503155996393,4833.503155996393,FAMR_1.75,1518.5031559963927,False,2112,0,0
picard-validate-sam,15360.0,3514.0,26837.918128654972,26837.918128654972,FAMR_1.75,23323.918128654972,False,1837,0,0
picard-validate-sam,15360.0,3299.0,24761.459770114943,24761.459770114943,FAMR_1.75,21462.459770114943,False,2407,0,0
picard-validate-sam,15360.0,3689.0,30629.24000000001,30629.24000000001,FAMR_1.75,26940.24000000001,False,1763,0,0
picard-validate-sam,15360.0,3701.0,7337.494553376906,7337.494553376906,FAMR_1.75,3636.494553376906,False,2089,0,0
picard-validate-sam,15360.0,3418.0,3530.232835820896,3530.232835820896,FAMR_1.75,112.23283582089607,False,1588,0,0
picard-validate-sam,15360.0,3891.0,28317.833333333332,28317.833333333332,FAMR_1.75,24426.833333333332,False,1907,0,0
picard-validate-sam,15360.0,4201.0,4404.684848484849,4404.684848484849,FAMR_1.75,203.68484848484877,False,1842,0,0
picard-validate-sam,15360.0,3567.0,5515.666949872557,5515.666949872557,FAMR_1.75,1948.6669498725569,False,1746,0,0
picard-validate-sam,15360.0,3291.0,31393.727748691097,31393.727748691097,FAMR_1.75,28102.727748691097,False,2169,0,0
picard-validate-sam,15360.0,3950.0,39543.4065934066,39543.4065934066,FAMR_1.75,35593.4065934066,False,1882,0,0
picard-validate-sam,15360.0,4114.0,10394.278124999999,10394.278124999999,FAMR_1.75,6280.278124999999,False,1623,0,0
picard-validate-sam,15360.0,3809.0,3887.6519174041296,3887.6519174041296,FAMR_1.75,78.65191740412956,False,2135,0,0
picard-validate-sam,15360.0,3917.0,26546.726890756298,26546.726890756298,FAMR_1.75,22629.726890756298,False,1639,0,0
picard-validate-sam,15360.0,4051.0,5265.132564841499,5265.132564841499,FAMR_1.75,1214.1325648414986,False,2343,0,0
picard-validate-sam,15360.0,3317.0,5197.194585448393,5197.194585448393,FAMR_1.75,1880.194585448393,False,1712,0,0
picard-validate-sam,15360.0,3777.0,6638.488043478262,6638.488043478262,FAMR_1.75,2861.4880434782617,False,2687,0,0
picard-validate-sam,15360.0,3788.0,30577.57777777778,30577.57777777778,FAMR_1.75,26789.57777777778,False,1953,0,0
picard-validate-sam,15360.0,3536.0,3515.67816091954,7031.35632183908,FAMR_1.75,3495.35632183908,False,1732,1701,1
picard-validate-sam,15360.0,3738.0,5189.487256371814,5189.487256371814,FAMR_1.75,1451.4872563718136,False,1733,0,0
picard-validate-sam,15360.0,3927.0,40196.59550561798,40196.59550561798,FAMR_1.75,36269.59550561798,False,1767,0,0
picard-validate-sam,15360.0,3758.0,5449.704180064308,5449.704180064308,FAMR_1.75,1691.7041800643083,False,2655,0,0
picard-validate-sam,15360.0,4160.0,35278.961038961046,35278.961038961046,FAMR_1.75,31118.961038961046,False,1953,0,0
picard-validate-sam,15360.0,3680.0,3744.9411764705883,3744.9411764705883,FAMR_1.75,64.94117647058829,False,2350,0,0
picard-validate-sam,15360.0,3537.0,24933.470852017937,24933.470852017937,FAMR_1.75,21396.470852017937,False,1790,0,0
picard-validate-sam,15360.0,4007.0,28120.55357142857,28120.55357142857,FAMR_1.75,24113.55357142857,False,1419,0,0
picard-validate-sam,15360.0,4100.0,27358.64197530864,27358.64197530864,FAMR_1.75,23258.64197530864,False,2213,0,0
picard-validate-sam,15360.0,4111.0,36645.90797546012,36645.90797546012,FAMR_1.75,32534.90797546012,False,1923,0,0
picard-validate-sam,18182.0,4372.0,7314.312556458898,7314.312556458898,FAMR_1.75,2942.312556458898,False,2048,0,0
picard-validate-sam,18182.0,4096.0,27759.865546218487,27759.865546218487,FAMR_1.75,23663.865546218487,False,2867,0,0
picard-validate-sam,18182.0,4364.0,5805.7935103244845,5805.7935103244845,FAMR_1.75,1441.7935103244845,False,2334,0,0
picard-validate-sam,18182.0,4318.0,6754.16891891892,6754.16891891892,FAMR_1.75,2436.16891891892,False,2712,0,0
picard-validate-sam,18182.0,4248.0,30916.000000000004,30916.000000000004,FAMR_1.75,26668.000000000004,False,2123,0,0
picard-validate-sam,18182.0,3764.0,5621.072847682119,5621.072847682119,FAMR_1.75,1857.0728476821187,False,2021,0,0
picard-validate-sam,18182.0,4297.0,4424.886904761904,4424.886904761904,FAMR_1.75,127.88690476190368,False,2699,0,0
picard-validate-sam,18182.0,3956.0,9995.08125,9995.08125,FAMR_1.75,6039.081249999999,False,2340,0,0
picard-validate-sam,18182.0,3919.0,28003.03636363636,28003.03636363636,FAMR_1.75,24084.03636363636,False,2000,0,0
picard-validate-sam,18182.0,3982.0,4073.993399339934,4073.993399339934,FAMR_1.75,91.99339933993406,False,2603,0,0
picard-validate-sam,18182.0,4253.0,33663.1393939394,33663.1393939394,FAMR_1.75,29410.139393939397,False,2974,0,0
picard-validate-sam,18182.0,3630.0,30139.371428571434,30139.371428571434,FAMR_1.75,26509.371428571434,False,2644,0,0
picard-validate-sam,18182.0,4020.0,33654.61538461538,33654.61538461538,FAMR_1.75,29634.615384615383,False,2265,0,0
picard-validate-sam,18182.0,3956.0,37737.34031413612,37737.34031413612,FAMR_1.75,33781.34031413612,False,2063,0,0
picard-validate-sam,18182.0,3796.0,4057.7931034482754,4057.7931034482754,FAMR_1.75,261.79310344827536,False,1945,0,0
picard-validate-sam,18182.0,3610.0,5543.714759535655,5543.714759535655,FAMR_1.75,1933.7147595356546,False,1781,0,0
picard-validate-sam,18182.0,4436.0,30709.304721030046,30709.304721030046,FAMR_1.75,26273.304721030046,False,2037,0,0
picard-validate-sam,18182.0,4148.0,6015.266881028938,6015.266881028938,FAMR_1.75,1867.2668810289379,False,2305,0,0
picard-validate-sam,18182.0,3657.0,38738.68604651162,38738.68604651162,FAMR_1.75,35081.68604651162,False,2004,0,0
picard-validate-sam,18182.0,4868.0,6758.272863568215,6758.272863568215,FAMR_1.75,1890.2728635682151,False,2112,0,0
picard-validate-sam,18182.0,4132.0,5379.28469241774,5379.28469241774,FAMR_1.75,1247.2846924177402,False,2098,0,0
picard-validate-sam,18182.0,4830.0,4658.505564387917,9317.011128775834,FAMR_1.75,4487.011128775834,False,2301,2260,1
picard-validate-sam,18182.0,4546.0,8973.665943600867,8973.665943600867,FAMR_1.75,4427.665943600867,False,2316,0,0
picard-validate-sam,18182.0,4000.0,29820.68965517242,29820.68965517242,FAMR_1.75,25820.68965517242,False,2138,0,0
picard-validate-sam,18182.0,4236.0,42406.549450549464,42406.549450549464,FAMR_1.75,38170.549450549464,False,2517,0,0
picard-validate-sam,18182.0,3828.0,33915.14634146342,33915.14634146342,FAMR_1.75,30087.14634146342,False,2903,0,0
picard-validate-sam,18182.0,3780.0,30286.380368098162,30286.380368098162,FAMR_1.75,26506.380368098162,False,2003,0,0
picard-validate-sam,18182.0,4260.0,28161.39344262295,28161.39344262295,FAMR_1.75,23901.39344262295,False,2721,0,0
picard-validate-sam,18182.0,3620.0,3769.182227945911,3769.182227945911,FAMR_1.75,149.1822279459111,False,2816,0,0
picard-validate-sam,18182.0,4292.0,4367.7411764705885,4367.7411764705885,FAMR_1.75,75.74117647058847,False,2582,0,0
picard-collect-wgs-metrics,10240.0,1743.0,3632.361688169692,3632.361688169692,FAMR_1.75,1889.3616881696921,False,1257,0,0
picard-collect-wgs-metrics,10240.0,1698.0,13004.95852534562,13004.95852534562,FAMR_1.75,11306.95852534562,False,1195,0,0
picard-collect-wgs-metrics,10240.0,1576.0,2169.733191035219,2169.733191035219,FAMR_1.75,593.7331910352191,False,1332,0,0
picard-collect-wgs-metrics,10240.0,1452.0,2129.838386947822,2129.838386947822,FAMR_1.75,677.8383869478221,False,1404,0,0
picard-collect-wgs-metrics,10240.0,1751.0,2079.8857570466453,2079.8857570466453,FAMR_1.75,328.88575704664527,False,1245,0,0
picard-collect-wgs-metrics,10240.0,1581.0,2841.208749764284,2841.208749764284,FAMR_1.75,1260.2087497642842,False,1198,0,0
picard-collect-wgs-metrics,10240.0,1584.0,2465.626690712353,2465.626690712353,FAMR_1.75,881.6266907123531,False,1338,0,0
picard-collect-wgs-metrics,10240.0,1442.0,4071.221135029355,4071.221135029355,FAMR_1.75,2629.221135029355,False,1282,0,0
picard-collect-wgs-metrics,10240.0,1518.0,1734.8217433888346,1734.8217433888346,FAMR_1.75,216.82174338883465,False,1304,0,0
picard-collect-wgs-metrics,10240.0,1673.0,2750.8709576628657,2750.8709576628657,FAMR_1.75,1077.8709576628657,False,1370,0,0
picard-collect-wgs-metrics,10240.0,1583.0,2242.9968652037614,2242.9968652037614,FAMR_1.75,659.9968652037614,False,1379,0,0
picard-collect-wgs-metrics,10240.0,1696.0,3819.08429610612,3819.08429610612,FAMR_1.75,2123.08429610612,False,1267,0,0
picard-collect-wgs-metrics,10240.0,1597.0,2384.1559742784502,2384.1559742784502,FAMR_1.75,787.1559742784502,False,1314,0,0
picard-collect-wgs-metrics,10240.0,1713.0,2979.538236904544,2979.538236904544,FAMR_1.75,1266.5382369045442,False,1252,0,0
picard-collect-wgs-metrics,10240.0,1440.0,2313.167451244116,2313.167451244116,FAMR_1.75,873.1674512441159,False,1353,0,0
picard-collect-wgs-metrics,10240.0,1687.0,2162.190924657534,2162.190924657534,FAMR_1.75,475.1909246575342,False,1360,0,0
picard-collect-wgs-metrics,10240.0,1767.0,2397.0795677799606,2397.0795677799606,FAMR_1.75,630.0795677799606,False,1384,0,0
picard-collect-wgs-metrics,10240.0,1409.0,3433.255308762509,3433.255308762509,FAMR_1.75,2024.2553087625088,False,1313,0,0
picard-collect-wgs-metrics,10240.0,1579.0,2647.429574169396,2647.429574169396,FAMR_1.75,1068.429574169396,False,1256,0,0
picard-collect-wgs-metrics,10240.0,1706.0,2743.891383978341,2743.891383978341,FAMR_1.75,1037.8913839783409,False,1292,0,0
picard-collect-wgs-metrics,10240.0,1883.0,6415.028223844283,6415.028223844283,FAMR_1.75,4532.028223844283,False,1279,0,0
picard-collect-wgs-metrics,10240.0,1752.0,3446.1065675340774,3446.1065675340774,FAMR_1.75,1694.1065675340774,False,1250,0,0
picard-collect-wgs-metrics,10240.0,1751.0,3727.1285714285714,3727.1285714285714,FAMR_1.75,1976.1285714285714,False,1282,0,0
picard-collect-wgs-metrics,10240.0,1765.0,4715.01070377308,4715.01070377308,FAMR_1.75,2950.0107037730804,False,1249,0,0
picard-collect-wgs-metrics,10240.0,1452.0,3737.8914096354833,3737.8914096354833,FAMR_1.75,2285.8914096354833,False,1251,0,0
picard-collect-wgs-metrics,10240.0,1842.0,3401.236842105263,3401.236842105263,FAMR_1.75,1559.236842105263,False,1270,0,0
picard-collect-wgs-metrics,10240.0,1504.0,2293.2246893460992,2293.2246893460992,FAMR_1.75,789.2246893460992,False,1194,0,0
picard-collect-wgs-metrics,10240.0,1630.0,1667.649680883396,1667.649680883396,FAMR_1.75,37.64968088339606,False,1360,0,0
picard-collect-wgs-metrics,10240.0,1648.0,1411.1978034549825,2822.395606909965,FAMR_1.75,1174.395606909965,False,1340,1335,1
picard-collect-wgs-metrics,10240.0,1369.0,2037.4359293873313,2037.4359293873313,FAMR_1.75,668.4359293873313,False,1225,0,0
picard-collect-wgs-metrics,15360.0,1555.0,1449.6691464369615,2899.338292873923,FAMR_1.75,1344.338292873923,False,1627,1621,1
picard-collect-wgs-metrics,15360.0,1713.0,2661.065528380249,2661.065528380249,FAMR_1.75,948.0655283802489,False,1811,0,0
picard-collect-wgs-metrics,15360.0,1551.0,2067.170809943865,2067.170809943865,FAMR_1.75,516.1708099438652,False,1683,0,0
picard-collect-wgs-metrics,15360.0,1466.0,2018.2924226254004,2018.2924226254004,FAMR_1.75,552.2924226254004,False,1672,0,0
picard-collect-wgs-metrics,15360.0,1601.0,2415.7327058120422,2415.7327058120422,FAMR_1.75,814.7327058120422,False,1709,0,0
picard-collect-wgs-metrics,15360.0,1740.0,4648.225849611988,4648.225849611988,FAMR_1.75,2908.2258496119885,False,1655,0,0
picard-collect-wgs-metrics,15360.0,1823.0,4507.334371754932,4507.334371754932,FAMR_1.75,2684.3343717549324,False,1665,0,0
picard-collect-wgs-metrics,15360.0,1748.0,2923.942110177404,2923.942110177404,FAMR_1.75,1175.9421101774042,False,1667,0,0
picard-collect-wgs-metrics,15360.0,1684.0,1933.8516320474778,1933.8516320474778,FAMR_1.75,249.85163204747778,False,1606,0,0
picard-collect-wgs-metrics,15360.0,1759.0,1901.6782542776696,1901.6782542776696,FAMR_1.75,142.67825427766957,False,1687,0,0
picard-collect-wgs-metrics,15360.0,1541.0,2348.683567501527,2348.683567501527,FAMR_1.75,807.6835675015268,False,1615,0,0
picard-collect-wgs-metrics,15360.0,1642.0,2069.8827361563517,2069.8827361563517,FAMR_1.75,427.8827361563517,False,1841,0,0
picard-collect-wgs-metrics,15360.0,1549.0,2763.342923516798,2763.342923516798,FAMR_1.75,1214.3429235167978,False,1709,0,0
picard-collect-wgs-metrics,15360.0,1454.0,2389.073652990608,2389.073652990608,FAMR_1.75,935.073652990608,False,1780,0,0
picard-collect-wgs-metrics,15360.0,1750.0,2826.262083780881,2826.262083780881,FAMR_1.75,1076.2620837808809,False,1673,0,0
picard-collect-wgs-metrics,15360.0,1657.0,4753.399712643679,4753.399712643679,FAMR_1.75,3096.399712643679,False,1623,0,0
picard-collect-wgs-metrics,15360.0,1803.0,6636.594637223975,6636.594637223975,FAMR_1.75,4833.594637223975,False,1660,0,0
picard-collect-wgs-metrics,15360.0,1692.0,3601.5428571428574,3601.5428571428574,FAMR_1.75,1909.5428571428574,False,1579,0,0
picard-collect-wgs-metrics,15360.0,1585.0,2229.9154441727787,2229.9154441727787,FAMR_1.75,644.9154441727787,False,1755,0,0
picard-collect-wgs-metrics,15360.0,1497.0,3087.5808348030564,3087.5808348030564,FAMR_1.75,1590.5808348030564,False,1615,0,0
picard-collect-wgs-metrics,15360.0,1662.0,2841.5608180839617,2841.5608180839617,FAMR_1.75,1179.5608180839617,False,1650,0,0
picard-collect-wgs-metrics,15360.0,1579.0,3847.4876739077367,3847.4876739077367,FAMR_1.75,2268.4876739077367,False,1631,0,0
picard-collect-wgs-metrics,15360.0,1637.0,3813.8088681446907,3813.8088681446907,FAMR_1.75,2176.8088681446907,False,1649,0,0
picard-collect-wgs-metrics,15360.0,1630.0,2411.8480280817676,2411.8480280817676,FAMR_1.75,781.8480280817676,False,1815,0,0
picard-collect-wgs-metrics,15360.0,1599.0,2178.160386664036,2178.160386664036,FAMR_1.75,579.1603866640362,False,1827,0,0
picard-collect-wgs-metrics,15360.0,1655.0,3249.9422680412376,3249.9422680412376,FAMR_1.75,1594.9422680412376,False,1746,0,0
picard-collect-wgs-metrics,15360.0,1677.0,12844.1198156682,12844.1198156682,FAMR_1.75,11167.1198156682,False,1629,0,0
picard-collect-wgs-metrics,15360.0,1421.0,2647.698603755416,2647.698603755416,FAMR_1.75,1226.6986037554161,False,1668,0,0
picard-collect-wgs-metrics,15360.0,1705.0,2420.6046329014525,2420.6046329014525,FAMR_1.75,715.6046329014525,False,1789,0,0
picard-collect-wgs-metrics,15360.0,1674.0,2689.057162071285,2689.057162071285,FAMR_1.75,1015.0571620712849,False,1700,0,0
picard-collect-wgs-metrics,18182.0,1450.0,1405.8199943836003,2811.6399887672005,FAMR_1.75,1361.6399887672005,False,1896,1889,1
picard-collect-wgs-metrics,18182.0,1500.0,6038.815411155836,6038.815411155836,FAMR_1.75,4538.815411155836,False,1936,0,0
picard-collect-wgs-metrics,18182.0,1550.0,2182.4530995106034,2182.4530995106034,FAMR_1.75,632.4530995106034,False,2053,0,0
picard-collect-wgs-metrics,18182.0,1540.0,2731.06424717999,2731.06424717999,FAMR_1.75,1191.0642471799902,False,1990,0,0
picard-collect-wgs-metrics,18182.0,1602.0,4403.53783342406,4403.53783342406,FAMR_1.75,2801.5378334240604,False,1921,0,0
picard-collect-wgs-metrics,18182.0,1706.0,2150.560260586319,2150.560260586319,FAMR_1.75,444.56026058631915,False,1841,0,0
picard-collect-wgs-metrics,18182.0,1696.0,4083.9065331425845,4083.9065331425845,FAMR_1.75,2387.9065331425845,False,1914,0,0
picard-collect-wgs-metrics,18182.0,1773.0,2272.4152397260273,2272.4152397260273,FAMR_1.75,499.41523972602727,False,2003,0,0
picard-collect-wgs-metrics,18182.0,1753.0,1868.7887533472183,1868.7887533472183,FAMR_1.75,115.78875334721829,False,1901,0,0
picard-collect-wgs-metrics,18182.0,1660.0,2582.1072319201994,2582.1072319201994,FAMR_1.75,922.1072319201994,False,2123,0,0
picard-collect-wgs-metrics,18182.0,1708.0,3409.1978001137873,3409.1978001137873,FAMR_1.75,1701.1978001137873,False,2104,0,0
picard-collect-wgs-metrics,18182.0,1622.0,5525.850121654501,5525.850121654501,FAMR_1.75,3903.850121654501,False,2002,0,0
picard-collect-wgs-metrics,18182.0,1833.0,3011.8101828966883,3011.8101828966883,FAMR_1.75,1178.8101828966883,False,1866,0,0
picard-collect-wgs-metrics,18182.0,1687.0,2859.419157608696,2859.419157608696,FAMR_1.75,1172.419157608696,False,1912,0,0
picard-collect-wgs-metrics,18182.0,1580.0,2301.640157595214,2301.640157595214,FAMR_1.75,721.6401575952141,False,1864,0,0
picard-collect-wgs-metrics,18182.0,1668.0,2530.782976921448,2530.782976921448,FAMR_1.75,862.7829769214482,False,1954,0,0
picard-collect-wgs-metrics,18182.0,1700.0,3167.549350024073,3167.549350024073,FAMR_1.75,1467.5493500240732,False,1958,0,0
picard-collect-wgs-metrics,18182.0,1496.0,2403.1239632369425,2403.1239632369425,FAMR_1.75,907.1239632369425,False,2058,0,0
picard-collect-wgs-metrics,18182.0,1713.0,2835.1667245571375,2835.1667245571375,FAMR_1.75,1122.1667245571375,False,1909,0,0
picard-collect-wgs-metrics,18182.0,1620.0,1895.9578736208625,1895.9578736208625,FAMR_1.75,275.95787362086253,False,2039,0,0
picard-collect-wgs-metrics,18182.0,1681.0,3916.318086347725,3916.318086347725,FAMR_1.75,2235.318086347725,False,1876,0,0
picard-collect-wgs-metrics,18182.0,1598.0,2229.4557315936627,2229.4557315936627,FAMR_1.75,631.4557315936627,False,1855,0,0
picard-collect-wgs-metrics,18182.0,1885.0,3968.3333333333335,3968.3333333333335,FAMR_1.75,2083.3333333333335,False,1899,0,0
picard-collect-wgs-metrics,18182.0,1762.0,4978.857862339116,4978.857862339116,FAMR_1.75,3216.857862339116,False,1913,0,0
picard-collect-wgs-metrics,18182.0,1624.0,2212.215427105938,2212.215427105938,FAMR_1.75,588.215427105938,False,1883,0,0
picard-collect-wgs-metrics,18182.0,1762.0,2658.6639772897056,2658.6639772897056,FAMR_1.75,896.6639772897056,False,1906,0,0
picard-collect-wgs-metrics,18182.0,1697.0,3360.475070555033,3360.475070555033,FAMR_1.75,1663.4750705550332,False,1875,0,0
picard-collect-wgs-metrics,18182.0,1872.0,3048.807272727273,3048.807272727273,FAMR_1.75,1176.807272727273,False,1871,0,0
picard-collect-wgs-metrics,18182.0,1722.0,4198.752688172043,4198.752688172043,FAMR_1.75,2476.7526881720432,False,2034,0,0
picard-collect-wgs-metrics,18182.0,1515.0,2231.3606847697756,2231.3606847697756,FAMR_1.75,716.3606847697756,False,1880,0,0
fastqc,5113.0,666.0,727.2594339622642,727.2594339622642,FAMR_2,61.25943396226421,False,441,0,0
fastqc,5128.0,625.0,899.1425992779783,899.1425992779783,FAMR_2,274.1425992779783,False,432,0,0
fastqc,5113.0,796.0,969.4082923401265,969.4082923401265,FAMR_2,173.40829234012654,False,445,0,0
fastqc,5128.0,645.0,1046.1781848459616,1046.1781848459616,FAMR_2,401.1781848459616,False,439,0,0
fastqc,5113.0,669.0,1039.6224758560138,1039.6224758560138,FAMR_2,370.6224758560138,False,387,0,0
fastqc,5128.0,638.0,899.3813148788928,899.3813148788928,FAMR_2,261.3813148788928,False,429,0,0
fastqc,5113.0,580.0,871.9376391982181,871.9376391982181,FAMR_2,291.9376391982181,False,449,0,0
fastqc,5128.0,674.0,836.9582222222223,836.9582222222223,FAMR_2,162.95822222222228,False,460,0,0
fastqc,5113.0,626.0,854.0072411296161,854.0072411296161,FAMR_2,228.0072411296161,False,441,0,0
fastqc,5128.0,781.0,1130.7120799273387,1130.7120799273387,FAMR_2,349.71207992733866,False,437,0,0
fastqc,5113.0,706.0,898.5003513703442,898.5003513703442,FAMR_2,192.50035137034422,False,434,0,0
fastqc,5128.0,826.0,1251.983532934132,1251.983532934132,FAMR_2,425.983532934132,False,419,0,0
fastqc,5113.0,674.0,1105.4039087947883,1105.4039087947883,FAMR_2,431.4039087947883,False,447,0,0
fastqc,5128.0,630.0,1011.250977326036,1011.250977326036,FAMR_2,381.25097732603604,False,474,0,0
fastqc,5113.0,671.0,745.6152,745.6152,FAMR_2,74.61519999999996,False,452,0,0
fastqc,5128.0,730.0,856.1287693561532,856.1287693561532,FAMR_2,126.12876935615316,False,476,0,0
fastqc,5113.0,555.0,1003.006161971831,1003.006161971831,FAMR_2,448.00616197183103,False,468,0,0
fastqc,5128.0,724.0,832.2949438202246,832.2949438202246,FAMR_2,108.2949438202246,False,445,0,0
fastqc,5113.0,748.0,1177.1034482758623,1177.1034482758623,FAMR_2,429.1034482758623,False,462,0,0
fastqc,5128.0,804.0,1342.8096774193548,1342.8096774193548,FAMR_2,538.8096774193548,False,480,0,0
fastqc,5113.0,785.0,1481.394589552239,1481.394589552239,FAMR_2,696.394589552239,False,457,0,0
fastqc,5128.0,723.0,1501.7993384785004,1501.7993384785004,FAMR_2,778.7993384785004,False,446,0,0
fastqc,5113.0,737.0,1214.1294788273615,1214.1294788273615,FAMR_2,477.1294788273615,False,490,0,0
fastqc,5128.0,637.0,1092.4308712121212,1092.4308712121212,FAMR_2,455.43087121212125,False,458,0,0
fastqc,5113.0,707.0,1078.7337770382694,1078.7337770382694,FAMR_2,371.7337770382694,False,480,0,0
fastqc,5128.0,675.0,957.3591549295776,957.3591549295776,FAMR_2,282.3591549295776,False,474,0,0
fastqc,5113.0,638.0,971.8244406196213,971.8244406196213,FAMR_2,333.8244406196213,False,441,0,0
fastqc,5128.0,688.0,925.5989515072084,925.5989515072084,FAMR_2,237.59895150720843,False,456,0,0
fastqc,5113.0,669.0,960.7922283901664,960.7922283901664,FAMR_2,291.79222839016643,False,489,0,0
fastqc,5128.0,701.0,974.1883173496077,974.1883173496077,FAMR_2,273.1883173496077,False,481,0,0
fastqc,5113.0,738.0,1014.1770186335405,1014.1770186335405,FAMR_2,276.17701863354046,False,449,0,0
fastqc,5128.0,689.0,867.7642919964819,867.7642919964819,FAMR_2,178.76429199648192,False,449,0,0
fastqc,5113.0,706.0,998.1609848484848,998.1609848484848,FAMR_2,292.16098484848476,False,486,0,0
fastqc,5128.0,725.0,1137.7696456086285,1137.7696456086285,FAMR_2,412.7696456086285,False,494,0,0
fastqc,5113.0,571.0,1092.1507936507937,1092.1507936507937,FAMR_2,521.1507936507937,False,474,0,0
fastqc,5128.0,759.0,852.7680164722032,852.7680164722032,FAMR_2,93.76801647220316,False,488,0,0
fastqc,5113.0,723.0,1520.8186475409834,1520.8186475409834,FAMR_2,797.8186475409834,False,465,0,0
fastqc,5128.0,706.0,1245.6512059369202,1245.6512059369202,FAMR_2,539.6512059369202,False,461,0,0
fastqc,5113.0,742.0,1006.482421875,1006.482421875,FAMR_2,264.482421875,False,465,0,0
fastqc,5128.0,645.0,846.8567518248175,846.8567518248175,FAMR_2,201.85675182481748,False,463,0,0
fastqc,5113.0,722.0,957.2049780380675,957.2049780380675,FAMR_2,235.20497803806745,False,463,0,0
fastqc,5128.0,750.0,1097.362716763006,1097.362716763006,FAMR_2,347.3627167630059,False,435,0,0
fastqc,5113.0,739.0,1222.3669885864795,1222.3669885864795,FAMR_2,483.36698858647947,False,452,0,0
fastqc,5128.0,710.0,1260.8963585434174,1260.8963585434174,FAMR_2,550.8963585434174,False,456,0,0
fastqc,5113.0,642.0,944.9089595375724,944.9089595375724,FAMR_2,302.9089595375724,False,461,0,0
fastqc,5128.0,687.0,782.1985714285714,782.1985714285714,FAMR_2,95.19857142857143,False,449,0,0
fastqc,5113.0,717.0,949.3927550047664,949.3927550047664,FAMR_2,232.3927550047664,False,402,0,0
fastqc,5128.0,656.0,839.2166934189406,839.2166934189406,FAMR_2,183.21669341894062,False,424,0,0
fastqc,5113.0,649.0,917.7070161912105,917.7070161912105,FAMR_2,268.7070161912105,False,431,0,0
fastqc,5128.0,782.0,1025.1251682368775,1025.1251682368775,FAMR_2,243.12516823687747,False,456,0,0
fastqc,5113.0,735.0,1254.4830508474577,1254.4830508474577,FAMR_2,519.4830508474577,False,451,0,0
fastqc,5128.0,658.0,935.7060575968222,935.7060575968222,FAMR_2,277.70605759682223,False,467,0,0
fastqc,5113.0,651.0,689.497346474602,689.497346474602,FAMR_2,38.497346474601954,False,447,0,0
fastqc,5128.0,674.0,802.9039451114922,802.9039451114922,FAMR_2,128.90394511149225,False,490,0,0
fastqc,5113.0,638.0,896.564453125,896.564453125,FAMR_2,258.564453125,False,456,0,0
fastqc,5128.0,685.0,1067.9192546583852,1067.9192546583852,FAMR_2,382.91925465838517,False,469,0,0
fastqc,5113.0,706.0,1050.6401833460657,1050.6401833460657,FAMR_2,344.64018334606567,False,466,0,0
fastqc,5128.0,712.0,1201.5404178019983,1201.5404178019983,FAMR_2,489.5404178019983,False,457,0,0
fastqc,5113.0,711.0,991.4384164222876,991.4384164222876,FAMR_2,280.43841642228756,False,455,0,0
fastqc,5128.0,656.0,774.2355731225297,774.2355731225297,FAMR_2,118.23557312252967,False,473,0,0
fastqc,7669.0,678.0,856.388788426763,856.388788426763,FAMR_2,178.38878842676297,False,632,0,0
fastqc,7692.0,721.0,922.3707865168539,922.3707865168539,FAMR_2,201.37078651685385,False,573,0,0
fastqc,7669.0,654.0,934.2857142857143,934.2857142857143,FAMR_2,280.28571428571433,False,694,0,0
fastqc,7692.0,679.0,1155.8764510779433,1155.8764510779433,FAMR_2,476.87645107794333,False,646,0,0
fastqc,7669.0,637.0,1033.2023313905079,1033.2023313905079,FAMR_2,396.2023313905079,False,701,0,0
fastqc,7692.0,666.0,1045.1787365177197,1045.1787365177197,FAMR_2,379.1787365177197,False,662,0,0
fastqc,7669.0,542.0,816.380044020543,816.380044020543,FAMR_2,274.380044020543,False,671,0,0
fastqc,7692.0,683.0,832.5924956369983,832.5924956369983,FAMR_2,149.59249563699825,False,639,0,0
fastqc,7669.0,631.0,984.6968541468066,984.6968541468066,FAMR_2,353.6968541468066,False,641,0,0
fastqc,7692.0,617.0,872.3304924242424,872.3304924242424,FAMR_2,255.33049242424238,False,664,0,0
fastqc,7669.0,719.0,1213.3533151680292,1213.3533151680292,FAMR_2,494.3533151680292,False,632,0,0
fastqc,7692.0,709.0,1648.2245557350566,1648.2245557350566,FAMR_2,939.2245557350566,False,655,0,0
fastqc,7669.0,789.0,1362.563829787234,1362.563829787234,FAMR_2,573.563829787234,False,618,0,0
fastqc,7692.0,765.0,991.2173507462686,991.2173507462686,FAMR_2,226.2173507462686,False,622,0,0
fastqc,7669.0,672.0,793.1193675889327,793.1193675889327,FAMR_2,121.11936758893273,False,643,0,0
fastqc,7692.0,678.0,1009.9792899408284,1009.9792899408284,FAMR_2,331.9792899408284,False,653,0,0
fastqc,7669.0,718.0,959.3394803017602,959.3394803017602,FAMR_2,241.3394803017602,False,620,0,0
fastqc,7692.0,650.0,864.6267652992602,864.6267652992602,FAMR_2,214.62676529926023,False,615,0,0
fastqc,7669.0,707.0,855.0878378378378,855.0878378378378,FAMR_2,148.0878378378378,False,586,0,0
fastqc,7692.0,696.0,1324.7936507936508,1324.7936507936508,FAMR_2,628.7936507936508,False,651,0,0
fastqc,7669.0,664.0,938.9175019275251,938.9175019275251,FAMR_2,274.9175019275251,False,609,0,0
fastqc,7692.0,759.0,1117.111994219653,1117.111994219653,FAMR_2,358.11199421965307,False,640,0,0
fastqc,7669.0,619.0,1015.200325732899,1015.200325732899,FAMR_2,396.20032573289905,False,686,0,0
fastqc,7692.0,740.0,1147.1107784431138,1147.1107784431138,FAMR_2,407.11077844311376,False,724,0,0
fastqc,7669.0,708.0,830.4282560706401,830.4282560706401,FAMR_2,122.42825607064015,False,674,0,0
fastqc,7692.0,711.0,1187.484677419355,1187.484677419355,FAMR_2,476.48467741935497,False,652,0,0
fastqc,7669.0,752.0,858.360856269113,858.360856269113,FAMR_2,106.36085626911301,False,619,0,0
fastqc,7692.0,707.0,996.6498269896194,996.6498269896194,FAMR_2,289.64982698961944,False,616,0,0
fastqc,7669.0,668.0,774.5008347245409,774.5008347245409,FAMR_2,106.50083472454094,False,664,0,0
fastqc,7692.0,668.0,1337.9841584158416,1337.9841584158416,FAMR_2,669.9841584158416,False,705,0,0
fastqc,7669.0,642.0,965.4226415094341,965.4226415094341,FAMR_2,323.42264150943413,False,685,0,0
fastqc,7692.0,657.0,1187.3424295774648,1187.3424295774648,FAMR_2,530.3424295774648,False,634,0,0
fastqc,7669.0,641.0,771.1350943396227,771.1350943396227,FAMR_2,130.1350943396227,False,692,0,0
fastqc,7692.0,678.0,1083.0024855012425,1083.0024855012425,FAMR_2,405.0024855012425,False,690,0,0
fastqc,7669.0,771.0,1275.297629499561,1275.297629499561,FAMR_2,504.297629499561,False,628,0,0
fastqc,7692.0,783.0,1113.4248741912295,1113.4248741912295,FAMR_2,330.4248741912295,False,663,0,0
fastqc,7669.0,660.0,920.2896081771719,920.2896081771719,FAMR_2,260.2896081771719,False,668,0,0
fastqc,7692.0,606.0,822.7230320699709,822.7230320699709,FAMR_2,216.72303206997094,False,692,0,0
fastqc,7669.0,652.0,857.6124314442412,857.6124314442412,FAMR_2,205.61243144424122,False,550,0,0
fastqc,7692.0,715.0,1099.7433903576982,1099.7433903576982,FAMR_2,384.7433903576982,False,556,0,0
fastqc,7669.0,700.0,1235.064935064935,1235.064935064935,FAMR_2,535.0649350649351,False,631,0,0
fastqc,7692.0,763.0,1162.2289156626507,1162.2289156626507,FAMR_2,399.2289156626507,False,641,0,0
fastqc,7669.0,762.0,790.7130434782609,790.7130434782609,FAMR_2,28.713043478260943,False,634,0,0
fastqc,7692.0,742.0,1042.6938775510203,1042.6938775510203,FAMR_2,300.69387755102025,False,632,0,0
fastqc,7669.0,630.0,1041.7219917012446,1041.7219917012446,FAMR_2,411.72199170124463,False,651,0,0
fastqc,7692.0,590.0,812.2001982160555,812.2001982160555,FAMR_2,222.20019821605547,False,648,0,0
fastqc,7669.0,655.0,715.247641509434,715.247641509434,FAMR_2,60.24764150943395,False,693,0,0
fastqc,7692.0,676.0,1323.887814313346,1323.887814313346,FAMR_2,647.8878143133461,False,677,0,0
fastqc,7669.0,646.0,948.4322869955157,948.4322869955157,FAMR_2,302.4322869955157,False,648,0,0
fastqc,7692.0,648.0,901.6934749620638,901.6934749620638,FAMR_2,253.69347496206376,False,682,0,0
fastqc,7669.0,700.0,786.4790665751544,786.4790665751544,FAMR_2,86.47906657515443,False,668,0,0
fastqc,7692.0,707.0,927.3399871217,927.3399871217,FAMR_2,220.3399871217,False,722,0,0
fastqc,7669.0,695.0,772.2840000000001,772.2840000000001,FAMR_2,77.2840000000001,False,632,0,0
fastqc,7692.0,658.0,946.6173285198557,946.6173285198557,FAMR_2,288.61732851985573,False,617,0,0
fastqc,7669.0,645.0,819.2012356575462,819.2012356575462,FAMR_2,174.20123565754625,False,675,0,0
fastqc,7692.0,692.0,994.1883116883117,994.1883116883117,FAMR_2,302.1883116883117,False,673,0,0
fastqc,7669.0,671.0,1191.6358543417366,1191.6358543417366,FAMR_2,520.6358543417366,False,683,0,0
fastqc,7692.0,669.0,1058.1602814698983,1058.1602814698983,FAMR_2,389.16028146989834,False,661,0,0
fastqc,7669.0,654.0,889.1297257227575,889.1297257227575,FAMR_2,235.12972572275748,False,678,0,0
fastqc,7692.0,769.0,1113.338782924614,1113.338782924614,FAMR_2,344.33878292461395,False,631,0,0
fastqc,9078.0,622.0,696.9514866979656,696.9514866979656,FAMR_2,74.9514866979656,False,747,0,0
fastqc,9105.0,695.0,786.7603911980441,786.7603911980441,FAMR_2,91.76039119804409,False,728,0,0
fastqc,9078.0,636.0,845.6378830083567,845.6378830083567,FAMR_2,209.63788300835665,False,817,0,0
fastqc,9105.0,649.0,1131.7455319148935,1131.7455319148935,FAMR_2,482.7455319148935,False,803,0,0
fastqc,9078.0,642.0,982.2,982.2,FAMR_2,340.20000000000005,False,814,0,0
fastqc,9105.0,676.0,1053.8881987577638,1053.8881987577638,FAMR_2,377.8881987577638,False,791,0,0
fastqc,9078.0,673.0,794.4307496823379,794.4307496823379,FAMR_2,121.43074968233793,False,825,0,0
fastqc,9105.0,681.0,871.3548994974874,871.3548994974874,FAMR_2,190.3548994974874,False,763,0,0
fastqc,9078.0,719.0,931.6147388059701,931.6147388059701,FAMR_2,212.6147388059701,False,827,0,0
fastqc,9105.0,786.0,1113.6746666666666,1113.6746666666666,FAMR_2,327.67466666666655,False,792,0,0
fastqc,9078.0,653.0,711.6407914764079,711.6407914764079,FAMR_2,58.64079147640791,False,814,0,0
fastqc,9105.0,617.0,872.3304924242424,872.3304924242424,FAMR_2,255.33049242424238,False,789,0,0
fastqc,9078.0,546.0,820.8240534521158,820.8240534521158,FAMR_2,274.8240534521158,False,824,0,0
fastqc,9105.0,696.0,773.3951999999998,773.3951999999998,FAMR_2,77.39519999999982,False,799,0,0
fastqc,9078.0,642.0,1277.637264618434,1277.637264618434,FAMR_2,635.6372646184341,False,817,0,0
fastqc,9105.0,670.0,806.0226415094339,806.0226415094339,FAMR_2,136.02264150943392,False,784,0,0
fastqc,9078.0,659.0,946.4306106264869,946.4306106264869,FAMR_2,287.4306106264869,False,814,0,0
fastqc,9105.0,698.0,1239.5854341736695,1239.5854341736695,FAMR_2,541.5854341736695,False,772,0,0
fastqc,9078.0,693.0,1032.3239644970415,1032.3239644970415,FAMR_2,339.3239644970415,False,810,0,0
fastqc,9105.0,642.0,850.083889418494,850.083889418494,FAMR_2,208.08388941849398,False,806,0,0
fastqc,9078.0,677.0,794.0676968359088,794.0676968359088,FAMR_2,117.0676968359088,False,832,0,0
fastqc,9105.0,634.0,852.9501965923985,852.9501965923985,FAMR_2,218.95019659239847,False,780,0,0
fastqc,9078.0,706.0,994.1378091872791,994.1378091872791,FAMR_2,288.1378091872791,False,817,0,0
fastqc,9105.0,713.0,1055.817697228145,1055.817697228145,FAMR_2,342.8176972281451,False,792,0,0
fastqc,9078.0,719.0,1010.3731778425655,1010.3731778425655,FAMR_2,291.3731778425655,False,650,0,0
fastqc,9105.0,685.0,987.7935676888558,987.7935676888558,FAMR_2,302.7935676888558,False,652,0,0
fastqc,9078.0,694.0,1103.4983425414364,1103.4983425414364,FAMR_2,409.4983425414364,False,667,0,0
fastqc,9105.0,750.0,1564.23982869379,1564.23982869379,FAMR_2,814.2398286937901,False,633,0,0
fastqc,9078.0,704.0,1091.3053892215569,1091.3053892215569,FAMR_2,387.3053892215569,False,752,0,0
fastqc,9105.0,716.0,985.6531219028741,985.6531219028741,FAMR_2,269.6531219028741,False,701,0,0
fastqc,9078.0,756.0,1660.8618556701033,1660.8618556701033,FAMR_2,904.8618556701033,False,737,0,0
fastqc,9105.0,738.0,932.1754068716094,932.1754068716094,FAMR_2,194.17540687160943,False,721,0,0
fastqc,9078.0,675.0,918.0460750853242,918.0460750853242,FAMR_2,243.04607508532422,False,742,0,0
fastqc,9105.0,790.0,963.0279232111693,963.0279232111693,FAMR_2,173.0279232111693,False,717,0,0
fastqc,9078.0,662.0,947.284965034965,947.284965034965,FAMR_2,285.284965034965,False,773,0,0
fastqc,9105.0,689.0,904.6268248175181,904.6268248175181,FAMR_2,215.62682481751813,False,731,0,0
fastqc,9078.0,709.0,750.9272175890826,750.9272175890826,FAMR_2,41.9272175890826,False,779,0,0
fastqc,9105.0,739.0,899.9908643710472,899.9908643710472,FAMR_2,160.99086437104722,False,746,0,0
fastqc,9078.0,696.0,1184.8159203980097,1184.8159203980097,FAMR_2,488.81592039800967,False,774,0,0
fastqc,9105.0,729.0,1033.9478873239436,1033.9478873239436,FAMR_2,304.94788732394363,False,739,0,0
fastqc,9078.0,649.0,952.8367713004485,952.8367713004485,FAMR_2,303.8367713004485,False,783,0,0
fastqc,9105.0,731.0,1050.9828486204326,1050.9828486204326,FAMR_2,319.9828486204326,False,732,0,0
fastqc,9078.0,657.0,911.6180297397771,911.6180297397771,FAMR_2,254.61802973977706,False,772,0,0
fastqc,9105.0,761.0,1270.9927419354838,1270.9927419354838,FAMR_2,509.99274193548376,False,736,0,0
fastqc,9078.0,663.0,768.70367278798,768.70367278798,FAMR_2,105.70367278798005,False,774,0,0
fastqc,9105.0,650.0,1028.1078967943706,1028.1078967943706,FAMR_2,378.1078967943706,False,739,0,0
fastqc,9078.0,708.0,1073.12874251497,1073.12874251497,FAMR_2,365.1287425149701,False,778,0,0
fastqc,9105.0,650.0,830.5555555555555,830.5555555555555,FAMR_2,180.55555555555554,False,749,0,0
fastqc,9078.0,697.0,1176.3904939422177,1176.3904939422177,FAMR_2,479.39049394221774,False,774,0,0
fastqc,9105.0,730.0,1282.4496937882766,1282.4496937882766,FAMR_2,552.4496937882766,False,761,0,0
fastqc,9078.0,651.0,1060.1849148418491,1060.1849148418491,FAMR_2,409.18491484184915,False,790,0,0
fastqc,9105.0,704.0,1159.7654723127037,1159.7654723127037,FAMR_2,455.76547231270365,False,752,0,0
fastqc,9078.0,675.0,1059.3027734976888,1059.3027734976888,FAMR_2,384.3027734976888,False,774,0,0
fastqc,9105.0,773.0,1177.461273666093,1177.461273666093,FAMR_2,404.4612736660929,False,741,0,0
fastqc,9078.0,582.0,1097.5168539325841,1097.5168539325841,FAMR_2,515.5168539325841,False,782,0,0
fastqc,9105.0,695.0,1141.4314036478986,1141.4314036478986,FAMR_2,446.4314036478986,False,736,0,0
fastqc,9078.0,696.0,1151.2414398595258,1151.2414398595258,FAMR_2,455.2414398595258,False,759,0,0
fastqc,9105.0,769.0,1451.2005597014925,1451.2005597014925,FAMR_2,682.2005597014925,False,745,0,0
fastqc,9078.0,724.0,1009.5298126064735,1009.5298126064735,FAMR_2,285.52981260647346,False,779,0,0
fastqc,9105.0,725.0,983.4228515624999,983.4228515624999,FAMR_2,258.4228515624999,False,744,0,0
fastq-cleaner,10240.0,1683.0,1690.3365300784658,1690.3365300784658,FAMR_2,7.336530078465785,False,2149,0,0
fastq-cleaner,10240.0,1683.0,1693.0606319385142,1693.0606319385142,FAMR_2,10.060631938514234,False,2230,0,0
fastq-cleaner,10240.0,1684.0,1692.6804123711338,1692.6804123711338,FAMR_2,8.680412371133798,False,2207,0,0
fastq-cleaner,10240.0,1684.0,1702.807560137457,1702.807560137457,FAMR_2,18.807560137456903,False,2299,0,0
fastq-cleaner,10240.0,1684.0,1685.4405474764758,1685.4405474764758,FAMR_2,1.4405474764757855,False,2175,0,0
fastq-cleaner,10240.0,1683.0,1690.1861656703675,1690.1861656703675,FAMR_2,7.186165670367473,False,2192,0,0
fastq-cleaner,10240.0,1684.0,1694.0924657534247,1694.0924657534247,FAMR_2,10.092465753424676,False,2307,0,0
fastq-cleaner,10240.0,1684.0,1689.7425404944586,1689.7425404944586,FAMR_2,5.742540494458581,False,2325,0,0
fastq-cleaner,10240.0,1684.0,1686.8835616438355,1686.8835616438355,FAMR_2,2.883561643835492,False,2316,0,0
fastq-cleaner,10240.0,1683.0,1694.5175363558599,1694.5175363558599,FAMR_2,11.517536355859875,False,2296,0,0
fastq-cleaner,10240.0,1684.0,1698.4549356223174,1698.4549356223174,FAMR_2,14.454935622317407,False,2181,0,0
fastq-cleaner,10240.0,1683.0,1687.3043478260868,1687.3043478260868,FAMR_2,4.304347826086769,False,2133,0,0
fastq-cleaner,10240.0,1683.0,1688.7440273037544,1688.7440273037544,FAMR_2,5.744027303754365,False,2328,0,0
fastq-cleaner,10240.0,1684.0,1705.738382099828,1705.738382099828,FAMR_2,21.73838209982796,False,2184,0,0
fastq-cleaner,10240.0,1684.0,1691.1904355251925,1691.1904355251925,FAMR_2,7.19043552519247,False,2279,0,0
fastq-cleaner,10240.0,1684.0,1691.227467811159,1691.227467811159,FAMR_2,7.227467811158931,False,2298,0,0
fastq-cleaner,10240.0,1684.0,1695.5243798118051,1695.5243798118051,FAMR_2,11.524379811805147,False,2298,0,0
fastq-cleaner,10240.0,1684.0,1688.3290488431876,1688.3290488431876,FAMR_2,4.329048843187593,False,2273,0,0
fastq-cleaner,10240.0,1683.0,1691.6307692307694,1691.6307692307694,FAMR_2,8.630769230769374,False,2250,0,0
fastq-cleaner,10240.0,1684.0,1689.777015437393,1689.777015437393,FAMR_2,5.777015437392947,False,2199,0,0
fastq-cleaner,10240.0,1683.0,1703.277108433735,1703.277108433735,FAMR_2,20.277108433735066,False,2221,0,0
fastq-cleaner,10240.0,1683.0,1693.069230769231,1693.069230769231,FAMR_2,10.069230769230899,False,2193,0,0
fastq-cleaner,10240.0,1683.0,1687.3264781491002,1687.3264781491002,FAMR_2,4.3264781491002395,False,2270,0,0
fastq-cleaner,10240.0,1683.0,1687.3043478260868,1687.3043478260868,FAMR_2,4.304347826086769,False,2309,0,0
fastq-cleaner,10240.0,1684.0,1696.9649272882807,1696.9649272882807,FAMR_2,12.964927288280705,False,2167,0,0
fastq-cleaner,10240.0,1684.0,1699.8731790916881,1699.8731790916881,FAMR_2,15.873179091688144,False,2158,0,0
fastq-cleaner,10240.0,1683.0,1691.6233988044405,1691.6233988044405,FAMR_2,8.623398804440512,False,2197,0,0
fastq-cleaner,10240.0,1683.0,1695.9683219178082,1695.9683219178082,FAMR_2,12.968321917808225,False,2295,0,0
fastq-cleaner,10240.0,1683.0,1690.2231759656654,1690.2231759656654,FAMR_2,7.223175965665405,False,2181,0,0
fastq-cleaner,10240.0,1684.0,1691.1843003412966,1691.1843003412966,FAMR_2,7.184300341296648,False,2277,0,0
fastq-cleaner,15360.0,1748.0,1766.0206185567013,1766.0206185567013,FAMR_2,18.020618556701265,False,3221,0,0
fastq-cleaner,15360.0,1747.0,1761.9957081545062,1761.9957081545062,FAMR_2,14.995708154506247,False,3397,0,0
fastq-cleaner,15360.0,1748.0,1759.9623609923012,1759.9623609923012,FAMR_2,11.962360992301228,False,3196,0,0
fastq-cleaner,15360.0,1747.0,1754.4978540772531,1754.4978540772531,FAMR_2,7.497854077253123,False,3161,0,0
fastq-cleaner,15360.0,1748.0,1760.0344234079173,1760.0344234079173,FAMR_2,12.034423407917302,False,3286,0,0
fastq-cleaner,15360.0,1748.0,1753.991431019709,1753.991431019709,FAMR_2,5.991431019708898,False,3102,0,0
fastq-cleaner,15360.0,1748.0,1755.4637062339884,1755.4637062339884,FAMR_2,7.463706233988432,False,3244,0,0
fastq-cleaner,15360.0,1748.0,1758.4581196581198,1758.4581196581198,FAMR_2,10.458119658119813,False,3093,0,0
fastq-cleaner,15360.0,1747.0,1757.5150472914875,1757.5150472914875,FAMR_2,10.515047291487463,False,3146,0,0
fastq-cleaner,15360.0,1747.0,1769.5516351118758,1769.5516351118758,FAMR_2,22.55163511187584,False,3303,0,0
fastq-cleaner,15360.0,1748.0,1756.9717707442262,1756.9717707442262,FAMR_2,8.971770744226205,False,3233,0,0
fastq-cleaner,15360.0,1747.0,1768.0481927710841,1768.0481927710841,FAMR_2,21.048192771084132,False,3381,0,0
fastq-cleaner,15360.0,1748.0,1752.4935732647814,1752.4935732647814,FAMR_2,4.493573264781389,False,3400,0,0
fastq-cleaner,15360.0,1747.0,1749.9888793840887,1749.9888793840887,FAMR_2,2.9888793840887047,False,3139,0,0
fastq-cleaner,15360.0,1748.0,1755.6198779424587,1755.6198779424587,FAMR_2,7.619877942458743,False,3277,0,0
fastq-cleaner,15360.0,1747.0,1754.4530716723546,1754.4530716723546,FAMR_2,7.453071672354554,False,3207,0,0
fastq-cleaner,15360.0,1748.0,1750.9931506849314,1750.9931506849314,FAMR_2,2.993150684931379,False,3240,0,0
fastq-cleaner,15360.0,1748.0,1756.9564474807858,1756.9564474807858,FAMR_2,8.956447480785755,False,3193,0,0
fastq-cleaner,15360.0,1748.0,1764.4905660377362,1764.4905660377362,FAMR_2,16.490566037736244,False,3288,0,0
fastq-cleaner,15360.0,1748.0,1753.9965694682678,1753.9965694682678,FAMR_2,5.996569468267808,False,3186,0,0
fastq-cleaner,15360.0,1748.0,1761.457656116339,1761.457656116339,FAMR_2,13.457656116338967,False,3117,0,0
fastq-cleaner,15360.0,1747.0,1758.945299145299,1758.945299145299,FAMR_2,11.945299145299032,False,3148,0,0
fastq-cleaner,15360.0,1747.0,1752.957374254049,1752.957374254049,FAMR_2,5.957374254049,False,3158,0,0
fastq-cleaner,15360.0,1747.0,1754.4978540772531,1754.4978540772531,FAMR_2,7.497854077253123,False,3278,0,0
fastq-cleaner,15360.0,1748.0,1752.5639686684074,1752.5639686684074,FAMR_2,4.5639686684073695,False,3208,0,0
fastq-cleaner,15360.0,1748.0,1752.4705882352941,1752.4705882352941,FAMR_2,4.470588235294144,False,3400,0,0
fastq-cleaner,15360.0,1747.0,1754.4594363791632,1754.4594363791632,FAMR_2,7.459436379163208,False,3155,0,0
fastq-cleaner,15360.0,1748.0,1757.0103092783506,1757.0103092783506,FAMR_2,9.010309278350633,False,3183,0,0
fastq-cleaner,15360.0,1747.0,1756.1465968586385,1756.1465968586385,FAMR_2,9.146596858638532,False,3297,0,0
fastq-cleaner,15360.0,1748.0,1752.4744027303755,1752.4744027303755,FAMR_2,4.474402730375459,False,3228,0,0
fastq-cleaner,18182.0,1775.0,1784.1494845360826,1784.1494845360826,FAMR_2,9.149484536082582,False,3604,0,0
fastq-cleaner,18182.0,1775.0,1782.5725255972695,1782.5725255972695,FAMR_2,7.572525597269532,False,3949,0,0
fastq-cleaner,18182.0,1775.0,1779.5629820051413,1779.5629820051413,FAMR_2,4.5629820051412935,False,3952,0,0
fastq-cleaner,18182.0,1775.0,1779.5396419437338,1779.5396419437338,FAMR_2,4.539641943733841,False,3934,0,0
fastq-cleaner,18182.0,1775.0,1797.9130808950085,1797.9130808950085,FAMR_2,22.913080895008534,False,3933,0,0
fastq-cleaner,18182.0,1775.0,1794.840928632846,1794.840928632846,FAMR_2,19.840928632846044,False,3953,0,0
fastq-cleaner,18182.0,1775.0,1781.0631938514089,1781.0631938514089,FAMR_2,6.063193851408869,False,3939,0,0
fastq-cleaner,18182.0,1775.0,1793.2989690721647,1793.2989690721647,FAMR_2,18.29896907216471,False,3948,0,0
fastq-cleaner,18182.0,1775.0,1779.5357751277686,1779.5357751277686,FAMR_2,4.535775127768602,False,3945,0,0
fastq-cleaner,18182.0,1775.0,1782.7375762859633,1782.7375762859633,FAMR_2,7.737576285963314,False,3960,0,0
fastq-cleaner,18182.0,1775.0,1787.147134302823,1787.147134302823,FAMR_2,12.147134302822906,False,3931,0,0
fastq-cleaner,18182.0,1775.0,1778.0393835616437,1778.0393835616437,FAMR_2,3.0393835616437173,False,3943,0,0
fastq-cleaner,18182.0,1776.0,1789.6732249786144,1789.6732249786144,FAMR_2,13.673224978614371,False,3658,0,0
fastq-cleaner,18182.0,1775.0,1785.6378424657537,1785.6378424657537,FAMR_2,10.637842465753693,False,3624,0,0
fastq-cleaner,18182.0,1775.0,1781.0580204778157,1781.0580204778157,FAMR_2,6.058020477815717,False,3740,0,0
fastq-cleaner,18182.0,1775.0,1782.5725255972695,1782.5725255972695,FAMR_2,7.572525597269532,False,3757,0,0
fastq-cleaner,18182.0,1775.0,1782.6180257510732,1782.6180257510732,FAMR_2,7.618025751073219,False,3759,0,0
fastq-cleaner,18182.0,1775.0,1781.0891938250431,1781.0891938250431,FAMR_2,6.089193825043139,False,3730,0,0
fastq-cleaner,18182.0,1775.0,1778.0393835616437,1778.0393835616437,FAMR_2,3.0393835616437173,False,3736,0,0
fastq-cleaner,18182.0,1775.0,1784.0947907771133,1784.0947907771133,FAMR_2,9.094790777113303,False,3734,0,0
fastq-cleaner,18182.0,1775.0,1785.6196581196582,1785.6196581196582,FAMR_2,10.619658119658197,False,3716,0,0
fastq-cleaner,18182.0,1774.0,1790.7358490566041,1790.7358490566041,FAMR_2,16.73584905660414,False,3725,0,0
fastq-cleaner,18182.0,1774.0,1778.6318537859006,1778.6318537859006,FAMR_2,4.631853785900603,False,3737,0,0
fastq-cleaner,18182.0,1775.0,1784.1494845360826,1784.1494845360826,FAMR_2,9.149484536082582,False,3751,0,0
fastq-cleaner,18182.0,1774.0,1789.2013710368467,1789.2013710368467,FAMR_2,15.201371036846695,False,3760,0,0
fastq-cleaner,18182.0,1775.0,1784.2931937172773,1784.2931937172773,FAMR_2,9.29319371727729,False,3760,0,0
fastq-cleaner,18182.0,1775.0,1782.6180257510732,1782.6180257510732,FAMR_2,7.618025751073219,False,3747,0,0
fastq-cleaner,18182.0,1775.0,1788.688946015424,1788.688946015424,FAMR_2,13.688946015424108,False,3748,0,0
fastq-cleaner,18182.0,1775.0,1787.147134302823,1787.147134302823,FAMR_2,12.147134302822906,False,3765,0,0
fastq-cleaner,18182.0,1775.0,1782.5789923142613,1782.5789923142613,FAMR_2,7.578992314261313,False,3781,0,0
burrows-wheeler-aligner,10240.0,15243.0,15364.781624500667,15364.781624500667,FAMR_2,121.78162450066702,False,4144,0,0
burrows-wheeler-aligner,10240.0,15342.0,15457.984236770146,15457.984236770146,FAMR_2,115.9842367701458,False,4152,0,0
burrows-wheeler-aligner,10240.0,15308.0,15368.34691195795,15368.34691195795,FAMR_2,60.34691195794949,False,4343,0,0
burrows-wheeler-aligner,10240.0,15395.0,15493.864646797301,15493.864646797301,FAMR_2,98.86464679730125,False,4477,0,0
burrows-wheeler-aligner,10240.0,15224.0,15460.59087191232,15460.59087191232,FAMR_2,236.59087191231993,False,4079,0,0
burrows-wheeler-aligner,10240.0,15276.0,15368.279510204082,15368.279510204082,FAMR_2,92.27951020408182,False,4430,0,0
burrows-wheeler-aligner,10240.0,15244.0,15320.503804435808,15320.503804435808,FAMR_2,76.50380443580798,False,4291,0,0
burrows-wheeler-aligner,10240.0,15395.0,15417.913014718042,15417.913014718042,FAMR_2,22.913014718042177,False,4473,0,0
burrows-wheeler-aligner,10240.0,15248.0,15281.048349449815,15281.048349449815,FAMR_2,33.04834944981485,False,4444,0,0
burrows-wheeler-aligner,10240.0,15208.0,16292.313583099522,16292.313583099522,FAMR_2,1084.3135830995216,False,4504,0,0
burrows-wheeler-aligner,10240.0,15137.0,15386.769155366768,15386.769155366768,FAMR_2,249.76915536676825,False,4278,0,0
burrows-wheeler-aligner,10240.0,15257.0,15423.45806871845,15423.45806871845,FAMR_2,166.4580687184498,False,4508,0,0
burrows-wheeler-aligner,10240.0,15299.0,15399.78392621871,15399.78392621871,FAMR_2,100.7839262187099,False,4504,0,0
burrows-wheeler-aligner,10240.0,15240.0,15280.673894912426,15280.673894912426,FAMR_2,40.673894912426476,False,4439,0,0
burrows-wheeler-aligner,10240.0,15231.0,15336.12769104355,15336.12769104355,FAMR_2,105.12769104354993,False,4510,0,0
burrows-wheeler-aligner,10240.0,15312.0,15453.682368775235,15453.682368775235,FAMR_2,141.68236877523486,False,4479,0,0
burrows-wheeler-aligner,10240.0,15182.0,15253.253924583267,15253.253924583267,FAMR_2,71.25392458326678,False,4458,0,0
burrows-wheeler-aligner,10240.0,15247.0,15310.805657850684,15310.805657850684,FAMR_2,63.80565785068393,False,4507,0,0
burrows-wheeler-aligner,10240.0,15251.0,15391.67797726898,15391.67797726898,FAMR_2,140.6779772689806,False,4370,0,0
burrows-wheeler-aligner,10240.0,15345.0,15498.552368245497,15498.552368245497,FAMR_2,153.55236824549684,False,4340,0,0
burrows-wheeler-aligner,10240.0,15226.0,16070.238373983742,16070.238373983742,FAMR_2,844.2383739837423,False,4351,0,0
burrows-wheeler-aligner,10240.0,15293.0,15505.509459233215,15505.509459233215,FAMR_2,212.50945923321524,False,4109,0,0
burrows-wheeler-aligner,10240.0,15226.0,15309.437064098305,15309.437064098305,FAMR_2,83.4370640983052,False,4443,0,0
burrows-wheeler-aligner,10240.0,15361.0,15440.410662358641,15440.410662358641,FAMR_2,79.41066235864128,False,4540,0,0
burrows-wheeler-aligner,10240.0,15292.0,15366.81409001957,15366.81409001957,FAMR_2,74.81409001957036,False,4486,0,0
burrows-wheeler-aligner,10240.0,15255.0,15339.008746355683,15339.008746355683,FAMR_2,84.00874635568289,False,4343,0,0
burrows-wheeler-aligner,10240.0,15244.0,15437.790325243519,15437.790325243519,FAMR_2,193.79032524351896,False,4398,0,0
burrows-wheeler-aligner,10240.0,15225.0,15237.674825174825,15237.674825174825,FAMR_2,12.674825174824946,False,4529,0,0
burrows-wheeler-aligner,10240.0,15210.0,15262.250940618356,15262.250940618356,FAMR_2,52.25094061835625,False,4484,0,0
burrows-wheeler-aligner,10240.0,15335.0,15335.0,15335.0,FAMR_2,0.0,False,4392,0,0
burrows-wheeler-aligner,15360.0,15446.0,15481.333986928104,15481.333986928104,FAMR_2,35.33398692810442,False,6374,0,0
burrows-wheeler-aligner,15360.0,15467.0,15709.937172774871,15709.937172774871,FAMR_2,242.93717277487121,False,6640,0,0
burrows-wheeler-aligner,15360.0,15409.0,15491.635830400537,15491.635830400537,FAMR_2,82.63583040053709,False,6350,0,0
burrows-wheeler-aligner,15360.0,15492.0,15515.05738382669,15515.05738382669,FAMR_2,23.057383826690057,False,6622,0,0
burrows-wheeler-aligner,15360.0,15499.0,15574.826810176128,15574.826810176128,FAMR_2,75.82681017612776,False,6552,0,0
burrows-wheeler-aligner,15360.0,15352.0,15454.091438071488,15454.091438071488,FAMR_2,102.09143807148757,False,6579,0,0
burrows-wheeler-aligner,15360.0,15334.0,15430.840950639853,15430.840950639853,FAMR_2,96.84095063985296,False,6610,0,0
burrows-wheeler-aligner,15360.0,15390.0,15543.850370848115,15543.850370848115,FAMR_2,153.85037084811484,False,6198,0,0
burrows-wheeler-aligner,15360.0,15402.0,15491.633365664404,15491.633365664404,FAMR_2,89.63336566440375,False,6391,0,0
burrows-wheeler-aligner,15360.0,15394.0,15471.256597053587,15471.256597053587,FAMR_2,77.25659705358703,False,6548,0,0
burrows-wheeler-aligner,15360.0,15445.0,16456.58158240315,16456.58158240315,FAMR_2,1011.5815824031488,False,6288,0,0
burrows-wheeler-aligner,15360.0,15342.0,15513.984174085064,15513.984174085064,FAMR_2,171.9841740850643,False,6479,0,0
burrows-wheeler-aligner,15360.0,15353.0,15492.067028985506,15492.067028985506,FAMR_2,139.0670289855061,False,6378,0,0
burrows-wheeler-aligner,15360.0,15422.0,15434.431081734643,15434.431081734643,FAMR_2,12.431081734643158,False,6506,0,0
burrows-wheeler-aligner,15360.0,15510.0,15582.79333225441,15582.79333225441,FAMR_2,72.79333225441042,False,6492,0,0
burrows-wheeler-aligner,15360.0,15421.0,15547.996470588236,15547.996470588236,FAMR_2,126.99647058823575,False,6270,0,0
burrows-wheeler-aligner,15360.0,15429.0,15548.133070478067,15548.133070478067,FAMR_2,119.13307047806666,False,6639,0,0
burrows-wheeler-aligner,15360.0,15387.0,15445.121366398425,15445.121366398425,FAMR_2,58.12136639842538,False,6534,0,0
burrows-wheeler-aligner,15360.0,15397.0,15376.922412387936,30753.84482477587,FAMR_2,15356.844824775872,False,6647,5934,1
burrows-wheeler-aligner,15360.0,15377.0,15442.156779661018,15442.156779661018,FAMR_2,65.15677966101794,False,6080,0,0
burrows-wheeler-aligner,15360.0,15513.0,15728.566549472625,15728.566549472625,FAMR_2,215.5665494726254,False,6163,0,0
burrows-wheeler-aligner,15360.0,15439.0,15519.59510603589,15519.59510603589,FAMR_2,80.59510603588933,False,6594,0,0
burrows-wheeler-aligner,15360.0,15433.0,15545.430791646428,15545.430791646428,FAMR_2,112.43079164642768,False,6194,0,0
burrows-wheeler-aligner,15360.0,15432.0,15484.261248185776,15484.261248185776,FAMR_2,52.26124818577591,False,6649,0,0
burrows-wheeler-aligner,15360.0,15359.0,16210.612845528454,16210.612845528454,FAMR_2,851.6128455284543,False,6698,0,0
burrows-wheeler-aligner,15360.0,15353.0,15393.670198675498,15393.670198675498,FAMR_2,40.670198675497886,False,6761,0,0
burrows-wheeler-aligner,15360.0,15442.0,15625.620809248554,15625.620809248554,FAMR_2,183.620809248554,False,6428,0,0
burrows-wheeler-aligner,15360.0,15436.0,16262.794351566303,16262.794351566303,FAMR_2,826.7943515663028,False,6560,0,0
burrows-wheeler-aligner,15360.0,15370.0,15455.277415143604,15455.277415143604,FAMR_2,85.27741514360423,False,6726,0,0
burrows-wheeler-aligner,15360.0,15449.0,15603.59306204136,15603.59306204136,FAMR_2,154.5930620413601,False,6561,0,0
burrows-wheeler-aligner,18182.0,15472.0,15645.441477085393,15645.441477085393,FAMR_2,173.44147708539276,False,7274,0,0
burrows-wheeler-aligner,18182.0,15500.0,15535.45751633987,15535.45751633987,FAMR_2,35.45751633986947,False,7987,0,0
burrows-wheeler-aligner,18182.0,15371.0,15564.538104705105,15564.538104705105,FAMR_2,193.53810470510507,False,7899,0,0
burrows-wheeler-aligner,18182.0,15459.0,15586.309411764709,15586.309411764709,FAMR_2,127.30941176470878,False,7857,0,0
burrows-wheeler-aligner,18182.0,15457.0,15509.345911949686,15509.345911949686,FAMR_2,52.345911949685615,False,7950,0,0
burrows-wheeler-aligner,18182.0,15413.0,15441.257166666668,15441.257166666668,FAMR_2,28.257166666668127,False,7856,0,0
burrows-wheeler-aligner,18182.0,15567.0,15778.590291262133,15778.590291262133,FAMR_2,211.59029126213318,False,7759,0,0
burrows-wheeler-aligner,18182.0,15427.0,15505.360970014746,15505.360970014746,FAMR_2,78.36097001474627,False,7821,0,0
burrows-wheeler-aligner,18182.0,15444.0,15517.362162162164,15517.362162162164,FAMR_2,73.36216216216417,False,7875,0,0
burrows-wheeler-aligner,18182.0,15431.0,15510.953367875647,15510.953367875647,FAMR_2,79.95336787564702,False,8143,0,0
burrows-wheeler-aligner,18182.0,15496.0,15588.910711391994,15588.910711391994,FAMR_2,92.91071139199448,False,8189,0,0
burrows-wheeler-aligner,18182.0,15538.0,15641.328345802161,15641.328345802161,FAMR_2,103.3283458021615,False,7772,0,0
burrows-wheeler-aligner,18182.0,15485.0,16464.06797706798,16464.06797706798,FAMR_2,979.0679770679817,False,7610,0,0
burrows-wheeler-aligner,18182.0,15443.0,15435.423712183157,30870.847424366315,FAMR_2,15427.847424366315,False,7669,6847,1
burrows-wheeler-aligner,18182.0,15510.0,15572.29958158996,15572.29958158996,FAMR_2,62.299581589959416,False,7906,0,0
burrows-wheeler-aligner,18182.0,15500.0,16356.771256706228,16356.771256706228,FAMR_2,856.7712567062281,False,7903,0,0
burrows-wheeler-aligner,18182.0,15492.0,15598.608257804632,15598.608257804632,FAMR_2,106.60825780463165,False,7706,0,0
burrows-wheeler-aligner,18182.0,15448.0,15613.641702408448,15613.641702408448,FAMR_2,165.6417024084476,False,7818,0,0
burrows-wheeler-aligner,18182.0,15385.0,15392.371825586966,15392.371825586966,FAMR_2,7.371825586966224,False,7672,0,0
burrows-wheeler-aligner,18182.0,15412.0,15531.001807129951,15531.001807129951,FAMR_2,119.00180712995098,False,7752,0,0
burrows-wheeler-aligner,18182.0,15533.0,15628.500332336327,15628.500332336327,FAMR_2,95.50033233632712,False,7892,0,0
burrows-wheeler-aligner,18182.0,15516.0,15666.864205669082,15666.864205669082,FAMR_2,150.86420566908237,False,7815,0,0
burrows-wheeler-aligner,18182.0,15442.0,15500.329118081787,15500.329118081787,FAMR_2,58.32911808178687,False,7638,0,0
burrows-wheeler-aligner,18182.0,15451.0,15516.47033898305,15516.47033898305,FAMR_2,65.47033898305017,False,7683,0,0
burrows-wheeler-aligner,18182.0,15494.0,15535.043708609272,15535.043708609272,FAMR_2,41.04370860927156,False,7704,0,0
burrows-wheeler-aligner,18182.0,15423.0,15508.571475195824,15508.571475195824,FAMR_2,85.57147519582395,False,7855,0,0
burrows-wheeler-aligner,18182.0,15436.0,16476.743298799538,16476.743298799538,FAMR_2,1040.743298799538,False,7708,0,0
burrows-wheeler-aligner,18182.0,15384.0,15625.633507853403,15625.633507853403,FAMR_2,241.633507853403,False,7894,0,0
burrows-wheeler-aligner,18182.0,15482.0,15563.484210526314,15563.484210526314,FAMR_2,81.4842105263142,False,7739,0,0
burrows-wheeler-aligner,18182.0,15490.0,15630.655439986791,15630.655439986791,FAMR_2,140.65543998679095,False,7568,0,0
picard-markduplicate,10240.0,57210.0,76911.67026367647,76911.67026367647,FAMR_2,19701.670263676468,False,5618,0,0
picard-markduplicate,10240.0,43045.0,50745.33840734683,50745.33840734683,FAMR_2,7700.338407346833,False,5593,0,0
picard-markduplicate,10240.0,50035.0,59932.211513928516,59932.211513928516,FAMR_2,9897.211513928516,False,5588,0,0
picard-markduplicate,10240.0,55042.0,62417.219777503095,62417.219777503095,FAMR_2,7375.2197775030945,False,5516,0,0
picard-markduplicate,10240.0,60015.0,56653.589525637515,113307.17905127503,FAMR_2,53292.17905127503,False,5554,3280,1
picard-markduplicate,10240.0,59382.0,65416.8539368987,65416.8539368987,FAMR_2,6034.853936898697,False,5036,0,0
picard-markduplicate,10240.0,45435.0,54920.94649855171,54920.94649855171,FAMR_2,9485.946498551712,False,6357,0,0
picard-markduplicate,10240.0,58006.0,70648.55417631802,70648.55417631802,FAMR_2,12642.554176318023,False,5887,0,0
picard-markduplicate,10240.0,52401.0,81843.55125994695,81843.55125994695,FAMR_2,29442.55125994695,False,6227,0,0
picard-markduplicate,10240.0,54090.0,61699.15947579141,61699.15947579141,FAMR_2,7609.159475791414,False,6705,0,0
picard-markduplicate,10240.0,56875.0,75517.5709200236,75517.5709200236,FAMR_2,18642.5709200236,False,6180,0,0
picard-markduplicate,10240.0,55649.0,62895.17190869879,62895.17190869879,FAMR_2,7246.171908698787,False,5446,0,0
picard-markduplicate,10240.0,47479.0,49977.20753506279,49977.20753506279,FAMR_2,2498.207535062793,False,6416,0,0
picard-markduplicate,10240.0,53733.0,57662.659320606406,57662.659320606406,FAMR_2,3929.6593206064063,False,6282,0,0
picard-markduplicate,10240.0,56872.0,65947.9712579153,65947.9712579153,FAMR_2,9075.971257915298,False,8592,0,0
picard-markduplicate,10240.0,57557.0,70925.94022914831,70925.94022914831,FAMR_2,13368.940229148313,False,5917,0,0
picard-markduplicate,10240.0,41859.0,45470.333648661435,45470.333648661435,FAMR_2,3611.3336486614353,False,5747,0,0
picard-markduplicate,10240.0,57840.0,63356.59566338715,63356.59566338715,FAMR_2,5516.5956633871465,False,5926,0,0
picard-markduplicate,10240.0,57338.0,141891.94529364438,141891.94529364438,FAMR_2,84553.94529364438,False,8649,0,0
picard-markduplicate,10240.0,57639.0,67632.98779618036,67632.98779618036,FAMR_2,9993.987796180358,False,6005,0,0
picard-markduplicate,10240.0,58504.0,65443.65324636822,65443.65324636822,FAMR_2,6939.653246368223,False,5575,0,0
picard-markduplicate,10240.0,60182.0,85642.08311471793,85642.08311471793,FAMR_2,25460.083114717927,False,5456,0,0
picard-markduplicate,10240.0,49573.0,61858.36534276387,61858.36534276387,FAMR_2,12285.365342763871,False,6522,0,0
picard-markduplicate,10240.0,53844.0,68090.61648322147,68090.61648322147,FAMR_2,14246.61648322147,False,5879,0,0
picard-markduplicate,10240.0,47554.0,62510.633055164995,62510.633055164995,FAMR_2,14956.633055164995,False,5607,0,0
picard-markduplicate,10240.0,56624.0,71181.95303159693,71181.95303159693,FAMR_2,14557.953031596931,False,5575,0,0
picard-markduplicate,10240.0,57470.0,69270.26645768025,69270.26645768025,FAMR_2,11800.266457680249,False,6008,0,0
picard-markduplicate,10240.0,56070.0,66169.553286972,66169.553286972,FAMR_2,10099.553286972005,False,6417,0,0
picard-markduplicate,10240.0,46646.0,52325.63884843286,52325.63884843286,FAMR_2,5679.638848432864,False,5435,0,0
picard-markduplicate,10240.0,37774.0,48759.44712753901,48759.44712753901,FAMR_2,10985.44712753901,False,6328,0,0
picard-markduplicate,15360.0,55697.0,73701.95288689545,73701.95288689545,FAMR_2,18004.95288689545,False,7495,0,0
picard-markduplicate,15360.0,55684.0,73225.75185415221,73225.75185415221,FAMR_2,17541.751854152215,False,11357,0,0
picard-markduplicate,15360.0,58083.0,94640.58218650972,94640.58218650972,FAMR_2,36557.582186509724,False,7771,0,0
picard-markduplicate,15360.0,51141.0,57519.007906057435,57519.007906057435,FAMR_2,6378.007906057435,False,8121,0,0
picard-markduplicate,15360.0,55735.0,61969.86202106291,61969.86202106291,FAMR_2,6234.862021062909,False,7986,0,0
picard-markduplicate,15360.0,54584.0,60521.1453354804,60521.1453354804,FAMR_2,5937.145335480403,False,8252,0,0
picard-markduplicate,15360.0,55232.0,74587.42595034688,74587.42595034688,FAMR_2,19355.42595034688,False,8018,0,0
picard-markduplicate,15360.0,55800.0,66838.74733702598,66838.74733702598,FAMR_2,11038.747337025983,False,7762,0,0
picard-markduplicate,15360.0,45400.0,53472.294608069045,53472.294608069045,FAMR_2,8072.294608069045,False,8021,0,0
picard-markduplicate,15360.0,60968.0,76821.26714979245,76821.26714979245,FAMR_2,15853.267149792446,False,8165,0,0
picard-markduplicate,15360.0,49965.0,61067.855112412784,61067.855112412784,FAMR_2,11102.855112412784,False,7735,0,0
picard-markduplicate,15360.0,59404.0,70856.83109168822,70856.83109168822,FAMR_2,11452.831091688218,False,8210,0,0
picard-markduplicate,15360.0,38431.0,42096.42683159805,42096.42683159805,FAMR_2,3665.4268315980516,False,8388,0,0
picard-markduplicate,15360.0,33206.0,40918.859065779994,40918.859065779994,FAMR_2,7712.859065779994,False,7697,0,0
picard-markduplicate,15360.0,46959.0,49574.43797468355,49574.43797468355,FAMR_2,2615.4379746835475,False,7947,0,0
picard-markduplicate,15360.0,55513.0,70609.39420722926,70609.39420722926,FAMR_2,15096.394207229256,False,7866,0,0
picard-markduplicate,15360.0,59873.0,87425.83747987327,87425.83747987327,FAMR_2,27552.83747987327,False,9411,0,0
picard-markduplicate,15360.0,45874.0,43292.50130887925,86585.0026177585,FAMR_2,40711.002617758495,False,7662,4525,1
picard-markduplicate,15360.0,56636.0,70568.04253293127,70568.04253293127,FAMR_2,13932.042532931271,False,8473,0,0
picard-markduplicate,15360.0,53626.0,61007.20961381711,61007.20961381711,FAMR_2,7381.209613817111,False,7712,0,0
picard-markduplicate,15360.0,41171.0,46496.10745270754,46496.10745270754,FAMR_2,5325.10745270754,False,8062,0,0
picard-markduplicate,15360.0,54633.0,69189.91893248257,69189.91893248257,FAMR_2,14556.918932482571,False,7976,0,0
picard-markduplicate,15360.0,53668.0,83822.44058355439,83822.44058355439,FAMR_2,30154.440583554388,False,8153,0,0
picard-markduplicate,15360.0,60484.0,65003.22318587384,65003.22318587384,FAMR_2,4519.223185873838,False,9423,0,0
picard-markduplicate,15360.0,61305.0,74518.65552576963,74518.65552576963,FAMR_2,13213.655525769631,False,8037,0,0
picard-markduplicate,15360.0,49393.0,57678.4154931757,57678.4154931757,FAMR_2,8285.4154931757,False,8290,0,0
picard-markduplicate,15360.0,59074.0,69151.03409293041,69151.03409293041,FAMR_2,10077.034092930407,False,7972,0,0
picard-markduplicate,15360.0,57401.0,65475.93738343323,65475.93738343323,FAMR_2,8074.937383433229,False,9410,0,0
picard-markduplicate,15360.0,61496.0,72572.90616970985,72572.90616970985,FAMR_2,11076.906169709851,False,11880,0,0
picard-markduplicate,15360.0,50712.0,53380.31863598863,53380.31863598863,FAMR_2,2668.3186359886313,False,8168,0,0
picard-markduplicate,18182.0,56244.0,64196.481702029254,64196.481702029254,FAMR_2,7952.481702029254,False,8935,0,0
picard-markduplicate,18182.0,57401.0,65400.3240427588,65400.3240427588,FAMR_2,7999.3240427588025,False,9820,0,0
picard-markduplicate,18182.0,46456.0,54823.84104689802,54823.84104689802,FAMR_2,8367.841046898022,False,9607,0,0
picard-markduplicate,18182.0,46867.0,57281.44031929251,57281.44031929251,FAMR_2,10414.44031929251,False,10126,0,0
picard-markduplicate,18182.0,55020.0,64748.50941556776,64748.50941556776,FAMR_2,9728.509415567758,False,10435,0,0
picard-markduplicate,18182.0,57267.0,87371.29519984804,87371.29519984804,FAMR_2,30104.295199848042,False,9779,0,0
picard-markduplicate,18182.0,42432.0,48560.53427972254,48560.53427972254,FAMR_2,6128.5342797225385,False,10584,0,0
picard-markduplicate,18182.0,42963.0,45223.242621280064,45223.242621280064,FAMR_2,2260.2426212800638,False,9220,0,0
picard-markduplicate,18182.0,60897.0,68826.52489216391,68826.52489216391,FAMR_2,7929.524892163914,False,10882,0,0
picard-markduplicate,18182.0,42992.0,54683.390841013825,54683.390841013825,FAMR_2,11691.390841013825,False,9428,0,0
picard-markduplicate,18182.0,47118.0,56433.82578724738,56433.82578724738,FAMR_2,9315.825787247377,False,13560,0,0
picard-markduplicate,18182.0,58667.0,65625.98805217908,65625.98805217908,FAMR_2,6958.9880521790765,False,10571,0,0
picard-markduplicate,18182.0,46772.0,57957.07927272727,57957.07927272727,FAMR_2,11185.079272727271,False,8541,0,0
picard-markduplicate,18182.0,56244.0,70931.93825464832,70931.93825464832,FAMR_2,14687.938254648325,False,9030,0,0
picard-markduplicate,18182.0,56244.0,60904.33332285543,60904.33332285543,FAMR_2,4660.333322855433,False,9528,0,0
picard-markduplicate,18182.0,52806.0,66818.63064773196,66818.63064773196,FAMR_2,14012.63064773196,False,9147,0,0
picard-markduplicate,18182.0,43444.0,47407.05781421688,47407.05781421688,FAMR_2,3963.0578142168815,False,8935,0,0
picard-markduplicate,18182.0,55412.0,66980.95053103879,66980.95053103879,FAMR_2,11568.95053103879,False,9566,0,0
picard-markduplicate,18182.0,45364.0,65537.5263448445,65537.5263448445,FAMR_2,20173.526344844504,False,9170,0,0
picard-markduplicate,18182.0,55124.0,59126.23714358814,59126.23714358814,FAMR_2,4002.237143588143,False,9331,0,0
picard-markduplicate,18182.0,55124.0,62021.40581288945,62021.40581288945,FAMR_2,6897.405812889447,False,10390,0,0
picard-markduplicate,18182.0,42132.0,56407.240683287855,56407.240683287855,FAMR_2,14275.240683287855,False,8871,0,0
picard-markduplicate,18182.0,52980.0,63758.40375586855,63758.40375586855,FAMR_2,10778.403755868552,False,8995,0,0
picard-markduplicate,18182.0,58040.0,67951.39496728538,67951.39496728538,FAMR_2,9911.394967285378,False,9478,0,0
picard-markduplicate,18182.0,60148.0,74943.96889382636,74943.96889382636,FAMR_2,14795.968893826357,False,9458,0,0
picard-markduplicate,18182.0,48084.0,63892.29174009015,63892.29174009015,FAMR_2,15808.29174009015,False,13748,0,0
picard-markduplicate,18182.0,56308.0,54109.91050394263,108219.82100788526,FAMR_2,51911.82100788526,False,13422,7927,1
picard-markduplicate,18182.0,51051.0,56055.22535211267,56055.22535211267,FAMR_2,5004.2253521126695,False,9421,0,0
picard-markduplicate,18182.0,55444.0,137204.9428801287,137204.9428801287,FAMR_2,81760.94288012871,False,10687,0,0
picard-markduplicate,18182.0,56308.0,74463.92938366858,74463.92938366858,FAMR_2,18155.929383668583,False,10324,0,0
samtools-sort-markduplicate,10240.0,20473.0,20500.579254602606,20500.579254602606,FAMR_2,27.579254602605943,False,1250,0,0
samtools-sort-markduplicate,10240.0,20392.0,20573.26222222222,20573.26222222222,FAMR_2,181.26222222221986,False,1213,0,0
samtools-sort-markduplicate,10240.0,20423.0,20644.204022988506,20644.204022988506,FAMR_2,221.20402298850604,False,1255,0,0
samtools-sort-markduplicate,10240.0,20498.0,20608.75011256191,20608.75011256191,FAMR_2,110.75011256190919,False,1676,0,0
samtools-sort-markduplicate,10240.0,20433.0,27686.577331935918,27686.577331935918,FAMR_2,7253.577331935918,False,1214,0,0
samtools-sort-markduplicate,10240.0,20387.0,21062.190432382708,21062.190432382708,FAMR_2,675.1904323827075,False,1256,0,0
samtools-sort-markduplicate,10240.0,20478.0,21020.280969479354,21020.280969479354,FAMR_2,542.2809694793541,False,1692,0,0
samtools-sort-markduplicate,10240.0,20489.0,20561.46330680814,20561.46330680814,FAMR_2,72.46330680813844,False,1539,0,0
samtools-sort-markduplicate,10240.0,20499.0,29584.761084481725,29584.761084481725,FAMR_2,9085.761084481725,False,1510,0,0
samtools-sort-markduplicate,10240.0,20508.0,27784.041916167665,27784.041916167665,FAMR_2,7276.0419161676655,False,1910,0,0
samtools-sort-markduplicate,10240.0,20445.0,28967.066177571494,28967.066177571494,FAMR_2,8522.066177571494,False,1731,0,0
samtools-sort-markduplicate,10240.0,20501.0,29605.385941247,29605.385941247,FAMR_2,9104.385941247001,False,1413,0,0
samtools-sort-markduplicate,10240.0,20461.0,20528.477439664217,20528.477439664217,FAMR_2,67.47743966421694,False,1497,0,0
samtools-sort-markduplicate,10240.0,20433.0,20718.988981536626,20718.988981536626,FAMR_2,285.98898153662594,False,1249,0,0
samtools-sort-markduplicate,10240.0,20412.0,24775.523353293414,24775.523353293414,FAMR_2,4363.523353293414,False,1585,0,0
samtools-sort-markduplicate,10240.0,20467.0,20491.515047162753,20491.515047162753,FAMR_2,24.515047162753035,False,1352,0,0
samtools-sort-markduplicate,10240.0,20400.0,20583.288409703502,20583.288409703502,FAMR_2,183.2884097035021,False,1811,0,0
samtools-sort-markduplicate,10240.0,20419.0,20690.46908929758,20690.46908929758,FAMR_2,271.4690892975814,False,1739,0,0
samtools-sort-markduplicate,10240.0,20454.0,24819.070936845255,24819.070936845255,FAMR_2,4365.070936845255,False,1656,0,0
samtools-sort-markduplicate,10240.0,20542.0,21048.187275985663,21048.187275985663,FAMR_2,506.1872759856633,False,1538,0,0
samtools-sort-markduplicate,10240.0,20491.0,20543.178999400836,20543.178999400836,FAMR_2,52.17899940083589,False,1557,0,0
samtools-sort-markduplicate,10240.0,20515.0,29136.041572865073,29136.041572865073,FAMR_2,8621.041572865073,False,1166,0,0
samtools-sort-markduplicate,10240.0,20415.0,27637.35976065819,27637.35976065819,FAMR_2,7222.35976065819,False,1420,0,0
samtools-sort-markduplicate,10240.0,20504.0,20540.84456424079,20540.84456424079,FAMR_2,36.84456424078962,False,1225,0,0
samtools-sort-markduplicate,10240.0,20425.0,20437.22504863085,20437.22504863085,FAMR_2,12.225048630851234,False,1283,0,0
samtools-sort-markduplicate,10240.0,20447.0,20462.300059862315,20462.300059862315,FAMR_2,15.30005986231481,False,1273,0,0
samtools-sort-markduplicate,10240.0,20449.0,20794.591283077607,20794.591283077607,FAMR_2,345.59128307760693,False,1052,0,0
samtools-sort-markduplicate,10240.0,20470.0,20515.93806104129,20515.93806104129,FAMR_2,45.9380610412918,False,1811,0,0
samtools-sort-markduplicate,10240.0,20511.0,29056.226497005988,29056.226497005988,FAMR_2,8545.226497005988,False,1361,0,0
samtools-sort-markduplicate,10240.0,20493.0,20553.36229749632,20553.36229749632,FAMR_2,60.362297496318206,False,1415,0,0
samtools-sort-markduplicate,15360.0,20468.0,20662.182033797806,20662.182033797806,FAMR_2,194.18203379780607,False,1820,0,0
samtools-sort-markduplicate,15360.0,20487.0,21087.901924839596,21087.901924839596,FAMR_2,600.9019248395962,False,2338,0,0
samtools-sort-markduplicate,15360.0,20506.0,29559.44195092759,29559.44195092759,FAMR_2,9053.44195092759,False,2035,0,0
samtools-sort-markduplicate,15360.0,20467.0,20809.237085697223,20809.237085697223,FAMR_2,342.23708569722294,False,2034,0,0
samtools-sort-markduplicate,15360.0,20483.0,20498.32699790482,20498.32699790482,FAMR_2,15.326997904820018,False,1880,0,0
samtools-sort-markduplicate,15360.0,20418.0,20513.053010962605,20513.053010962605,FAMR_2,95.05301096260519,False,2076,0,0
samtools-sort-markduplicate,15360.0,20447.0,29518.556338028167,29518.556338028167,FAMR_2,9071.556338028167,False,2053,0,0
samtools-sort-markduplicate,15360.0,20471.0,20531.297496318115,20531.297496318115,FAMR_2,60.29749631811501,False,1821,0,0
samtools-sort-markduplicate,15360.0,20430.0,20463.66237267825,20463.66237267825,FAMR_2,33.662372678249085,False,1883,0,0
samtools-sort-markduplicate,15360.0,20467.0,20743.703679078015,20743.703679078015,FAMR_2,276.70367907801483,False,2013,0,0
samtools-sort-markduplicate,15360.0,20407.0,28908.898353293414,28908.898353293414,FAMR_2,8501.898353293414,False,1791,0,0
samtools-sort-markduplicate,15360.0,20465.0,20838.665107993762,20838.665107993762,FAMR_2,373.6651079937619,False,2378,0,0
samtools-sort-markduplicate,15360.0,20453.0,24836.44211472218,24836.44211472218,FAMR_2,4383.44211472218,False,2091,0,0
samtools-sort-markduplicate,15360.0,20445.0,28967.066177571494,28967.066177571494,FAMR_2,8522.066177571494,False,1832,0,0
samtools-sort-markduplicate,15360.0,20456.0,20477.4263055514,20477.4263055514,FAMR_2,21.4263055513984,False,2204,0,0
samtools-sort-markduplicate,15360.0,20497.0,20509.268143049525,20509.268143049525,FAMR_2,12.268143049524951,False,1806,0,0
samtools-sort-markduplicate,15360.0,20401.0,24762.171856287427,24762.171856287427,FAMR_2,4361.171856287427,False,2017,0,0
samtools-sort-markduplicate,15360.0,20499.0,20526.626684636118,20526.626684636118,FAMR_2,27.626684636117716,False,1731,0,0
samtools-sort-markduplicate,15360.0,20419.0,20649.28947368421,20649.28947368421,FAMR_2,230.28947368420995,False,1913,0,0
samtools-sort-markduplicate,15360.0,20421.0,27666.175149700597,27666.175149700597,FAMR_2,7245.175149700597,False,1804,0,0
samtools-sort-markduplicate,15360.0,20472.0,20536.377358490565,20536.377358490565,FAMR_2,64.3773584905648,False,1818,0,0
samtools-sort-markduplicate,15360.0,20400.0,27641.86255427459,27641.86255427459,FAMR_2,7241.86255427459,False,1693,0,0
samtools-sort-markduplicate,15360.0,20433.0,20759.782763216346,20759.782763216346,FAMR_2,326.7827632163462,False,1730,0,0
samtools-sort-markduplicate,15360.0,20467.0,20512.93132854578,20512.93132854578,FAMR_2,45.93132854577925,False,1977,0,0
samtools-sort-markduplicate,15360.0,20411.0,24763.1883884483,24763.1883884483,FAMR_2,4352.1883884482995,False,2071,0,0
samtools-sort-markduplicate,15360.0,20486.0,21028.492818671453,21028.492818671453,FAMR_2,542.4928186714533,False,2329,0,0
samtools-sort-markduplicate,15360.0,20437.0,20563.82535460993,20563.82535460993,FAMR_2,126.82535460992949,False,1763,0,0
samtools-sort-markduplicate,15360.0,20498.0,20576.559551886792,20576.559551886792,FAMR_2,78.55955188679218,False,2073,0,0
samtools-sort-markduplicate,15360.0,20486.0,29565.99910125824,29565.99910125824,FAMR_2,9079.99910125824,False,2139,0,0
samtools-sort-markduplicate,15360.0,20415.0,20466.985470341522,20466.985470341522,FAMR_2,51.98547034152216,False,2157,0,0
samtools-sort-markduplicate,18182.0,20468.0,29513.495959293625,29513.495959293625,FAMR_2,9045.495959293625,False,2013,0,0
samtools-sort-markduplicate,18182.0,20480.0,20558.490566037734,20558.490566037734,FAMR_2,78.49056603773352,False,2526,0,0
samtools-sort-markduplicate,18182.0,20500.0,27764.89075127208,27764.89075127208,FAMR_2,7264.89075127208,False,2808,0,0
samtools-sort-markduplicate,18182.0,20444.0,20489.879712746857,20489.879712746857,FAMR_2,45.87971274685697,False,2718,0,0
samtools-sort-markduplicate,18182.0,20439.0,20451.23342810115,20451.23342810115,FAMR_2,12.233428101149912,False,2472,0,0
samtools-sort-markduplicate,18182.0,20454.0,20689.207430340557,20689.207430340557,FAMR_2,235.20743034055704,False,2390,0,0
samtools-sort-markduplicate,18182.0,20430.0,29494.014084507045,29494.014084507045,FAMR_2,9064.014084507045,False,2940,0,0
samtools-sort-markduplicate,18182.0,20496.0,20838.722006569125,20838.722006569125,FAMR_2,342.72200656912537,False,3152,0,0
samtools-sort-markduplicate,18182.0,20512.0,20539.644204851753,20539.644204851753,FAMR_2,27.644204851752875,False,2257,0,0
samtools-sort-markduplicate,18182.0,20425.0,20489.22955974843,20489.22955974843,FAMR_2,64.22955974842989,False,2468,0,0
samtools-sort-markduplicate,18182.0,20444.0,24814.364071856286,24814.364071856286,FAMR_2,4370.364071856286,False,2391,0,0
samtools-sort-markduplicate,18182.0,20468.0,27734.002096122174,27734.002096122174,FAMR_2,7266.002096122174,False,2463,0,0
samtools-sort-markduplicate,18182.0,20516.0,20667.17052631579,20667.17052631579,FAMR_2,151.17052631578917,False,2207,0,0
samtools-sort-markduplicate,18182.0,20468.0,20846.361692650335,20846.361692650335,FAMR_2,378.3616926503346,False,2134,0,0
samtools-sort-markduplicate,18182.0,20476.0,29071.926181545386,29071.926181545386,FAMR_2,8595.926181545386,False,2088,0,0
samtools-sort-markduplicate,18182.0,20482.0,20506.52199940138,20506.52199940138,FAMR_2,24.521999401378707,False,1989,0,0
samtools-sort-markduplicate,18182.0,20466.0,28992.47874251497,28992.47874251497,FAMR_2,8526.47874251497,False,2362,0,0
samtools-sort-markduplicate,18182.0,20448.0,20562.740696987596,20562.740696987596,FAMR_2,114.74069698759558,False,2562,0,0
samtools-sort-markduplicate,18182.0,20425.0,21165.37154508382,21165.37154508382,FAMR_2,740.3715450838208,False,2327,0,0
samtools-sort-markduplicate,18182.0,20492.0,24887.52786099461,24887.52786099461,FAMR_2,4395.527860994611,False,2380,0,0
samtools-sort-markduplicate,18182.0,20449.0,20501.072049131217,20501.072049131217,FAMR_2,52.07204913121677,False,2350,0,0
samtools-sort-markduplicate,18182.0,20486.0,20698.735749005744,20698.735749005744,FAMR_2,212.73574900574386,False,2345,0,0
samtools-sort-markduplicate,18182.0,20501.0,20531.676342959745,20531.676342959745,FAMR_2,30.676342959744943,False,1914,0,0
samtools-sort-markduplicate,18182.0,20431.0,20483.049602877265,20483.049602877265,FAMR_2,52.04960287726499,False,2414,0,0
samtools-sort-markduplicate,18182.0,20484.0,20499.32774618378,20499.32774618378,FAMR_2,15.3277461837788,False,2704,0,0
samtools-sort-markduplicate,18182.0,20476.0,24845.765938341814,24845.765938341814,FAMR_2,4369.765938341814,False,2991,0,0
samtools-sort-markduplicate,18182.0,20468.0,20717.167773351037,20717.167773351037,FAMR_2,249.16777335103689,False,2019,0,0
samtools-sort-markduplicate,18182.0,20382.0,28916.771514242882,28916.771514242882,FAMR_2,8534.771514242882,False,2703,0,0
samtools-sort-markduplicate,18182.0,20483.0,21006.766210045662,21006.766210045662,FAMR_2,523.7662100456619,False,2477,0,0
samtools-sort-markduplicate,18182.0,20429.0,20723.56188997338,20723.56188997338,FAMR_2,294.56188997338177,False,2301,0,0
samtools-index-markduplicate,10240.0,34.0,45.33333333333333,45.33333333333333,FAMR_2,11.333333333333329,False,123,0,0
samtools-index-markduplicate,10240.0,34.0,39.36842105263158,39.36842105263158,FAMR_2,5.368421052631582,False,100,0,0
samtools-index-markduplicate,10240.0,34.0,42.5,42.5,FAMR_2,8.5,False,108,0,0
samtools-index-markduplicate,10240.0,34.0,45.33333333333333,45.33333333333333,FAMR_2,11.333333333333329,False,394,0,0
samtools-index-markduplicate,10240.0,34.0,54.400000000000006,54.400000000000006,FAMR_2,20.400000000000006,False,141,0,0
samtools-index-markduplicate,10240.0,34.0,57.53846153846154,57.53846153846154,FAMR_2,23.53846153846154,False,120,0,0
samtools-index-markduplicate,10240.0,34.0,68.0,68.0,FAMR_2,34.0,False,98,0,0
samtools-index-markduplicate,10240.0,34.0,78.2,78.2,FAMR_2,44.2,False,495,0,0
samtools-index-markduplicate,10240.0,34.0,37.400000000000006,37.400000000000006,FAMR_2,3.4000000000000057,False,157,0,0
samtools-index-markduplicate,10240.0,34.0,59.50000000000001,59.50000000000001,FAMR_2,25.500000000000007,False,513,0,0
samtools-index-markduplicate,10240.0,34.0,41.555555555555564,41.555555555555564,FAMR_2,7.555555555555564,False,144,0,0
samtools-index-markduplicate,10240.0,34.0,178.5,178.5,FAMR_2,144.5,False,133,0,0
samtools-index-markduplicate,10240.0,34.0,83.11111111111113,83.11111111111113,FAMR_2,49.11111111111113,False,507,0,0
samtools-index-markduplicate,10240.0,34.0,51.00000000000001,51.00000000000001,FAMR_2,17.000000000000007,False,162,0,0
samtools-index-markduplicate,10240.0,34.0,68.0,68.0,FAMR_2,34.0,False,444,0,0
samtools-index-markduplicate,10240.0,34.0,79.33333333333334,79.33333333333334,FAMR_2,45.33333333333334,False,155,0,0
samtools-index-markduplicate,10240.0,34.0,59.50000000000001,59.50000000000001,FAMR_2,25.500000000000007,False,329,0,0
samtools-index-markduplicate,10240.0,34.0,54.400000000000006,54.400000000000006,FAMR_2,20.400000000000006,False,165,0,0
samtools-index-markduplicate,10240.0,34.0,54.92307692307693,54.92307692307693,FAMR_2,20.923076923076927,False,198,0,0
samtools-index-markduplicate,10240.0,34.0,39.36842105263158,39.36842105263158,FAMR_2,5.368421052631582,False,101,0,0
samtools-index-markduplicate,10240.0,34.0,44.0,44.0,FAMR_2,10.0,False,136,0,0
samtools-index-markduplicate,10240.0,34.0,61.81818181818182,61.81818181818182,FAMR_2,27.81818181818182,False,130,0,0
samtools-index-markduplicate,10240.0,34.0,50.00000000000001,50.00000000000001,FAMR_2,16.000000000000007,False,135,0,0
samtools-index-markduplicate,10240.0,34.0,65.16666666666667,65.16666666666667,FAMR_2,31.16666666666667,False,127,0,0
samtools-index-markduplicate,10240.0,34.0,48.00000000000001,48.00000000000001,FAMR_2,14.000000000000007,False,110,0,0
samtools-index-markduplicate,10240.0,34.0,49.86666666666666,49.86666666666666,FAMR_2,15.86666666666666,False,144,0,0
samtools-index-markduplicate,10240.0,34.0,106.85714285714288,106.85714285714288,FAMR_2,72.85714285714288,False,132,0,0
samtools-index-markduplicate,10240.0,34.0,46.75,46.75,FAMR_2,12.75,False,225,0,0
samtools-index-markduplicate,10240.0,34.0,40.8,40.8,FAMR_2,6.799999999999997,False,123,0,0
samtools-index-markduplicate,10240.0,34.0,52.13333333333334,52.13333333333334,FAMR_2,18.13333333333334,False,202,0,0
samtools-index-markduplicate,15360.0,34.0,58.28571428571429,58.28571428571429,FAMR_2,24.285714285714292,False,132,0,0
samtools-index-markduplicate,15360.0,34.0,44.0,44.0,FAMR_2,10.0,False,364,0,0
samtools-index-markduplicate,15360.0,34.0,42.5,42.5,FAMR_2,8.5,False,111,0,0
samtools-index-markduplicate,15360.0,34.0,41.555555555555564,41.555555555555564,FAMR_2,7.555555555555564,False,124,0,0
samtools-index-markduplicate,15360.0,34.0,51.00000000000001,51.00000000000001,FAMR_2,17.000000000000007,False,177,0,0
samtools-index-markduplicate,15360.0,34.0,68.0,68.0,FAMR_2,34.0,False,190,0,0
samtools-index-markduplicate,15360.0,34.0,141.66666666666669,141.66666666666669,FAMR_2,107.66666666666669,False,143,0,0
samtools-index-markduplicate,15360.0,34.0,45.33333333333333,45.33333333333333,FAMR_2,11.333333333333329,False,91,0,0
samtools-index-markduplicate,15360.0,34.0,44.625,44.625,FAMR_2,10.625,False,118,0,0
samtools-index-markduplicate,15360.0,34.0,68.0,68.0,FAMR_2,34.0,False,106,0,0
samtools-index-markduplicate,15360.0,34.0,51.00000000000001,51.00000000000001,FAMR_2,17.000000000000007,False,162,0,0
samtools-index-markduplicate,15360.0,34.0,54.400000000000006,54.400000000000006,FAMR_2,20.400000000000006,False,565,0,0
samtools-index-markduplicate,15360.0,34.0,56.66666666666667,56.66666666666667,FAMR_2,22.66666666666667,False,160,0,0
samtools-index-markduplicate,15360.0,34.0,47.6,47.6,FAMR_2,13.600000000000001,False,105,0,0
samtools-index-markduplicate,15360.0,34.0,61.81818181818182,61.81818181818182,FAMR_2,27.81818181818182,False,146,0,0
samtools-index-markduplicate,15360.0,34.0,37.400000000000006,37.400000000000006,FAMR_2,3.4000000000000057,False,118,0,0
samtools-index-markduplicate,15360.0,34.0,59.50000000000001,59.50000000000001,FAMR_2,25.500000000000007,False,139,0,0
samtools-index-markduplicate,15360.0,34.0,79.33333333333334,79.33333333333334,FAMR_2,45.33333333333334,False,120,0,0
samtools-index-markduplicate,15360.0,34.0,94.44444444444443,94.44444444444443,FAMR_2,60.44444444444443,False,450,0,0
samtools-index-markduplicate,15360.0,34.0,49.86666666666666,49.86666666666666,FAMR_2,15.86666666666666,False,157,0,0
samtools-index-markduplicate,15360.0,34.0,74.18181818181817,74.18181818181817,FAMR_2,40.18181818181817,False,121,0,0
samtools-index-markduplicate,15360.0,34.0,40.8,40.8,FAMR_2,6.799999999999997,False,113,0,0
samtools-index-markduplicate,15360.0,34.0,83.11111111111113,83.11111111111113,FAMR_2,49.11111111111113,False,172,0,0
samtools-index-markduplicate,15360.0,34.0,48.57142857142858,48.57142857142858,FAMR_2,14.571428571428577,False,208,0,0
samtools-index-markduplicate,15360.0,33.0,38.21052631578947,38.21052631578947,FAMR_2,5.210526315789473,False,174,0,0
samtools-index-markduplicate,15360.0,34.0,48.00000000000001,48.00000000000001,FAMR_2,14.000000000000007,False,158,0,0
samtools-index-markduplicate,15360.0,34.0,68.0,68.0,FAMR_2,34.0,False,116,0,0
samtools-index-markduplicate,15360.0,34.0,39.36842105263158,39.36842105263158,FAMR_2,5.368421052631582,False,158,0,0
samtools-index-markduplicate,15360.0,34.0,53.42857142857143,53.42857142857143,FAMR_2,19.42857142857143,False,487,0,0
samtools-index-markduplicate,15360.0,34.0,58.28571428571429,58.28571428571429,FAMR_2,24.285714285714292,False,142,0,0
samtools-index-markduplicate,18182.0,34.0,46.75,46.75,FAMR_2,12.75,False,129,0,0
samtools-index-markduplicate,18182.0,34.0,79.33333333333334,79.33333333333334,FAMR_2,45.33333333333334,False,440,0,0
samtools-index-markduplicate,18182.0,34.0,35.78947368421053,35.78947368421053,FAMR_2,1.7894736842105274,False,405,0,0
samtools-index-markduplicate,18182.0,34.0,94.44444444444443,94.44444444444443,FAMR_2,60.44444444444443,False,183,0,0
samtools-index-markduplicate,18182.0,34.0,39.36842105263158,39.36842105263158,FAMR_2,5.368421052631582,False,158,0,0
samtools-index-markduplicate,18182.0,34.0,40.8,40.8,FAMR_2,6.799999999999997,False,132,0,0
samtools-index-markduplicate,18182.0,34.0,60.71428571428572,60.71428571428572,FAMR_2,26.714285714285722,False,384,0,0
samtools-index-markduplicate,18182.0,34.0,163.2,163.2,FAMR_2,129.2,False,234,0,0
samtools-index-markduplicate,18182.0,34.0,65.16666666666667,65.16666666666667,FAMR_2,31.16666666666667,False,228,0,0
samtools-index-markduplicate,18182.0,34.0,51.00000000000001,51.00000000000001,FAMR_2,17.000000000000007,False,392,0,0
samtools-index-markduplicate,18182.0,34.0,41.555555555555564,41.555555555555564,FAMR_2,7.555555555555564,False,216,0,0
samtools-index-markduplicate,18182.0,34.0,59.50000000000001,59.50000000000001,FAMR_2,25.500000000000007,False,419,0,0
samtools-index-markduplicate,18182.0,34.0,46.75,46.75,FAMR_2,12.75,False,180,0,0
samtools-index-markduplicate,18182.0,34.0,44.625,44.625,FAMR_2,10.625,False,118,0,0
samtools-index-markduplicate,18182.0,34.0,53.42857142857143,53.42857142857143,FAMR_2,19.42857142857143,False,123,0,0
samtools-index-markduplicate,18182.0,34.0,50.00000000000001,50.00000000000001,FAMR_2,16.000000000000007,False,171,0,0
samtools-index-markduplicate,18182.0,34.0,59.50000000000001,59.50000000000001,FAMR_2,25.500000000000007,False,150,0,0
samtools-index-markduplicate,18182.0,34.0,44.0,44.0,FAMR_2,10.0,False,415,0,0
samtools-index-markduplicate,18182.0,34.0,85.0,85.0,FAMR_2,51.0,False,146,0,0
samtools-index-markduplicate,18182.0,34.0,38.85714285714286,38.85714285714286,FAMR_2,4.857142857142861,False,147,0,0
samtools-index-markduplicate,18182.0,34.0,57.53846153846154,57.53846153846154,FAMR_2,23.53846153846154,False,150,0,0
samtools-index-markduplicate,18182.0,34.0,68.0,68.0,FAMR_2,34.0,False,106,0,0
samtools-index-markduplicate,18182.0,34.0,48.57142857142858,48.57142857142858,FAMR_2,14.571428571428577,False,133,0,0
samtools-index-markduplicate,18182.0,34.0,75.55555555555556,75.55555555555556,FAMR_2,41.55555555555556,False,239,0,0
samtools-index-markduplicate,18182.0,34.0,68.0,68.0,FAMR_2,34.0,False,197,0,0
samtools-index-markduplicate,18182.0,34.0,48.00000000000001,48.00000000000001,FAMR_2,14.000000000000007,False,185,0,0
samtools-index-markduplicate,18182.0,33.0,40.76470588235295,40.76470588235295,FAMR_2,7.764705882352949,False,116,0,0
samtools-index-markduplicate,18182.0,34.0,54.400000000000006,54.400000000000006,FAMR_2,20.400000000000006,False,540,0,0
samtools-index-markduplicate,18182.0,34.0,49.86666666666666,49.86666666666666,FAMR_2,15.86666666666666,False,218,0,0
samtools-index-markduplicate,18182.0,34.0,54.400000000000006,54.400000000000006,FAMR_2,20.400000000000006,False,146,0,0
picard-validate-sam,10240.0,2870.0,6335.87385019711,6335.87385019711,FAMR_2,3465.87385019711,False,1127,0,0
picard-validate-sam,10240.0,3270.0,28440.92592592593,28440.92592592593,FAMR_2,25170.92592592593,False,1355,0,0
picard-validate-sam,10240.0,3494.0,6422.231947483589,6422.231947483589,FAMR_2,2928.2319474835886,False,1130,0,0
picard-validate-sam,10240.0,3646.0,27969.546296296303,27969.546296296303,FAMR_2,24323.546296296303,False,1293,0,0
picard-validate-sam,10240.0,3528.0,3569.142857142857,3569.142857142857,FAMR_2,41.14285714285688,False,1264,0,0
picard-validate-sam,10240.0,3257.0,26870.249999999993,26870.249999999993,FAMR_2,23613.249999999993,False,1149,0,0
picard-validate-sam,10240.0,3103.0,5034.512668918919,5034.512668918919,FAMR_2,1931.5126689189192,False,1275,0,0
picard-validate-sam,10240.0,3048.0,8001.0,8001.0,FAMR_2,4953.0,False,1444,0,0
picard-validate-sam,10240.0,2856.0,3104.780487804878,3104.780487804878,FAMR_2,248.7804878048778,False,1701,0,0
picard-validate-sam,10240.0,2923.0,23400.607954545456,23400.607954545456,FAMR_2,20477.607954545456,False,1448,0,0
picard-validate-sam,10240.0,3303.0,30861.162650602404,30861.162650602404,FAMR_2,27558.162650602404,False,1355,0,0
picard-validate-sam,10240.0,3422.0,3502.7551622418887,3502.7551622418887,FAMR_2,80.75516224188868,False,1239,0,0
picard-validate-sam,10240.0,2911.0,4099.296268656716,4099.296268656716,FAMR_2,1188.2962686567162,False,1864,0,0
picard-validate-sam,10240.0,3000.0,32229.050279329604,32229.050279329604,FAMR_2,29229.050279329604,False,1668,0,0
picard-validate-sam,10240.0,3168.0,22668.50420168067,22668.50420168067,FAMR_2,19500.50420168067,False,1572,0,0
picard-validate-sam,10240.0,2990.0,22019.688888888893,22019.688888888893,FAMR_2,19029.688888888893,False,1548,0,0
picard-validate-sam,10240.0,3604.0,3798.810810810811,3798.810810810811,FAMR_2,194.81081081081084,False,2017,0,0
picard-validate-sam,10240.0,3612.0,4371.873198847262,4371.873198847262,FAMR_2,759.8731988472618,False,1880,0,0
picard-validate-sam,10240.0,3632.0,27355.563636363637,27355.563636363637,FAMR_2,23723.563636363637,False,1892,0,0
picard-validate-sam,10240.0,3292.0,29925.34193548387,29925.34193548387,FAMR_2,26633.34193548387,False,1373,0,0
picard-validate-sam,10240.0,3115.0,4727.588424437298,4727.588424437298,FAMR_2,1612.5884244372983,False,1406,0,0
picard-validate-sam,10240.0,3306.0,35715.943820224726,35715.943820224726,FAMR_2,32409.943820224726,False,1348,0,0
picard-validate-sam,10240.0,2842.0,4552.507640067912,4552.507640067912,FAMR_2,1710.5076400679118,False,1510,0,0
picard-validate-sam,10240.0,3351.0,5053.2651757188505,5053.2651757188505,FAMR_2,1702.2651757188505,False,1212,0,0
picard-validate-sam,10240.0,2808.0,28419.91578947369,28419.91578947369,FAMR_2,25611.91578947369,False,1443,0,0
picard-validate-sam,10240.0,3455.0,3593.2000000000003,3593.2000000000003,FAMR_2,138.20000000000027,False,1386,0,0
picard-validate-sam,10240.0,2922.0,25897.268571428565,25897.268571428565,FAMR_2,22975.268571428565,False,1307,0,0
picard-validate-sam,10240.0,3178.0,3262.621301775148,3262.621301775148,FAMR_2,84.62130177514791,False,1628,0,0
picard-validate-sam,10240.0,3438.0,5269.92700729927,5269.92700729927,FAMR_2,1831.9270072992704,False,1302,0,0
picard-validate-sam,10240.0,3158.0,22692.295358649786,22692.295358649786,FAMR_2,19534.295358649786,False,1255,0,0
picard-validate-sam,15360.0,3585.0,27915.199999999997,27915.199999999997,FAMR_2,24330.199999999997,False,1873,0,0
picard-validate-sam,15360.0,4271.0,4397.73590504451,4397.73590504451,FAMR_2,126.73590504451022,False,2629,0,0
picard-validate-sam,15360.0,3315.0,35026.07142857143,35026.07142857143,FAMR_2,31711.071428571428,False,2112,0,0
picard-validate-sam,15360.0,3514.0,31144.079999999994,31144.079999999994,FAMR_2,27630.079999999994,False,1837,0,0
picard-validate-sam,15360.0,3299.0,29606.94904458599,29606.94904458599,FAMR_2,26307.94904458599,False,2407,0,0
picard-validate-sam,15360.0,3689.0,26962.948497854082,26962.948497854082,FAMR_2,23273.948497854082,False,1763,0,0
picard-validate-sam,15360.0,3701.0,32189.561728395063,32189.561728395063,FAMR_2,28488.561728395063,False,2089,0,0
picard-validate-sam,15360.0,3418.0,5475.183361629881,5475.183361629881,FAMR_2,2057.183361629881,False,1588,0,0
picard-validate-sam,15360.0,3891.0,6532.31049822064,6532.31049822064,FAMR_2,2641.3104982206396,False,1907,0,0
picard-validate-sam,15360.0,4201.0,4249.991253644315,4249.991253644315,FAMR_2,48.99125364431529,False,1842,0,0
picard-validate-sam,15360.0,3567.0,35912.780104712045,35912.780104712045,FAMR_2,32345.780104712045,False,1746,0,0
picard-validate-sam,15360.0,3291.0,4634.415671641791,4634.415671641791,FAMR_2,1343.415671641791,False,2169,0,0
picard-validate-sam,15360.0,3950.0,5688.11844077961,5688.11844077961,FAMR_2,1738.11844077961,False,1882,0,0
picard-validate-sam,15360.0,4114.0,29437.571428571428,29437.571428571428,FAMR_2,25323.571428571428,False,1623,0,0
picard-validate-sam,15360.0,3809.0,4140.794425087108,4140.794425087108,FAMR_2,331.7944250871078,False,2135,0,0
picard-validate-sam,15360.0,3917.0,7152.782608695652,7152.782608695652,FAMR_2,3235.782608695652,False,1639,0,0
picard-validate-sam,15360.0,4051.0,28986.777310924368,28986.777310924368,FAMR_2,24935.777310924368,False,2343,0,0
picard-validate-sam,15360.0,3317.0,5034.16077170418,5034.16077170418,FAMR_2,1717.1607717041798,False,1712,0,0
picard-validate-sam,15360.0,3777.0,32200.99270072993,32200.99270072993,FAMR_2,28423.99270072993,False,2687,0,0
picard-validate-sam,15360.0,3788.0,40923.16853932585,40923.16853932585,FAMR_2,37135.16853932585,False,1953,0,0
picard-validate-sam,15360.0,3536.0,7296.085929108485,7296.085929108485,FAMR_2,3760.0859291084853,False,1732,0,0
picard-validate-sam,15360.0,3738.0,3826.2123893805315,3826.2123893805315,FAMR_2,88.21238938053148,False,1733,0,0
picard-validate-sam,15360.0,3927.0,27185.69512195122,27185.69512195122,FAMR_2,23258.69512195122,False,1767,0,0
picard-validate-sam,15360.0,3758.0,3974.562711864407,3974.562711864407,FAMR_2,216.562711864407,False,2655,0,0
picard-validate-sam,15360.0,4160.0,39583.80368098159,39583.80368098159,FAMR_2,35423.80368098159,False,1953,0,0
picard-validate-sam,15360.0,3680.0,5603.096774193548,5603.096774193548,FAMR_2,1923.0967741935483,False,2350,0,0
picard-validate-sam,15360.0,3537.0,4434.44776119403,4434.44776119403,FAMR_2,897.4477611940301,False,1790,0,0
picard-validate-sam,15360.0,4007.0,30390.753246753244,30390.753246753244,FAMR_2,26383.753246753244,False,1419,0,0
picard-validate-sam,15360.0,4100.0,4272.372372372372,4272.372372372372,FAMR_2,172.3723723723724,False,2213,0,0
picard-validate-sam,15360.0,4111.0,31536.699074074077,31536.699074074077,FAMR_2,27425.699074074077,False,1923,0,0
picard-validate-sam,18182.0,4372.0,38748.411428571424,38748.411428571424,FAMR_2,34376.411428571424,False,2048,0,0
picard-validate-sam,18182.0,4096.0,34977.357575757575,34977.357575757575,FAMR_2,30881.357575757575,False,2867,0,0
picard-validate-sam,18182.0,4364.0,41524.93251533742,41524.93251533742,FAMR_2,37160.93251533742,False,2334,0,0
picard-validate-sam,18182.0,4318.0,4499.537537537538,4499.537537537538,FAMR_2,181.5375375375379,False,2712,0,0
picard-validate-sam,18182.0,4248.0,5982.071641791045,5982.071641791045,FAMR_2,1734.0716417910453,False,2123,0,0
picard-validate-sam,18182.0,3764.0,30133.386363636364,30133.386363636364,FAMR_2,26369.386363636364,False,2021,0,0
picard-validate-sam,18182.0,4297.0,8753.485683987274,8753.485683987274,FAMR_2,4456.485683987274,False,2699,0,0
picard-validate-sam,18182.0,3956.0,7224.0,7224.0,FAMR_2,3268.0,False,2340,0,0
picard-validate-sam,18182.0,3919.0,4116.929292929293,4116.929292929293,FAMR_2,197.9292929292933,False,2000,0,0
picard-validate-sam,18182.0,3982.0,28493.050420168067,28493.050420168067,FAMR_2,24511.050420168067,False,2603,0,0
picard-validate-sam,18182.0,4253.0,6795.436917866215,6795.436917866215,FAMR_2,2542.4369178662146,False,2974,0,0
picard-validate-sam,18182.0,3630.0,38997.15083798881,38997.15083798881,FAMR_2,35367.15083798881,False,2644,0,0
picard-validate-sam,18182.0,4020.0,30277.909090909092,30277.909090909092,FAMR_2,26257.909090909092,False,2265,0,0
picard-validate-sam,18182.0,3956.0,44749.34117647058,44749.34117647058,FAMR_2,40793.34117647058,False,2063,0,0
picard-validate-sam,18182.0,3796.0,5932.82119205298,5932.82119205298,FAMR_2,2136.82119205298,False,1945,0,0
picard-validate-sam,18182.0,3610.0,3924.4599303135888,3924.4599303135888,FAMR_2,314.45993031358876,False,1781,0,0
picard-validate-sam,18182.0,4436.0,4423.252873563219,8846.505747126437,FAMR_2,4410.505747126437,False,2037,2001,1
picard-validate-sam,18182.0,4148.0,6295.356913183279,6295.356913183279,FAMR_2,2147.356913183279,False,2305,0,0
picard-validate-sam,18182.0,3657.0,25274.414201183426,25274.414201183426,FAMR_2,21617.414201183426,False,2004,0,0
picard-validate-sam,18182.0,4868.0,37517.56279069767,37517.56279069767,FAMR_2,32649.562790697673,False,2112,0,0
picard-validate-sam,18182.0,4132.0,4229.5103244837765,4229.5103244837765,FAMR_2,97.51032448377646,False,2098,0,0
picard-validate-sam,18182.0,4830.0,8094.325044404973,8094.325044404973,FAMR_2,3264.3250444049727,False,2301,0,0
picard-validate-sam,18182.0,4546.0,6702.122793553338,6702.122793553338,FAMR_2,2156.122793553338,False,2316,0,0
picard-validate-sam,18182.0,4000.0,41578.37837837838,41578.37837837838,FAMR_2,37578.37837837838,False,2138,0,0
picard-validate-sam,18182.0,4236.0,5310.805970149254,5310.805970149254,FAMR_2,1074.8059701492539,False,2517,0,0
picard-validate-sam,18182.0,3828.0,33543.661016949154,33543.661016949154,FAMR_2,29715.661016949154,False,2903,0,0
picard-validate-sam,18182.0,3780.0,3892.2772277227727,3892.2772277227727,FAMR_2,112.27722772277275,False,2003,0,0
picard-validate-sam,18182.0,4260.0,29732.704918032785,29732.704918032785,FAMR_2,25472.704918032785,False,2721,0,0
picard-validate-sam,18182.0,3620.0,26778.303571428572,26778.303571428572,FAMR_2,23158.303571428572,False,2816,0,0
picard-validate-sam,18182.0,4292.0,39158.18823529412,39158.18823529412,FAMR_2,34866.18823529412,False,2582,0,0
picard-collect-wgs-metrics,10240.0,1743.0,1937.732668848557,1937.732668848557,FAMR_2,194.73266884855707,False,1257,0,0
picard-collect-wgs-metrics,10240.0,1698.0,5095.951724137931,5095.951724137931,FAMR_2,3397.951724137931,False,1195,0,0
picard-collect-wgs-metrics,10240.0,1576.0,2276.8353967931803,2276.8353967931803,FAMR_2,700.8353967931803,False,1332,0,0
picard-collect-wgs-metrics,10240.0,1452.0,3145.629564837088,3145.629564837088,FAMR_2,1693.6295648370879,False,1404,0,0
picard-collect-wgs-metrics,10240.0,1751.0,2395.467614837594,2395.467614837594,FAMR_2,644.4676148375938,False,1245,0,0
picard-collect-wgs-metrics,10240.0,1581.0,2717.657905892327,2717.657905892327,FAMR_2,1136.657905892327,False,1198,0,0
picard-collect-wgs-metrics,10240.0,1584.0,4014.388740596942,4014.388740596942,FAMR_2,2430.388740596942,False,1338,0,0
picard-collect-wgs-metrics,10240.0,1442.0,2521.306972391203,2521.306972391203,FAMR_2,1079.306972391203,False,1282,0,0
picard-collect-wgs-metrics,10240.0,1518.0,2173.1946902654863,2173.1946902654863,FAMR_2,655.1946902654863,False,1304,0,0
picard-collect-wgs-metrics,10240.0,1673.0,3467.186265286924,3467.186265286924,FAMR_2,1794.186265286924,False,1370,0,0
picard-collect-wgs-metrics,10240.0,1583.0,1582.1109238977815,3164.221847795563,FAMR_2,1581.221847795563,False,1379,1374,1
picard-collect-wgs-metrics,10240.0,1696.0,2462.192127269019,2462.192127269019,FAMR_2,766.1921272690188,False,1267,0,0
picard-collect-wgs-metrics,10240.0,1597.0,2431.0098386462023,2431.0098386462023,FAMR_2,834.0098386462023,False,1314,0,0
picard-collect-wgs-metrics,10240.0,1713.0,2765.796566523605,2765.796566523605,FAMR_2,1052.7965665236052,False,1252,0,0
picard-collect-wgs-metrics,10240.0,1440.0,1788.8167539267015,1788.8167539267015,FAMR_2,348.8167539267015,False,1353,0,0
picard-collect-wgs-metrics,10240.0,1687.0,4554.162782228696,4554.162782228696,FAMR_2,2867.1627822286964,False,1360,0,0
picard-collect-wgs-metrics,10240.0,1767.0,3934.871641791045,3934.871641791045,FAMR_2,2167.871641791045,False,1384,0,0
picard-collect-wgs-metrics,10240.0,1409.0,11554.44930875576,11554.44930875576,FAMR_2,10145.44930875576,False,1313,0,0
picard-collect-wgs-metrics,10240.0,1579.0,2485.278535096643,2485.278535096643,FAMR_2,906.2785350966428,False,1256,0,0
picard-collect-wgs-metrics,10240.0,1706.0,6607.407523510973,6607.407523510973,FAMR_2,4901.407523510973,False,1292,0,0
picard-collect-wgs-metrics,10240.0,1883.0,3312.702422145329,3312.702422145329,FAMR_2,1429.702422145329,False,1279,0,0
picard-collect-wgs-metrics,10240.0,1752.0,2120.0744368266405,2120.0744368266405,FAMR_2,368.0744368266405,False,1250,0,0
picard-collect-wgs-metrics,10240.0,1751.0,3418.538757823784,3418.538757823784,FAMR_2,1667.5387578237842,False,1282,0,0
picard-collect-wgs-metrics,10240.0,1765.0,4025.9836405052806,4025.9836405052806,FAMR_2,2260.9836405052806,False,1249,0,0
picard-collect-wgs-metrics,10240.0,1452.0,2709.9156540385993,2709.9156540385993,FAMR_2,1257.9156540385993,False,1251,0,0
picard-collect-wgs-metrics,10240.0,1842.0,3113.338959644008,3113.338959644008,FAMR_2,1271.338959644008,False,1270,0,0
picard-collect-wgs-metrics,10240.0,1504.0,4203.311747390956,4203.311747390956,FAMR_2,2699.311747390956,False,1194,0,0
picard-collect-wgs-metrics,10240.0,1630.0,2703.7301587301595,2703.7301587301595,FAMR_2,1073.7301587301595,False,1360,0,0
picard-collect-wgs-metrics,10240.0,1648.0,2616.538762725137,2616.538762725137,FAMR_2,968.5387627251371,False,1340,0,0
picard-collect-wgs-metrics,10240.0,1369.0,2137.514725669009,2137.514725669009,FAMR_2,768.5147256690088,False,1225,0,0
picard-collect-wgs-metrics,15360.0,1555.0,1881.6870714985307,1881.6870714985307,FAMR_2,326.6870714985307,False,1627,0,0
picard-collect-wgs-metrics,15360.0,1713.0,3907.371091323255,3907.371091323255,FAMR_2,2194.371091323255,False,1811,0,0
picard-collect-wgs-metrics,15360.0,1551.0,2443.196090409285,2443.196090409285,FAMR_2,892.1960904092848,False,1683,0,0
picard-collect-wgs-metrics,15360.0,1466.0,2425.8845133646196,2425.8845133646196,FAMR_2,959.8845133646196,False,1672,0,0
picard-collect-wgs-metrics,15360.0,1601.0,1700.2521210952561,1700.2521210952561,FAMR_2,99.25212109525614,False,1709,0,0
picard-collect-wgs-metrics,15360.0,1740.0,2648.689492325856,2648.689492325856,FAMR_2,908.689492325856,False,1655,0,0
picard-collect-wgs-metrics,15360.0,1823.0,3144.3066780093573,3144.3066780093573,FAMR_2,1321.3066780093573,False,1665,0,0
picard-collect-wgs-metrics,15360.0,1748.0,5164.345540956108,5164.345540956108,FAMR_2,3416.3455409561084,False,1667,0,0
picard-collect-wgs-metrics,15360.0,1684.0,2950.050724637681,2950.050724637681,FAMR_2,1266.050724637681,False,1606,0,0
picard-collect-wgs-metrics,15360.0,1759.0,6819.804916317992,6819.804916317992,FAMR_2,5060.804916317992,False,1687,0,0
picard-collect-wgs-metrics,15360.0,1541.0,3905.412278573162,3905.412278573162,FAMR_2,2364.412278573162,False,1615,0,0
picard-collect-wgs-metrics,15360.0,1642.0,2503.816222872095,2503.816222872095,FAMR_2,861.8162228720948,False,1841,0,0
picard-collect-wgs-metrics,15360.0,1549.0,2993.3745614035083,2993.3745614035083,FAMR_2,1444.3745614035083,False,1709,0,0
picard-collect-wgs-metrics,15360.0,1454.0,1686.9718011409943,1686.9718011409943,FAMR_2,232.97180114099433,False,1780,0,0
picard-collect-wgs-metrics,15360.0,1750.0,4526.0037567504105,4526.0037567504105,FAMR_2,2776.0037567504105,False,1673,0,0
picard-collect-wgs-metrics,15360.0,1657.0,2996.1487497718563,2996.1487497718563,FAMR_2,1339.1487497718563,False,1623,0,0
picard-collect-wgs-metrics,15360.0,1803.0,2406.9038826574633,2406.9038826574633,FAMR_2,603.9038826574633,False,1660,0,0
picard-collect-wgs-metrics,15360.0,1692.0,4575.500511770727,4575.500511770727,FAMR_2,2883.500511770727,False,1579,0,0
picard-collect-wgs-metrics,15360.0,1585.0,3310.975725393514,3310.975725393514,FAMR_2,1725.975725393514,False,1755,0,0
picard-collect-wgs-metrics,15360.0,1497.0,2159.4930629669157,2159.4930629669157,FAMR_2,662.4930629669157,False,1615,0,0
picard-collect-wgs-metrics,15360.0,1662.0,3437.2713754646843,3437.2713754646843,FAMR_2,1775.2713754646843,False,1650,0,0
picard-collect-wgs-metrics,15360.0,1579.0,1969.3188440410795,1969.3188440410795,FAMR_2,390.3188440410795,False,1631,0,0
picard-collect-wgs-metrics,15360.0,1637.0,3635.394153225807,3635.394153225807,FAMR_2,1998.3941532258068,False,1649,0,0
picard-collect-wgs-metrics,15360.0,1630.0,2768.4068181818184,2768.4068181818184,FAMR_2,1138.4068181818184,False,1815,0,0
picard-collect-wgs-metrics,15360.0,1599.0,2615.0211736237143,2615.0211736237143,FAMR_2,1016.0211736237143,False,1827,0,0
picard-collect-wgs-metrics,15360.0,1655.0,3122.4222668004013,3122.4222668004013,FAMR_2,1467.4222668004013,False,1746,0,0
picard-collect-wgs-metrics,15360.0,1677.0,2436.43334799824,2436.43334799824,FAMR_2,759.4333479982402,False,1629,0,0
picard-collect-wgs-metrics,15360.0,1421.0,11652.854838709678,11652.854838709678,FAMR_2,10231.854838709678,False,1668,0,0
picard-collect-wgs-metrics,15360.0,1705.0,2421.4110604332955,2421.4110604332955,FAMR_2,716.4110604332955,False,1789,0,0
picard-collect-wgs-metrics,15360.0,1674.0,2656.778864970646,2656.778864970646,FAMR_2,982.7788649706458,False,1700,0,0
picard-collect-wgs-metrics,18182.0,1450.0,2518.5700341630068,2518.5700341630068,FAMR_2,1068.5700341630068,False,1896,0,0
picard-collect-wgs-metrics,18182.0,1500.0,2097.6424361493123,2097.6424361493123,FAMR_2,597.6424361493123,False,1936,0,0
picard-collect-wgs-metrics,18182.0,1550.0,2239.2733915161352,2239.2733915161352,FAMR_2,689.2733915161352,False,2053,0,0
picard-collect-wgs-metrics,18182.0,1540.0,2600.2108963093146,2600.2108963093146,FAMR_2,1060.2108963093146,False,1990,0,0
picard-collect-wgs-metrics,18182.0,1602.0,3654.178919030855,3654.178919030855,FAMR_2,2052.178919030855,False,1921,0,0
picard-collect-wgs-metrics,18182.0,1706.0,4298.7620410109685,4298.7620410109685,FAMR_2,2592.7620410109685,False,1841,0,0
picard-collect-wgs-metrics,18182.0,1696.0,3501.802886597938,3501.802886597938,FAMR_2,1805.8028865979381,False,1914,0,0
picard-collect-wgs-metrics,18182.0,1773.0,2197.132898696088,2197.132898696088,FAMR_2,424.132898696088,False,2003,0,0
picard-collect-wgs-metrics,18182.0,1753.0,3307.3149448345034,3307.3149448345034,FAMR_2,1554.3149448345034,False,1901,0,0
picard-collect-wgs-metrics,18182.0,1660.0,2837.3103134938665,2837.3103134938665,FAMR_2,1177.3103134938665,False,2123,0,0
picard-collect-wgs-metrics,18182.0,1708.0,2691.604807496435,2691.604807496435,FAMR_2,983.6048074964351,False,2104,0,0
picard-collect-wgs-metrics,18182.0,1622.0,1725.8819551777433,1725.8819551777433,FAMR_2,103.8819551777433,False,2002,0,0
picard-collect-wgs-metrics,18182.0,1833.0,7147.832193582324,7147.832193582324,FAMR_2,5314.832193582324,False,1866,0,0
picard-collect-wgs-metrics,18182.0,1687.0,2822.2599335127434,2822.2599335127434,FAMR_2,1135.2599335127434,False,1912,0,0
picard-collect-wgs-metrics,18182.0,1580.0,2409.2750500230877,2409.2750500230877,FAMR_2,829.2750500230877,False,1864,0,0
picard-collect-wgs-metrics,18182.0,1668.0,2072.0460732984293,2072.0460732984293,FAMR_2,404.0460732984293,False,1954,0,0
picard-collect-wgs-metrics,18182.0,1700.0,1805.3895102198226,1805.3895102198226,FAMR_2,105.38951021982257,False,1958,0,0
picard-collect-wgs-metrics,18182.0,1496.0,2374.2778864970646,2374.2778864970646,FAMR_2,878.2778864970646,False,2058,0,0
picard-collect-wgs-metrics,18182.0,1713.0,3791.773209549072,3791.773209549072,FAMR_2,2078.773209549072,False,1909,0,0
picard-collect-wgs-metrics,18182.0,1620.0,2353.620765508139,2353.620765508139,FAMR_2,733.6207655081389,False,2039,0,0
picard-collect-wgs-metrics,18182.0,1681.0,13627.970387243733,13627.970387243733,FAMR_2,11946.970387243733,False,1876,0,0
picard-collect-wgs-metrics,18182.0,1598.0,3124.410104598381,3124.410104598381,FAMR_2,1526.4101045983812,False,1855,0,0
picard-collect-wgs-metrics,18182.0,1885.0,3945.7336956521744,3945.7336956521744,FAMR_2,2060.7336956521744,False,1899,0,0
picard-collect-wgs-metrics,18182.0,1762.0,2499.51138952164,2499.51138952164,FAMR_2,737.51138952164,False,1913,0,0
picard-collect-wgs-metrics,18182.0,1624.0,4538.682365533851,4538.682365533851,FAMR_2,2914.682365533851,False,1883,0,0
picard-collect-wgs-metrics,18182.0,1762.0,3154.4054325955735,3154.4054325955735,FAMR_2,1392.4054325955735,False,1906,0,0
picard-collect-wgs-metrics,18182.0,1697.0,4411.671339563863,4411.671339563863,FAMR_2,2714.6713395638626,False,1875,0,0
picard-collect-wgs-metrics,18182.0,1872.0,3003.8088367899004,3003.8088367899004,FAMR_2,1131.8088367899004,False,1871,0,0
picard-collect-wgs-metrics,18182.0,1722.0,2621.289256198347,2621.289256198347,FAMR_2,899.2892561983472,False,2034,0,0
picard-collect-wgs-metrics,18182.0,1515.0,4546.741379310344,4546.741379310344,FAMR_2,3031.741379310344,False,1880,0,0
